invoice_id,siren,vendor_name,iban,amount,currency,invoice_date,posting_date,po_number,user_id,cost_center,gl_account,is_fraud,fraud_type
INV00001879,562328588,Meunier SA,FR8621752500743292712966667,2013.92,EUR,2024-08-01,2024-08-01,PO178589,U028,CC860,6065,False,none
INV00001417,064317139,Auger Maillot SA SA,FR4860917798270808697829221,135.72,EUR,2025-09-19,2025-09-22,,U021,CC671,6061,False,none
INV00002968,100225579,Menard Brunel S.A. SARL,FR8520715116966672521452647,1346.18,EUR,2024-10-09,2024-10-14,PO979051,U004,CC866,6065,False,none
INV00001020,346578713,Hubert SCI,FR0310033092327193745299124,991.12,EUR,2025-08-12,2025-08-18,PO237566,U026,CC858,6132,False,none
INV00004724,462265676,Rodrigues SARL,FR2408115562606029084668455,132.57,EUR,2025-08-31,2025-09-05,PO684493,U029,CC209,6132,False,none
INV00000279,215064890,Dubois SASU,FR5318481973741897215406417,550.59,EUR,2025-11-13,2025-11-15,PO727847,U024,CC271,6135,False,none
INV00002170,444713247,Adam SA,FR5709178513854457702992959,6123.06,EUR,2024-05-27,2024-05-29,PO470922,U012,CC158,6181,False,none
INV00000586,902787429,Muller Laporte S.A.S. SA,FR3892753269731121965652341,259.11,EUR,2024-11-05,2024-11-11,PO959416,U025,CC593,6061,False,none
INV00002991,207501102,Gillet SCI,FR2553970548739610290871827,528.38,EUR,2024-12-07,2024-12-11,PO608117,U029,CC813,6063,False,none
INV00002201,102499471,Baron et Fils SAS,FR0223253672946671168457759,1657.22,EUR,2024-04-19,2024-04-21,PO807181,U006,CC536,6132,False,none
INV00001448,910430068,Collin SARL SARL,FR3438318491966553307704611,1079.96,EUR,2024-08-07,2024-08-12,PO572665,U024,CC652,6065,False,none
INV00001658,184498926,Noël SA,FR3275957498855829849330674,817.96,EUR,2024-08-30,2024-09-02,PO391158,U000,CC537,6135,False,none
INV00001261,018451462,Godard S.A.R.L. SASU,FR2956981693406088356159514,4940.6,EUR,2025-01-03,2025-01-08,,U029,CC522,6061,False,none
INV00004304,086353654,Rémy SAS,FR9096443098591679541072728,788.29,EUR,2025-07-01,2025-07-06,PO973888,U029,CC764,6061,False,none
INV00002420,404157473,Mace S.A.R.L. SAS,FR9500159416516231981898471,6567.27,EUR,2024-08-01,2024-08-01,PO598908,U019,CC420,6061,False,none
INV00001717,038567700,Rémy SAS,FR1374223196463004023693626,1138.73,EUR,2024-05-27,2024-05-27,,U019,CC172,6063,False,none
INV00002770,671902294,Alves et Fils SARL,FR0589113529096561014388899,4379.95,EUR,2024-03-11,2024-03-11,PO527191,U012,CC112,6068,False,none
INV00003641,895798687,Bigot SASU,FR0482911467866912517785289,5780.22,EUR,2024-09-10,2024-09-12,PO894981,U015,CC359,6061,False,none
INV00004815,171339596,Lévêque SA,FR4414754102252677119642152,6236.12,EUR,2024-08-09,2024-08-09,PO823103,U017,CC341,6065,False,none
INV00005126,526965827,Lebreton S.A. SA,FR0284964985601256253135525,70613.62,EUR,2025-07-26,2025-08-01,PO319952,U006,CC795,6061,True,amount_outlier
INV00003333,182688615,Briand Traore SARL SASU,FR0346040142473107201137984,375.85,EUR,2024-06-16,2024-06-23,PO146977,U008,CC568,6063,False,none
INV00004099,759579472,Allain Robin et Fils SARL,FR9137326530601198756178688,2067.33,EUR,2024-06-02,2024-06-08,PO504375,U017,CC116,6181,False,none
INV00003914,308488725,Brun Rousseau S.A.R.L. SASU,FR1123959473721329016204787,1301.21,EUR,2024-10-04,2024-10-06,PO538924,U008,CC258,6135,False,none
INV00004393,200342442,Leblanc EURL,FR3552597107563353574859532,670.44,EUR,2024-04-20,2024-04-27,PO568725,U007,CC954,6065,False,none
INV00002380,693801184,Delannoy EURL,FR2388995729893762974549303,491.51,EUR,2025-05-09,2025-05-16,PO894323,U012,CC243,6228,False,none
INV00005036,906120347,Perrin S.A.S.U,FR7123859514346823948400273,2957.94,EUR,2024-10-30,2024-11-05,PO244251,U011,CC383,6065,True,duplicate_fuzzy
INV00001351,225358414,Leconte Bertrand SA SA,FR1454364597010822078113799,415.63,EUR,2025-02-26,2025-03-03,PO968487,U014,CC586,6135,False,none
INV00002997,906120347,Perrin SASU,FR7123859514346823948400273,624.94,EUR,2024-10-18,2024-10-20,PO526267,U017,CC359,6135,False,none
INV00002629,057202590,Gros SA,FR3823945354614707986321061,1858.38,EUR,2024-04-27,2024-05-04,PO692059,U006,CC276,6132,False,none
INV00004554,086353654,Rémy SAS,FR9096443098591679541072728,2078.93,EUR,2025-03-22,2025-03-27,PO510305,U023,CC243,6061,False,none
INV00001128,239431290,Diaz SAS,FR7139527536749785249141686,4072.15,EUR,2024-10-05,2024-10-11,PO469124,U024,CC322,6181,False,none
INV00002233,532931839,Cousin SARL,FR4322698485833394522885158,1935.92,EUR,2024-02-21,2024-02-21,PO365959,U013,CC579,6228,False,none
INV00001840,888067065,Munoz SASU,FR6850461735743842150317807,1604.95,EUR,2024-05-16,2024-05-23,PO789625,U017,CC346,6063,False,none
INV00004796,508821009,Guillot Joseph S.A.S. SCI,FR5271690618120546475489547,10121.85,EUR,2025-06-30,2025-07-03,PO848050,U018,CC756,6063,False,none
INV00003902,231491357,Jacquet SA,FR0433399948532089532638902,275.8,EUR,2024-12-11,2024-12-17,PO908920,U025,CC803,6228,False,none
INV00000803,235116155,Guillon SA,FR5453287101226916697848018,14526.67,EUR,2024-11-11,2024-11-16,PO632216,U009,CC374,6132,False,none
INV00004503,339845461,Pascal SAS,FR2652924075536668459090225,60.99,EUR,2024-10-11,2024-10-13,,U014,CC765,6135,False,none
INV00002259,060715969,Huet SCI,FR8166322702672885744890612,941.63,EUR,2024-05-21,2024-05-28,,U005,CC110,6135,False,none
INV00004534,886101581,Thomas Richard S.A.S. SASU,FR5457666567491601692364587,1526.06,EUR,2024-08-08,2024-08-14,PO490304,U022,CC194,6061,False,none
INV00002164,327648350,Vallée SCI,FR8736026064746872343098050,485.85,EUR,2025-05-01,2025-05-02,PO986384,U026,CC666,6068,False,none
INV00000346,567982507,Delahaye EURL,FR7667146283143598926256609,6998.33,EUR,2024-08-21,2024-08-27,,U012,CC361,6132,False,none
INV00000393,833016571,Joubert S.A. SCI,FR8676064413432756041776561,2431.38,EUR,2024-09-20,2024-09-21,PO855299,U018,CC932,6132,False,none
INV00000472,182688615,Briand Traore SARL SASU,FR0346040142473107201137984,114.47,EUR,2025-09-30,2025-10-03,PO635118,U009,CC146,6065,False,none
INV00004567,977008860,Bigot SCI,FR5865754602734151488814311,882.85,EUR,2024-02-24,2024-02-25,PO369601,U008,CC252,6181,False,none
INV00003384,182688615,Briand Traore SARL SASU,FR0346040142473107201137984,389.62,EUR,2024-02-05,2024-02-11,PO263122,U002,CC359,6061,False,none
INV00001305,666676008,Langlois S.A.R.L. SASU,FR7942585917793238223116491,848.13,EUR,2024-05-05,2024-05-08,PO242056,U014,CC881,6068,False,none
INV00002346,379237474,Richard SCI,FR8299861622999119148564679,925.44,EUR,2025-12-08,2025-12-11,,U007,CC600,6061,False,none
INV00001433,086353654,Rémy SAS,FR9096443098591679541072728,871.99,EUR,2025-04-09,2025-04-09,PO387552,U029,CC100,6132,False,none
INV00001788,522395590,Robert Allain S.A.S. EURL,FR8676572894134750988986456,2473.07,EUR,2025-03-10,2025-03-14,PO406045,U020,CC233,6132,False,none
INV00002191,232719374,Jacob SASU,FR1774549904530174268414593,1520.82,EUR,2024-01-22,2024-01-23,PO124661,U024,CC457,6228,False,none
INV00004137,200342442,Leblanc EURL,FR3552597107563353574859532,69751.57,EUR,2024-08-03,2024-08-06,PO166582,U000,CC633,6061,False,none
INV00003784,792524191,Blanchard SARL,FR0476502412095790737100943,825.82,EUR,2024-07-25,2024-07-29,PO592789,U008,CC949,6063,False,none
INV00000505,826137506,Dijoux SA EURL,FR6670388608680347644726490,683.25,EUR,2025-05-16,2025-05-18,PO423668,U019,CC451,6132,False,none
INV00001129,977236929,Moreau EURL,FR7191767993593744039464083,8451.91,EUR,2024-04-19,2024-04-23,PO480816,U020,CC208,6135,False,none
INV00004487,973103241,Maillet SCI,FR8752958066013824127049386,1703.75,EUR,2024-10-05,2024-10-11,PO709307,U006,CC694,6063,False,none
INV00005057,669849027,Martins S.A.R.L. SARL,FR9481187233351040961497315,4994.63,EUR,2024-06-15,2024-06-22,PO383542,U014,CC102,6132,True,under_threshold
INV00003915,792524191,Blanchard SARL,FR0476502412095790737100943,60.02,EUR,2024-01-17,2024-01-24,PO240777,U000,CC442,6135,False,none
INV00002464,142939685,Labbé SARL EURL,FR9575230837081647090063353,998.17,EUR,2025-03-04,2025-03-06,PO928027,U029,CC467,6068,False,none
INV00003358,020539502,Diallo Pages S.A. SARL,FR2272122816064842294057202,1681.7,EUR,2025-12-17,2025-12-19,PO488794,U014,CC795,6181,False,none
INV00003070,398225871,Da Silva SASU,FR8067899730806958146717957,347.46,EUR,2025-01-13,2025-01-19,PO318829,U004,CC590,6132,False,none
INV00000810,479851583,Ruiz SA SASU,FR5425376576927789431910090,43.58,EUR,2025-11-13,2025-11-16,,U000,CC547,6061,False,none
INV00001670,547812914,Poulain EURL,FR3972239898306503121980418,124.11,EUR,2025-06-17,2025-06-19,PO340897,U023,CC817,6063,False,none
INV00004994,567982507,Delahaye EURL,FR7667146283143598926256609,7582.87,EUR,2025-09-06,2025-09-11,PO199110,U004,CC703,6065,False,none
INV00000065,445187053,Potier EURL,FR9459234268344149782661287,5983.98,EUR,2024-05-25,2024-05-27,PO957915,U007,CC304,6135,False,none
INV00004407,477752047,Mallet SASU,FR7165193982807374167243426,1662.77,EUR,2025-01-01,2025-01-05,PO816601,U008,CC522,6135,False,none
INV00003407,892268018,Meunier Riou SARL SAS,FR3076329092791456083318195,1363.49,EUR,2024-08-02,2024-08-06,PO428059,U010,CC567,6181,False,none
INV00004561,953428364,Hamel Ollivier S.A.S. SASU,FR4618204339718956907056260,3660.93,EUR,2024-06-29,2024-07-06,PO627785,U027,CC638,6065,False,none
INV00000471,104332181,Laurent et Fils SCI,FR1533218196001338908386379,487.72,EUR,2025-03-18,2025-03-18,PO605608,U008,CC712,6132,False,none
INV00002080,931746120,Fournier Charpentier SARL SA,FR2156110022557941552166746,1470.43,EUR,2025-09-16,2025-09-17,,U023,CC906,6061,False,none
INV00002620,527177449,De Oliveira SCI,FR1475705120461872346013673,1536.74,EUR,2025-01-19,2025-01-24,,U018,CC433,6068,False,none
INV00000952,728326842,Chevallier Lenoir et Fils SARL,FR3381228217819236534606056,6180.17,EUR,2025-11-14,2025-11-20,PO695908,U024,CC631,6132,False,none
INV00001652,774348734,Perrot Paul SARL SCI,FR4914384249818299229959001,546.12,EUR,2024-05-29,2024-06-04,PO314915,U014,CC522,6063,False,none
INV00003557,880592962,Lemonnier SASU,FR0614770538338848792069804,134.31,EUR,2024-07-15,2024-07-19,PO145287,U018,CC410,6228,False,none
INV00000705,356588043,Marion SAS,FR9698795098221040164818804,540.11,EUR,2025-06-14,2025-06-19,PO597233,U024,CC306,6065,False,none
INV00004960,788191485,Royer S.A. SASU,FR9390018513279724572308481,222.95,EUR,2024-01-17,2024-01-18,PO198447,U020,CC267,6063,False,none
INV00003365,143866322,Cousin SA SAS,FR2584993231234266980690872,265.07,EUR,2025-05-03,2025-05-06,PO588354,U013,CC670,6228,False,none
INV00003527,977008860,Bigot SCI,FR5865754602734151488814311,911.75,EUR,2024-09-26,2024-10-02,PO822513,U026,CC167,6181,False,none
INV00000438,555439878,Chauvin et Fils SAS,FR8000767620901447340433700,277.97,EUR,2024-11-03,2024-11-08,PO893310,U020,CC227,6228,False,none
INV00003017,865890260,Royer et Fils SAS,FR3684148460191344389982780,247.61,EUR,2024-01-22,2024-01-22,PO557892,U009,CC220,6135,False,none
INV00002093,562328588,Meunier SA,FR8621752500743292712966667,1136.73,EUR,2025-03-29,2025-04-03,PO677347,U002,CC847,6135,False,none
INV00004675,182037788,Renaud SA SCI,FR5531096789940539103717058,1151.05,EUR,2024-06-26,2024-07-03,PO387366,U005,CC600,6135,False,none
INV00001844,341232812,Maillet Munoz SARL SCI,FR0591251341252866929662782,220.29,EUR,2025-07-19,2025-07-22,PO279508,U003,CC850,6181,False,none
INV00001173,223253672,Imbert SA,FR2304120092820667849843624,1081.66,EUR,2025-01-17,2025-01-19,PO301225,U024,CC505,6065,False,none
INV00004456,786103579,Delattre SARL SA,FR1881980770460568761124912,74.65,EUR,2024-08-01,2024-08-02,PO313741,U002,CC228,6132,False,none
INV00000240,800030756,Marchal SCI,FR8005458971480263257039653,3998.54,EUR,2025-12-09,2025-12-10,PO911152,U006,CC241,6135,False,none
INV00002209,165726284,Gaudin Charpentier S.A. EURL,FR6595995342836440892687056,1414.34,EUR,2024-10-15,2024-10-22,PO329141,U018,CC785,6132,False,none
INV00001779,527858549,Roussel EURL,FR3635785294563718344049639,559.77,EUR,2024-10-13,2024-10-14,PO834120,U001,CC512,6228,False,none
INV00000023,184498926,Noël SA,FR3275957498855829849330674,110.84,EUR,2025-11-09,2025-11-09,PO328367,U003,CC341,6181,False,none
INV00002972,686879374,Ribeiro SARL,FR9738166496902824983922501,7260.44,EUR,2025-08-17,2025-08-24,,U013,CC562,6061,False,none
INV00000033,737530011,Martineau Paris SA SASU,FR5433337320430977688936289,1106.58,EUR,2025-06-05,2025-06-08,PO166418,U021,CC651,6181,False,none
INV00001983,799702462,Weber S.A.S. EURL,FR5915466024161394498830597,1881.44,EUR,2024-04-05,2024-04-05,PO163730,U025,CC967,6063,False,none
INV00004394,513338726,Lebreton SCI,FR1549649909133412328120679,971.43,EUR,2024-07-05,2024-07-07,PO361001,U025,CC189,6065,False,none
INV00002905,982708086,Guyon S.A.S. SCI,FR7246376604655866525483744,83.41,EUR,2024-02-29,2024-03-02,PO994164,U020,CC456,6061,False,none
INV00002894,495621372,Martins SA,FR1814244260781975437347642,787.5,EUR,2025-10-27,2025-10-29,PO337784,U007,CC279,6132,False,none
INV00002922,357332214,Berger Guérin SARL SAS,FR0665911665535590425979270,395.33,EUR,2025-10-30,2025-11-02,,U029,CC469,6132,False,none
INV00001413,330307053,Tessier SAS,FR8232735241039773973278195,234.19,EUR,2025-04-12,2025-04-14,PO171192,U004,CC255,6063,False,none
INV00001541,564139537,Parent S.A. SARL,FR0619399091699854353462475,171.61,EUR,2024-12-10,2024-12-13,PO365205,U015,CC508,6228,False,none
INV00004252,202970213,Bonnet SCI,FR5879290490471281442944401,5392.56,EUR,2025-01-08,2025-01-08,PO742878,U018,CC490,6228,False,none
INV00002227,971870728,Guillou Vasseur S.A.S. SAS,FR9159724665729341722329716,31.77,EUR,2024-03-10,2024-03-14,,U008,CC292,6061,False,none
INV00001675,375899757,Blanchard SARL,FR2718749603358268627036924,495.36,EUR,2024-05-18,2024-05-21,PO193724,U016,CC251,6228,False,none
INV00004011,215064890,Dubois SASU,FR5318481973741897215406417,261.08,EUR,2025-06-29,2025-07-02,PO583616,U001,CC129,6228,False,none
INV00000079,019380262,Blanc Pinto S.A. SCI,FR0220696942152910867713334,1762.29,EUR,2025-09-02,2025-09-05,PO547180,U009,CC719,6135,False,none
INV00004515,691373678,Pereira S.A.R.L. SA,FR9831942268653694551588863,715.42,EUR,2024-02-18,2024-02-18,PO954689,U015,CC975,6061,False,none
INV00000833,699013983,Robert Pierre et Fils SA,FR1614987283999219212493843,2868.18,EUR,2024-12-17,2024-12-22,PO688922,U002,CC494,6132,False,none
INV00000254,102499471,Baron et Fils SAS,FR0223253672946671168457759,1130.95,EUR,2025-04-16,2025-04-21,PO562305,U008,CC478,6065,False,none
INV00004668,814141397,Philippe EURL,FR3406791766512215001418842,827.3,EUR,2025-05-27,2025-05-27,PO940190,U001,CC536,6061,False,none
INV00004878,547812914,Poulain EURL,FR3972239898306503121980418,2638.46,EUR,2024-12-13,2024-12-19,PO501674,U013,CC833,6061,False,none
INV00001335,524310690,Benoit EURL,FR8615869886497677622827728,1013.25,EUR,2024-08-12,2024-08-15,PO742366,U008,CC453,6228,False,none
INV00000290,005162713,De Oliveira Grenier S.A.S. EURL,FR0629635339055044817766558,2270.73,EUR,2024-03-12,2024-03-17,,U004,CC966,6132,False,none
INV00000677,639208678,Dias S.A. SA,FR2098036577449160936595201,1436.1,EUR,2025-09-13,2025-09-13,PO497509,U005,CC482,6063,False,none
INV00000227,724004991,Lejeune Rodrigues SA EURL,FR6043973597107256366941180,1490.36,EUR,2024-11-01,2024-11-03,PO330533,U028,CC402,6065,False,none
INV00003960,218501631,Vasseur SA SCI,FR3822068155839386613315520,1071.36,EUR,2025-02-28,2025-03-02,PO173980,U022,CC266,6132,False,none
INV00000681,852772217,Leclerc S.A.S. SA,FR9185424932149587020701601,1714.1,EUR,2025-01-17,2025-01-21,PO105404,U011,CC839,6065,False,none
INV00000828,518023806,Vincent S.A.R.L. SASU,FR0506500425488214236914307,3208.32,EUR,2024-12-16,2024-12-19,PO492125,U028,CC747,6063,False,none
INV00001210,130756263,Lucas SASU,FR3367197889778280647969545,2047.21,EUR,2025-05-15,2025-05-20,PO977170,U002,CC544,6132,False,none
INV00001643,688937346,Seguin Buisson S.A. EURL,FR8795269495888794705516940,1456.88,EUR,2024-02-16,2024-02-20,PO647386,U008,CC806,6063,False,none
INV00001454,646519398,Chevallier Briand SARL SA,FR8552899316087524377294209,506.62,EUR,2025-07-13,2025-07-18,PO821211,U024,CC208,6068,False,none
INV00002787,562328588,Meunier SA,FR8621752500743292712966667,444.97,EUR,2024-10-15,2024-10-17,PO524539,U009,CC365,6061,False,none
INV00000734,717565512,Collet SCI,FR8703761379180552696582710,2971.14,EUR,2025-07-29,2025-08-02,PO745604,U010,CC221,6135,False,none
INV00002992,261891411,Lecoq SCI,FR4223885652715598354116597,2632.26,EUR,2024-03-13,2024-03-19,PO634853,U011,CC602,6181,False,none
INV00000642,999347687,Poirier SARL,FR4172322903102879508304405,1019.42,EUR,2025-05-26,2025-05-27,PO957939,U020,CC491,6132,False,none
INV00002921,312038750,Auger SAS,FR4474969033373634669254812,263.93,EUR,2024-08-14,2024-08-16,PO661977,U007,CC686,6061,False,none
INV00001630,199410137,Pages SCI,FR5820377107044964104967066,1033.21,EUR,2025-03-29,2025-03-30,PO300450,U023,CC359,6065,False,none
INV00001268,616928451,Lemaître S.A.S. SCI,FR6208514036965666683272386,3054.26,EUR,2025-08-30,2025-09-01,PO438438,U000,CC214,6068,False,none
INV00001978,199867980,Lopez SARL SCI,FR9828127358573065240778487,526.47,EUR,2024-07-31,2024-08-02,PO986581,U028,CC178,6063,False,none
INV00000485,688937346,Seguin Buisson S.A. EURL,FR8795269495888794705516940,317.8,EUR,2025-09-17,2025-09-21,PO618008,U005,CC665,6068,False,none
INV00001293,447962757,Descamps SA,FR0821267969278687653269097,2019.44,EUR,2025-02-15,2025-02-22,PO649314,U008,CC120,6061,False,none
INV00002224,142626551,Dijoux SARL,FR3427017130232129833816742,979.8,EUR,2025-05-21,2025-05-27,PO666516,U026,CC128,6061,False,none
INV00002749,477752047,Mallet SASU,FR7165193982807374167243426,496.59,EUR,2025-03-25,2025-03-25,PO729795,U028,CC581,6061,False,none
INV00005008,244935348,Berger SASU,FR5993183933529042284210205,3501.18,EUR,2024-07-12,2024-07-15,PO452560,U011,CC441,6228,True,duplicate_exact
INV00000926,025634216,Masson EURL,FR1097840369003432445107622,396.85,EUR,2024-01-24,2024-01-28,PO159399,U017,CC814,6063,False,none
INV00001103,656272980,Bazin Berger SA SARL,FR4113075626368970283857865,62.51,EUR,2024-01-24,2024-01-26,PO657540,U024,CC492,6063,False,none
INV00004201,814141397,Philippe EURL,FR3406791766512215001418842,3758.9,EUR,2025-08-07,2025-08-09,PO904514,U022,CC407,6065,False,none
INV00003752,599293784,Hervé SARL SCI,FR4773244913421388209088307,1036.62,EUR,2025-07-18,2025-07-25,PO356913,U020,CC522,6135,False,none
INV00002131,821486289,Normand Perrin S.A.R.L. SARL,FR8766630932998199605932971,1748.02,EUR,2024-09-26,2024-10-01,PO478003,U007,CC547,6135,False,none
INV00002521,432225913,Ruiz Rémy SA SASU,FR8391090326714949819421794,1198.65,EUR,2024-12-25,2024-12-27,PO322173,U022,CC866,6063,False,none
INV00005066,669849027,Martins S.A.R.L. SARL,FR9481187233351040961497315,990.68,EUR,2024-06-15,2024-06-22,PO383542,U014,CC102,6132,True,under_threshold
INV00000805,327648350,Vallée SCI,FR8736026064746872343098050,131.96,EUR,2024-07-20,2024-07-20,PO492592,U026,CC936,6135,False,none
INV00004412,511686854,Colin SA,FR1068171516025298670766046,1484.2,EUR,2025-04-26,2025-04-29,PO155506,U000,CC691,6132,False,none
INV00000501,447962757,Descamps SA,FR0821267969278687653269097,329.03,EUR,2025-12-04,2025-12-04,PO444136,U018,CC297,6063,False,none
INV00003862,103712938,Lévêque Humbert S.A.R.L. SARL,FR2082659608931992550272751,2037.09,EUR,2024-02-23,2024-02-23,PO728236,U015,CC267,6063,False,none
INV00000538,363745458,Charrier Blondel et Fils EURL,FR7985725459606339912971024,2537.06,EUR,2024-05-11,2024-05-11,PO790852,U026,CC463,6135,False,none
INV00000877,758181412,Gonzalez SARL,FR3767722330604633312797573,596.02,EUR,2025-03-11,2025-03-14,,U016,CC818,6135,False,none
INV00001620,982708086,Guyon S.A.S. SCI,FR7246376604655866525483744,513.72,EUR,2025-08-21,2025-08-25,PO789857,U009,CC202,6181,False,none
INV00002373,299468044,Vincent SCI,FR6185361530515220472779010,636.04,EUR,2024-09-19,2024-09-24,PO664617,U024,CC121,6228,False,none
INV00004771,103865719,Albert SA,FR9896094097052774025883586,112.84,EUR,2024-11-13,2024-11-17,PO532925,U029,CC653,6065,False,none
INV00001391,795687833,Fischer SAS,FR7559779452321941680061027,9990.43,EUR,2024-03-12,2024-03-18,PO267584,U015,CC781,6061,False,none
INV00003958,130756263,Lucas SASU,FR3367197889778280647969545,3166.3,EUR,2025-11-29,2025-12-05,PO459944,U012,CC723,6061,False,none
INV00000776,643815614,Baron EURL,FR2693769042681818451848947,24180.46,EUR,2025-06-01,2025-06-01,PO775143,U001,CC858,6068,False,none
INV00004765,927065379,Mercier S.A.R.L. SAS,FR1845104636815798123878003,1829.26,EUR,2024-02-18,2024-02-24,PO511180,U012,CC722,6132,False,none
INV00000931,434558122,Guillet SARL,FR8764710276773592555625881,730.11,EUR,2024-11-07,2024-11-07,PO336186,U020,CC458,6181,False,none
INV00003257,434558122,Guillet SARL,FR8764710276773592555625881,1717.17,EUR,2024-10-14,2024-10-16,PO106731,U016,CC480,6063,False,none
INV00003739,438057198,Jacob S.A. SCI,FR9751877941763425073305597,619.68,EUR,2024-01-18,2024-01-23,PO231381,U003,CC834,6063,False,none
INV00004963,349361832,Henry SCI,FR7934074517133959629233095,2137.17,EUR,2025-03-29,2025-04-04,PO442222,U018,CC627,6132,False,none
INV00000084,241724825,Adam SASU,FR3302166670808509608587495,16542.59,EUR,2025-05-09,2025-05-13,PO297062,U003,CC234,6065,False,none
INV00005095,000000000,Gautier SCI,FR7012847818913718949058077,2535.52,EUR,2025-01-22,2025-01-29,,U016,CC892,6065,True,shell_company
INV00000465,748217594,Morel SARL,FR6653074505444713247546913,4052.27,EUR,2024-10-07,2024-10-10,PO714496,U007,CC604,6181,False,none
INV00001149,482814893,Chauvet Colas SARL SARL,FR4380443699577738721489513,132.75,EUR,2024-10-21,2024-10-24,PO690913,U011,CC830,6132,False,none
INV00000746,133613861,Guillaume SARL,FR3069979907075504768169957,4540.5,EUR,2024-05-24,2024-05-26,PO251141,U026,CC973,6181,False,none
INV00000764,569961125,Sanchez SCI,FR3984449029502648016440373,4632.65,EUR,2025-04-09,2025-04-14,PO877468,U016,CC203,6065,False,none
INV00002890,244935348,Berger SASU,FR5993183933529042284210205,54.51,EUR,2025-10-28,2025-11-02,PO895221,U015,CC618,6068,False,none
INV00000106,474687234,Vincent EURL,FR3185977034824771093248086,1322.88,EUR,2025-10-25,2025-10-30,,U027,CC133,6132,False,none
INV00001736,809402445,Ollivier Bonneau S.A.S. SCI,FR6188117298068650863765991,528.1,EUR,2025-11-08,2025-11-14,PO700535,U025,CC484,6132,False,none
INV00001456,606530745,Cordier S.A. SASU,FR0462447951330531949796958,13187.58,EUR,2024-09-12,2024-09-13,PO175714,U022,CC413,6068,False,none
INV00003614,866618892,Payet SCI,FR0660880501716445561857906,4201.2,EUR,2024-04-16,2024-04-23,PO525827,U024,CC828,6132,False,none
INV00005128,737530011,Martineau Paris SA SASU,FR5433337320430977688936289,28632.16,EUR,2025-06-05,2025-06-08,PO166418,U021,CC651,6181,True,amount_outlier
INV00004795,648408588,Gimenez SARL,FR4629236161880819048235715,193.68,EUR,2024-12-07,2024-12-11,,U019,CC343,6061,False,none
INV00003589,317127484,Bonnin SARL,FR6871918261990623445655743,191.38,EUR,2025-10-25,2025-11-01,PO818038,U002,CC253,6061,False,none
INV00002440,996846081,Bailly Dias SARL EURL,FR2337976627051157942387367,133.31,EUR,2025-03-15,2025-03-16,PO614531,U009,CC734,6065,False,none
INV00003097,974801624,François EURL,FR9661064628792326487049478,855.81,EUR,2024-03-04,2024-03-04,PO771209,U021,CC359,6132,False,none
INV00000008,229014767,Mendès SARL,FR4002770384309883920530214,1228.91,EUR,2024-04-12,2024-04-14,PO591989,U017,CC108,6228,False,none
INV00001263,825128682,Diallo SARL,FR2041085628843188485200894,2424.43,EUR,2024-01-13,2024-01-13,PO833064,U020,CC369,6065,False,none
INV00000422,765991624,Cousin SAS,FR7310424624561851744600452,255.04,EUR,2025-10-29,2025-11-05,PO622600,U023,CC991,6063,False,none
INV00000787,278681447,Fontaine Laurent S.A.S. SCI,FR5109391119269212447174654,639.49,EUR,2025-03-17,2025-03-23,PO661519,U022,CC902,6065,False,none
INV00003471,933472122,Hamon SASU,FR8116517680866281372143308,1386.15,EUR,2024-06-04,2024-06-11,PO186178,U021,CC900,6063,False,none
INV00002295,187026217,Hoareau Le Gall et Fils EURL,FR7442209690295939172513552,1627.75,EUR,2024-06-11,2024-06-13,PO929530,U005,CC305,6068,False,none
INV00002865,551884422,Buisson et Fils SCI,FR0377661830671985546015851,325.74,EUR,2025-11-27,2025-11-28,PO731796,U001,CC671,6132,False,none
INV00004566,779082723,Perret SA,FR6634392529596111102867120,1970.28,EUR,2025-06-07,2025-06-07,PO425714,U017,CC537,6181,False,none
INV00001739,261891411,Lecoq SCI,FR4223885652715598354116597,181.0,EUR,2025-06-14,2025-06-18,PO930785,U027,CC299,6065,False,none
INV00003988,842579913,Durand SASU,FR6349079388413685283061537,2153.7,EUR,2024-09-30,2024-09-30,,U028,CC708,6063,False,none
INV00000157,555439878,Chauvin et Fils SAS,FR8000767620901447340433700,615.75,EUR,2025-03-04,2025-03-10,PO802615,U004,CC237,6061,False,none
INV00003977,934835642,Durand SAS,FR3839488488269131196425856,688.34,EUR,2025-07-16,2025-07-17,PO428555,U003,CC994,6063,False,none
INV00001543,254629148,Rey Boucher SARL SCI,FR8996931572791940961055661,2055.41,EUR,2025-06-06,2025-06-11,,U014,CC495,6181,False,none
INV00001773,010393087,Hebert S.A.R.L. EURL,FR5941241513152854781506185,2809.42,EUR,2025-03-21,2025-03-23,PO178830,U000,CC953,6065,False,none
INV00004019,368872588,Grenier SA EURL,FR5815372215566847323653377,1091.63,EUR,2025-06-13,2025-06-17,PO273112,U024,CC869,6068,False,none
INV00000179,369155942,Paul et Fils SCI,FR9212600308356691062715312,43.73,EUR,2025-03-06,2025-03-12,PO783740,U027,CC379,6135,False,none
INV00001745,479851583,Ruiz SA SASU,FR5425376576927789431910090,207.04,EUR,2024-02-15,2024-02-19,PO461426,U013,CC779,6063,False,none
INV00000410,527047743,Aubry EURL,FR3775955872096289365435884,510.45,EUR,2025-02-21,2025-02-24,PO559392,U007,CC619,6068,False,none
INV00000167,509839301,Moreno SA SARL,FR7886518506716572628498776,2610.24,EUR,2024-03-11,2024-03-15,PO691088,U008,CC162,6228,False,none
INV00002686,848947697,Benard Bouvier S.A.R.L. SARL,FR6918444218299874781224890,25273.56,EUR,2025-11-14,2025-11-21,PO109389,U005,CC664,6132,False,none
INV00000653,059304078,Texier SAS,FR2176392836929445511668297,451.89,EUR,2024-03-20,2024-03-27,PO614266,U022,CC420,6135,False,none
INV00001361,207501102,Gillet SCI,FR2553970548739610290871827,242.15,EUR,2024-07-26,2024-07-30,PO393859,U016,CC124,6228,False,none
INV00004831,807374167,Auger Lacroix et Fils SCI,FR8530276420865675661844386,5223.29,EUR,2025-07-04,2025-07-11,PO478285,U022,CC614,6228,False,none
INV00004980,527047743,Aubry EURL,FR3775955872096289365435884,459.71,EUR,2024-10-07,2024-10-13,PO640612,U006,CC245,6068,False,none
INV00000711,970283857,Gillet SASU,FR4365565033349114152085076,81.9,EUR,2025-03-16,2025-03-20,PO103775,U005,CC685,6068,False,none
INV00002534,187851910,Dufour Garcia S.A. SASU,FR2703037236831472760122777,1263.52,EUR,2025-02-02,2025-02-07,PO543391,U024,CC573,6228,False,none
INV00003885,522675289,Alexandre SA,FR7004735047639283199529800,9021.79,EUR,2025-02-11,2025-02-15,,U012,CC910,6061,False,none
INV00002015,688680589,Diallo SASU,FR7917647501111783099974192,744.29,EUR,2025-03-03,2025-03-06,PO685136,U017,CC632,6063,False,none
INV00001718,949299556,Vasseur Guyot SA SA,FR9534699673311677269608437,102.01,EUR,2025-01-23,2025-01-27,PO406439,U007,CC336,6181,False,none
INV00001292,942788165,Hamel SAS,FR4686287203195419666450573,1088.19,EUR,2024-12-05,2024-12-09,PO337649,U011,CC762,6063,False,none
INV00001158,493759738,Faivre S.A. SASU,FR8443985298940626078701041,3035.33,EUR,2024-07-30,2024-07-31,PO660730,U027,CC859,6063,False,none
INV00000029,428699041,Mace Arnaud S.A.R.L. SAS,FR1205595501783325848689993,262.24,EUR,2024-10-29,2024-10-29,PO558752,U017,CC401,6228,False,none
INV00003346,977236929,Moreau EURL,FR7191767993593744039464083,2406.11,EUR,2024-02-15,2024-02-16,PO837157,U017,CC701,6065,False,none
INV00004739,368872588,Grenier SA EURL,FR5815372215566847323653377,1695.41,EUR,2024-04-16,2024-04-23,PO624524,U007,CC426,6065,False,none
INV00000763,347955276,Ledoux SA,FR7929384401348087354378826,1318.36,EUR,2025-11-04,2025-11-10,PO429748,U024,CC500,6135,False,none
INV00003918,146303161,Barbe S.A.S. SCI,FR2997745731441583311703037,943.49,EUR,2025-04-24,2025-04-28,PO409002,U005,CC697,6068,False,none
INV00001578,527177449,De Oliveira SCI,FR1475705120461872346013673,1440.28,EUR,2024-10-23,2024-10-26,PO556481,U013,CC225,6132,False,none
INV00001912,988516560,Laroche S.A. SARL,FR6656770051844989266591846,1200.78,EUR,2025-04-16,2025-04-21,PO321181,U023,CC805,6132,False,none
INV00002348,062962015,Breton SA EURL,FR4128767548138666754858193,2421.48,EUR,2024-10-11,2024-10-13,PO139252,U016,CC585,6065,False,none
INV00004267,800030756,Marchal SCI,FR8005458971480263257039653,497.76,EUR,2024-05-08,2024-05-12,PO763762,U008,CC553,6063,False,none
INV00001700,596401658,Blin S.A.R.L. SCI,FR7012847818913718949058077,460.66,EUR,2024-04-11,2024-04-14,PO864670,U000,CC784,6063,False,none
INV00002980,434558122,Guillet SARL,FR8764710276773592555625881,49.99,EUR,2024-05-28,2024-05-29,PO149870,U027,CC419,6065,False,none
INV00004905,072290349,Lopes Raynaud et Fils SARL,FR0313577908335061581488810,179.22,EUR,2025-08-17,2025-08-19,PO170059,U001,CC694,6068,False,none
INV00004213,511686854,Colin SA,FR1068171516025298670766046,3403.54,EUR,2025-06-22,2025-06-29,PO314687,U006,CC170,6228,False,none
INV00003393,278681447,Fontaine Laurent S.A.S. SCI,FR5109391119269212447174654,4044.62,EUR,2024-11-14,2024-11-17,PO652838,U024,CC650,6135,False,none
INV00003197,303911718,Besnard SA,FR0743455812236231665876036,1154.48,EUR,2025-07-31,2025-08-07,PO650004,U015,CC104,6132,False,none
INV00002291,728326842,Chevallier Lenoir et Fils SARL,FR3381228217819236534606056,1850.49,EUR,2024-09-29,2024-10-02,PO682809,U028,CC311,6181,False,none
INV00000811,060385050,Boutin S.A. SAS,FR6828723244079311029181331,360.15,EUR,2024-07-26,2024-07-28,,U022,CC656,6063,False,none
INV00003010,961586578,Rousseau S.A.R.L. SA,FR3662676586179327104054115,555.49,EUR,2025-01-04,2025-01-09,PO791641,U005,CC243,6068,False,none
INV00004086,737530011,Martineau Paris SA SASU,FR5433337320430977688936289,1275.72,EUR,2025-12-16,2025-12-19,PO553698,U016,CC451,6065,False,none
INV00000151,000257872,David et Fils SASU,FR4990714014011939325012495,350.34,EUR,2025-03-08,2025-03-15,PO814622,U028,CC424,6132,False,none
INV00003540,792499125,Gillet S.A.R.L. SA,FR9743356708604145456350200,732.05,EUR,2025-11-06,2025-11-10,PO248441,U027,CC963,6068,False,none
INV00000426,892268018,Meunier Riou SARL SAS,FR3076329092791456083318195,532.75,EUR,2025-05-24,2025-05-30,PO244697,U025,CC539,6181,False,none
INV00002228,880592962,Lemonnier SASU,FR0614770538338848792069804,1511.74,EUR,2024-05-04,2024-05-06,PO932505,U025,CC954,6135,False,none
INV00001215,200342442,Leblanc EURL,FR3552597107563353574859532,1732.46,EUR,2025-07-15,2025-07-17,PO283120,U029,CC631,6065,False,none
INV00003090,808412411,De Sousa SCI,FR4086926179640537735158506,827.02,EUR,2025-03-22,2025-03-28,PO566896,U000,CC504,6068,False,none
INV00004685,691373678,Pereira S.A.R.L. SA,FR9831942268653694551588863,1844.71,EUR,2025-04-22,2025-04-28,PO363934,U015,CC503,6061,False,none
INV00000468,711116152,Michaud SAS,FR7694278816580392827229927,1294.12,EUR,2025-12-02,2025-12-04,PO526504,U014,CC185,6068,False,none
INV00000080,004786863,Boulay et Fils SAS,FR9374907539989354492683158,437.24,EUR,2025-06-23,2025-06-25,PO817276,U025,CC307,6065,False,none
INV00000731,653287101,Le Roux S.A. SASU,FR0242786801128059826204505,3211.38,EUR,2024-12-20,2024-12-20,PO411152,U003,CC623,6181,False,none
INV00000437,249985698,Dufour Letellier S.A.R.L. SARL,FR0684245088210099688143536,636.98,EUR,2024-12-30,2025-01-03,PO629818,U003,CC849,6061,False,none
INV00001176,473647102,Jacob SARL SCI,FR8290552818325381793355486,2376.41,EUR,2025-01-29,2025-02-03,PO430664,U014,CC415,6181,False,none
INV00000530,762120216,Guillou Gérard S.A.R.L. SCI,FR6390814415298217392957867,928.58,EUR,2024-09-25,2024-09-26,,U001,CC659,6068,False,none
INV00003165,584419866,Gay EURL,FR4351364424936312303477866,252.4,EUR,2024-08-12,2024-08-17,PO894262,U023,CC206,6181,False,none
INV00000239,646471543,Chevalier Cousin SA SAS,FR4814150937710040901380698,612.98,EUR,2024-08-15,2024-08-20,PO216356,U012,CC474,6228,False,none
INV00000491,522047277,Colin Lecoq et Fils SCI,FR5564474212309407778097339,6673.09,EUR,2024-08-29,2024-08-29,PO450964,U002,CC685,6061,False,none
INV00001224,931746120,Fournier Charpentier SARL SA,FR2156110022557941552166746,88.02,EUR,2024-10-19,2024-10-21,PO186181,U023,CC197,6181,False,none
INV00002210,895798687,Bigot SASU,FR0482911467866912517785289,1100.35,EUR,2024-12-20,2024-12-20,PO897178,U018,CC556,6065,False,none
INV00003466,404157473,Mace S.A.R.L. SAS,FR9500159416516231981898471,173.05,EUR,2024-07-26,2024-07-28,PO482133,U023,CC143,6065,False,none
INV00001420,655852398,Delattre S.A.R.L. SARL,FR8812075452798524013223423,1185.73,EUR,2024-12-23,2024-12-23,PO403708,U015,CC124,6181,False,none
INV00000751,671902294,Alves et Fils SARL,FR0589113529096561014388899,1678.15,EUR,2025-05-02,2025-05-04,PO246918,U023,CC640,6132,False,none
INV00002110,799650752,Le Roux Bailly SA SAS,FR6031739363854678544587717,1392.0,EUR,2025-09-09,2025-09-11,PO194014,U013,CC799,6063,False,none
INV00004263,800439735,Breton Durand SA SA,FR5358752568065625904599080,617.85,EUR,2025-05-13,2025-05-16,PO303997,U027,CC520,6132,False,none
INV00003829,119079030,Lemaître S.A.S. SAS,FR8908215454470229604432701,5106.4,EUR,2024-02-11,2024-02-17,PO968576,U005,CC861,6181,False,none
INV00000168,975001701,Guérin S.A. SAS,FR8474747219705466927589551,1369.08,EUR,2025-05-01,2025-05-05,PO754643,U000,CC393,6228,False,none
INV00003361,680876038,Neveu S.A. SARL,FR5802758842524105648149177,2225.18,EUR,2025-06-01,2025-06-07,PO506977,U007,CC501,6228,False,none
INV00002822,775901751,Lambert SA,FR9251405468356521568182096,451.96,EUR,2024-03-21,2024-03-28,PO702883,U019,CC649,6132,False,none
INV00005115,622951108,Menard SA,FR3469133030334677116750762,27298.34,EUR,2024-06-15,2024-06-22,PO383542,U014,CC102,6132,True,shared_iban_ring
INV00004161,933472122,Hamon SASU,FR8116517680866281372143308,1891.83,EUR,2024-06-29,2024-06-30,PO227337,U021,CC847,6065,False,none
INV00000842,157399305,Delmas SARL,FR4088255629657542786561942,280.38,EUR,2025-01-08,2025-01-08,PO965553,U000,CC242,6063,False,none
INV00000683,663193149,Ramos SCI,FR4364039106518017046226567,1830.85,EUR,2024-09-16,2024-09-23,,U024,CC772,6132,False,none
INV00003439,057202590,Gros SA,FR3823945354614707986321061,217.0,EUR,2025-08-22,2025-08-27,PO792929,U004,CC707,6065,False,none
INV00000838,363745458,Charrier Blondel et Fils EURL,FR7985725459606339912971024,1426.88,EUR,2024-07-20,2024-07-20,PO398179,U004,CC961,6181,False,none
INV00002758,694097499,Pages SARL,FR4749946579678427114773201,335.35,EUR,2025-05-02,2025-05-02,PO235544,U023,CC643,6063,False,none
INV00002855,650609835,Colin SA,FR2730147195979647158904290,408.02,EUR,2024-09-26,2024-10-02,PO719032,U006,CC772,6063,False,none
INV00001807,639208678,Dias S.A. SA,FR2098036577449160936595201,77641.99,EUR,2024-04-26,2024-05-03,PO505042,U027,CC672,6135,False,none
INV00002794,303054868,Faivre S.A.R.L. SA,FR3221717477332945625577017,3584.83,EUR,2025-10-17,2025-10-22,PO823563,U010,CC229,6181,False,none
INV00005018,522675289,Alexandre S.A.,FR7004735047639283199529800,705.18,EUR,2024-12-11,2024-12-14,PO885734,U018,CC468,6061,True,duplicate_fuzzy
INV00001617,814770054,Lombard Petitjean SA SA,FR4488147435031365024916300,891.4,EUR,2025-03-01,2025-03-06,PO197597,U027,CC240,6063,False,none
INV00003635,969108589,Ribeiro SASU,FR2209617399704694725878444,4520.12,EUR,2025-03-13,2025-03-19,PO481351,U025,CC983,6132,False,none
INV00000812,223253672,Imbert SA,FR2304120092820667849843624,199.46,EUR,2025-04-03,2025-04-05,PO765282,U020,CC896,6135,False,none
INV00003971,059304078,Texier SAS,FR2176392836929445511668297,8621.62,EUR,2025-05-21,2025-05-26,PO709606,U021,CC402,6135,False,none
INV00004643,888067065,Munoz SASU,FR6850461735743842150317807,947.46,EUR,2024-03-06,2024-03-11,PO454507,U000,CC701,6135,False,none
INV00004870,717565512,Collet SCI,FR8703761379180552696582710,1159.91,EUR,2024-09-27,2024-10-03,,U011,CC692,6135,False,none
INV00000199,855744431,Pottier SARL EURL,FR9890250392614293968562185,4145.85,EUR,2025-08-15,2025-08-15,PO854701,U018,CC344,6228,False,none
INV00004036,186999386,Duval SAS,FR1461125457387571775140105,493.98,EUR,2025-06-18,2025-06-21,PO494691,U025,CC701,6228,False,none
INV00000296,688937346,Seguin Buisson S.A. EURL,FR8795269495888794705516940,215.75,EUR,2025-02-28,2025-03-05,PO684195,U023,CC141,6063,False,none
INV00000798,686879374,Ribeiro SARL,FR9738166496902824983922501,107.93,EUR,2025-11-26,2025-11-27,PO945089,U026,CC206,6063,False,none
INV00003049,003791769,Bernier SAS,FR7565277584161692845115447,571.76,EUR,2025-11-13,2025-11-13,PO350986,U020,CC349,6068,False,none
INV00003783,671902294,Alves et Fils SARL,FR0589113529096561014388899,4154.38,EUR,2024-11-22,2024-11-24,,U004,CC106,6063,False,none
INV00003238,762120216,Guillou Gérard S.A.R.L. SCI,FR6390814415298217392957867,713.06,EUR,2025-12-25,2026-01-01,PO607559,U003,CC891,6061,False,none
INV00000599,669096705,Roux SAS,FR0683584168784991216558523,2843.08,EUR,2025-05-20,2025-05-25,PO382089,U023,CC314,6181,False,none
INV00004418,688680589,Diallo SASU,FR7917647501111783099974192,3167.6,EUR,2025-09-28,2025-10-05,PO471831,U019,CC196,6228,False,none
INV00004129,100167618,Chartier Costa et Fils SARL,FR6360144485645101739739641,642.49,EUR,2024-08-04,2024-08-04,PO924578,U028,CC828,6135,False,none
INV00002284,662532447,Masse SARL,FR6009454490149542770707057,3467.41,EUR,2024-07-26,2024-07-27,PO120869,U001,CC324,6181,False,none
INV00004311,599293784,Hervé SARL SCI,FR4773244913421388209088307,353.1,EUR,2024-11-15,2024-11-17,PO894887,U022,CC974,6181,False,none
INV00000486,059304078,Texier SAS,FR2176392836929445511668297,946.88,EUR,2025-08-18,2025-08-20,,U004,CC863,6063,False,none
INV00004979,493759738,Faivre S.A. SASU,FR8443985298940626078701041,4322.88,EUR,2025-02-16,2025-02-21,,U023,CC134,6063,False,none
INV00005069,669849027,Martins S.A.R.L. SARL,FR9481187233351040961497315,4971.03,EUR,2024-06-15,2024-06-22,PO383542,U014,CC102,6132,True,under_threshold
INV00004262,522675289,Alexandre SA,FR7004735047639283199529800,523.14,EUR,2025-08-25,2025-08-30,PO602109,U027,CC949,6132,False,none
INV00004788,977008860,Bigot SCI,FR5865754602734151488814311,3035.13,EUR,2024-03-20,2024-03-22,PO733754,U000,CC968,6068,False,none
INV00002998,616928451,Lemaître S.A.S. SCI,FR6208514036965666683272386,2027.91,EUR,2024-07-05,2024-07-12,PO178697,U000,CC242,6135,False,none
INV00004934,157399305,Delmas SARL,FR4088255629657542786561942,1933.33,EUR,2024-02-17,2024-02-19,PO846198,U029,CC782,6068,False,none
INV00000889,918255371,Masson Aubert SARL SARL,FR9626650237416787256862110,4188.65,EUR,2025-06-26,2025-06-28,PO974357,U013,CC198,6065,False,none
INV00004368,896118367,Imbert EURL,FR9114141397552314913577594,390.46,EUR,2024-12-19,2024-12-21,PO687396,U015,CC240,6065,False,none
INV00000228,167014508,Pires EURL,FR6708031499825080046358068,2852.65,EUR,2025-07-29,2025-07-31,PO679606,U027,CC335,6063,False,none
INV00004757,800030756,Marchal SCI,FR8005458971480263257039653,1273.01,EUR,2025-05-22,2025-05-29,,U002,CC325,6228,False,none
INV00003181,278681447,Fontaine Laurent S.A.S. SCI,FR5109391119269212447174654,566.58,EUR,2025-07-30,2025-08-06,PO756890,U007,CC757,6061,False,none
INV00005112,490847491,Durand Lucas SARL SCI,FR0277417430435023850228946,6334.63,EUR,2025-08-16,2025-08-19,PO435046,U019,CC373,6065,True,shared_iban_ring
INV00003575,884252410,Lemaire SA,FR3515632686850745106634362,68.45,EUR,2025-01-03,2025-01-08,PO299994,U010,CC548,6181,False,none
INV00004778,816934060,Carre SASU,FR2865905151864492519254629,253.1,EUR,2025-01-30,2025-02-04,PO190888,U007,CC783,6132,False,none
INV00003956,975001701,Guérin S.A. SAS,FR8474747219705466927589551,2535.93,EUR,2025-02-12,2025-02-19,PO407412,U003,CC206,6181,False,none
INV00000248,928565431,Pereira S.A.S. SARL,FR1856945441496739385258001,147.23,EUR,2024-08-06,2024-08-06,PO166007,U000,CC992,6068,False,none
INV00002450,269166978,Pasquier Laurent S.A. SCI,FR6256342160733754330365414,97.74,EUR,2025-06-14,2025-06-15,PO889544,U023,CC742,6065,False,none
INV00003475,799371240,Hoareau SCI,FR3905510762091843579786305,296.08,EUR,2025-09-07,2025-09-12,PO598984,U008,CC550,6228,False,none
INV00000915,884252410,Lemaire SA,FR3515632686850745106634362,658.71,EUR,2025-12-28,2026-01-01,PO987936,U023,CC174,6228,False,none
INV00004568,058651850,Bernard Boulay SA SASU,FR7178686337524310690331190,1268.21,EUR,2025-02-09,2025-02-16,,U008,CC676,6181,False,none
INV00003809,809402445,Ollivier Bonneau S.A.S. SCI,FR6188117298068650863765991,1268.73,EUR,2025-08-29,2025-09-03,PO659569,U028,CC916,6061,False,none
INV00001049,363495788,Da Costa SA,FR8561567933410166687002176,478.91,EUR,2025-05-08,2025-05-15,PO594601,U010,CC409,6063,False,none
INV00004322,655852398,Delattre S.A.R.L. SARL,FR8812075452798524013223423,8090.32,EUR,2024-04-14,2024-04-14,PO899231,U009,CC624,6132,False,none
INV00003207,064317139,Auger Maillot SA SA,FR4860917798270808697829221,1081.0,EUR,2025-01-04,2025-01-05,PO586534,U019,CC371,6068,False,none
INV00002099,464887719,Costa Royer SARL SCI,FR2945892975001701277063242,164.75,EUR,2024-06-30,2024-06-30,,U017,CC318,6132,False,none
INV00002168,518233749,Martinez SAS,FR9547735866296194311426265,22104.82,EUR,2024-03-31,2024-03-31,PO891026,U019,CC399,6132,False,none
INV00004299,662702895,Lefebvre Laine S.A.R.L. EURL,FR3759325250029218515691545,3152.5,EUR,2024-01-31,2024-02-01,PO680996,U027,CC938,6068,False,none
INV00002304,567982507,Delahaye EURL,FR7667146283143598926256609,577.74,EUR,2024-12-23,2024-12-28,PO198776,U004,CC431,6228,False,none
INV00004023,417154544,Costa SA,FR5121641758231334845871493,4152.18,EUR,2024-02-01,2024-02-08,PO378657,U003,CC502,6068,False,none
INV00004109,121277561,Gonzalez SASU,FR0687339785598217661912841,799.28,EUR,2024-11-14,2024-11-14,PO579977,U007,CC404,6228,False,none
INV00002173,014388899,Menard SARL SARL,FR1284872975859883103032432,246.9,EUR,2024-03-28,2024-03-28,PO816884,U025,CC603,6132,False,none
INV00000994,375265479,Chartier SASU,FR8312871539915668633414111,3231.58,EUR,2024-04-09,2024-04-10,PO985778,U003,CC555,6181,False,none
INV00000088,782489638,Vasseur SAS,FR3167065627298069901627204,49.63,EUR,2025-09-10,2025-09-14,PO333365,U023,CC787,6068,False,none
INV00000333,435175183,Ledoux SAS,FR9681180715695620175370304,469.35,EUR,2025-02-17,2025-02-24,PO557318,U013,CC762,6061,False,none
INV00000765,018451462,Godard S.A.R.L. SASU,FR2956981693406088356159514,5039.6,EUR,2024-03-09,2024-03-15,PO993415,U001,CC397,6065,False,none
INV00004560,074329271,Goncalves SA SARL,FR8234654950050702608698221,1390.55,EUR,2024-03-06,2024-03-10,PO990680,U001,CC560,6181,False,none
INV00000879,688937346,Seguin Buisson S.A. EURL,FR8795269495888794705516940,416.42,EUR,2024-05-24,2024-05-24,PO818826,U004,CC577,6065,False,none
INV00001345,059304078,Texier SAS,FR2176392836929445511668297,152.81,EUR,2024-01-30,2024-02-05,PO552758,U005,CC553,6061,False,none
INV00003091,584419866,Gay EURL,FR4351364424936312303477866,277.5,EUR,2025-06-09,2025-06-12,PO989928,U027,CC902,6181,False,none
INV00004518,058651850,Bernard Boulay SA SASU,FR7178686337524310690331190,1237.55,EUR,2024-07-17,2024-07-17,PO706916,U011,CC174,6132,False,none
INV00002569,079911838,Diallo SARL,FR4339533942104709521456232,713.07,EUR,2025-02-19,2025-02-21,PO853429,U013,CC563,6181,False,none
INV00003895,089899217,Le Gall EURL,FR6323361328507251786376731,5793.94,EUR,2025-08-25,2025-08-27,,U000,CC790,6065,False,none
INV00004451,901627204,Jean SASU,FR5443757584419866524041574,2135.55,EUR,2025-05-14,2025-05-16,PO522818,U018,CC975,6068,False,none
INV00000144,014388899,Menard SARL SARL,FR1284872975859883103032432,178.59,EUR,2024-12-18,2024-12-21,PO674566,U005,CC593,6181,False,none
INV00000315,735160917,Couturier Lebrun SARL SAS,FR9515970996254384807520344,924.05,EUR,2025-02-25,2025-02-25,PO755520,U010,CC489,6063,False,none
INV00003378,638546785,Hoarau SAS,FR3973505831997179110065120,54.09,EUR,2024-10-01,2024-10-07,PO801423,U000,CC387,6228,False,none
INV00002862,399091699,Huet et Fils SASU,FR9543161172400504556238692,471.46,EUR,2025-07-13,2025-07-20,PO709143,U010,CC820,6132,False,none
INV00004200,982708086,Guyon S.A.S. SCI,FR7246376604655866525483744,1420.54,EUR,2024-08-14,2024-08-21,PO395950,U024,CC991,6135,False,none
INV00005044,669849027,Martins S.A.R.L. SARL,FR9481187233351040961497315,4934.07,EUR,2024-06-15,2024-06-22,PO383542,U014,CC102,6132,True,under_threshold
INV00000351,383028439,Ollivier EURL,FR9092287772519966365807412,2753.3,EUR,2024-06-09,2024-06-09,PO772528,U020,CC288,6228,False,none
INV00002836,347955276,Ledoux SA,FR7929384401348087354378826,1127.79,EUR,2025-09-21,2025-09-25,PO380788,U004,CC317,6181,False,none
INV00003435,675254599,Becker EURL,FR1462137213865890260127961,2566.18,EUR,2024-11-10,2024-11-17,PO866589,U001,CC470,6068,False,none
INV00001370,721811437,Lebrun Boutin S.A. SCI,FR8889218785193583749079779,1759.71,EUR,2025-06-15,2025-06-15,PO457705,U027,CC732,6063,False,none
INV00000373,081219136,Bertrand SAS,FR8076627028951718702621745,16798.73,EUR,2025-02-19,2025-02-22,PO341026,U005,CC136,6228,False,none
INV00004898,518233749,Martinez SAS,FR9547735866296194311426265,12722.89,EUR,2025-04-30,2025-05-03,PO527417,U002,CC170,6228,False,none
INV00004479,016400524,Blanchet SA,FR0417839084700766177115921,17578.64,EUR,2024-01-24,2024-01-30,PO736876,U010,CC546,6132,False,none
INV00003035,014388899,Menard SARL SARL,FR1284872975859883103032432,5127.15,EUR,2024-08-25,2024-08-29,PO352065,U023,CC244,6132,False,none
INV00004651,783613407,Laurent Dumas S.A.R.L. SARL,FR3025436172131451951510922,3999.01,EUR,2025-06-07,2025-06-12,PO568208,U008,CC735,6063,False,none
INV00003938,928565431,Pereira S.A.S. SARL,FR1856945441496739385258001,329.84,EUR,2024-11-25,2024-12-01,PO470817,U013,CC433,6132,False,none
INV00004384,165726284,Gaudin Charpentier S.A. EURL,FR6595995342836440892687056,1752.26,EUR,2025-07-02,2025-07-02,PO880124,U025,CC617,6063,False,none
INV00002792,064317139,Auger Maillot SA SA,FR4860917798270808697829221,1165.37,EUR,2025-04-03,2025-04-07,PO322736,U009,CC606,6063,False,none
INV00000724,758181412,Gonzalez SARL,FR3767722330604633312797573,1729.63,EUR,2025-01-09,2025-01-15,PO296972,U002,CC246,6063,False,none
INV00000100,149864300,Verdier Lecomte S.A.S. SAS,FR1613044881898484160461540,258.24,EUR,2024-02-06,2024-02-08,PO251631,U005,CC887,6061,False,none
INV00002995,717565512,Collet SCI,FR8703761379180552696582710,487.04,EUR,2024-02-13,2024-02-16,PO224749,U011,CC390,6061,False,none
INV00002826,182688615,Briand Traore SARL SASU,FR0346040142473107201137984,188.22,EUR,2025-01-24,2025-01-26,PO502853,U012,CC235,6061,False,none
INV00002656,223253672,Imbert SA,FR2304120092820667849843624,6004.68,EUR,2025-10-05,2025-10-12,,U020,CC977,6181,False,none
INV00001849,229014767,Mendès SARL,FR4002770384309883920530214,214.71,EUR,2025-01-14,2025-01-18,PO912574,U015,CC725,6063,False,none
INV00001615,467741862,Blanc SARL,FR6212125902035713432406424,384.14,EUR,2024-07-30,2024-08-03,PO260470,U008,CC448,6181,False,none
INV00003686,233095849,Jacob Humbert S.A.S. SASU,FR3488788361968931350305872,174.32,EUR,2024-09-08,2024-09-13,PO533389,U024,CC496,6065,False,none
INV00001175,701204556,Andre Normand SARL SA,FR2049409762637484539862895,6173.47,EUR,2025-03-19,2025-03-23,PO375623,U015,CC976,6132,False,none
INV00002533,102499471,Baron et Fils SAS,FR0223253672946671168457759,2368.78,EUR,2025-03-12,2025-03-15,PO119776,U004,CC402,6132,False,none
INV00004348,121003236,Klein Dumont S.A.S. EURL,FR6871114837537458438458810,204.46,EUR,2024-04-19,2024-04-19,PO928433,U024,CC665,6068,False,none
INV00002812,413435240,Fernandez Lemoine S.A.R.L. SASU,FR8488861015819956046618398,3223.42,EUR,2024-10-17,2024-10-23,PO233755,U004,CC863,6068,False,none
INV00002605,097289623,Loiseau SCI,FR9611877347784858800616756,2851.69,EUR,2025-07-26,2025-08-02,PO712893,U024,CC272,6135,False,none
INV00001743,170999173,Roche Leleu S.A. EURL,FR4842108902851553334264335,1667.3,EUR,2024-08-25,2024-08-28,PO859589,U007,CC632,6068,False,none
INV00003164,003791769,Bernier SAS,FR7565277584161692845115447,22.81,EUR,2024-12-21,2024-12-25,PO542699,U019,CC338,6228,False,none
INV00000561,109324808,Thibault EURL,FR0449375973832060385050641,864.58,EUR,2024-03-04,2024-03-08,PO877462,U012,CC272,6063,False,none
INV00004342,474367136,Giraud S.A. EURL,FR8430307053457861035797279,82.29,EUR,2025-05-15,2025-05-22,PO901415,U013,CC524,6061,False,none
INV00004748,170999173,Roche Leleu S.A. EURL,FR4842108902851553334264335,495.82,EUR,2024-01-29,2024-01-30,PO619129,U006,CC421,6063,False,none
INV00003520,688444310,Pascal S.A.R.L. SAS,FR5152057563983652037583094,309.29,EUR,2025-09-19,2025-09-25,PO918227,U003,CC649,6132,False,none
INV00004845,186449251,Thibault Morvan S.A. SA,FR1984577600490824043350488,2356.42,EUR,2024-10-08,2024-10-13,PO402848,U005,CC883,6063,False,none
INV00002974,434558122,Guillet SARL,FR8764710276773592555625881,2084.04,EUR,2024-03-22,2024-03-27,PO698966,U000,CC216,6181,False,none
INV00003494,223253672,Imbert SA,FR2304120092820667849843624,880.81,EUR,2024-12-03,2024-12-06,PO397167,U011,CC831,6181,False,none
INV00002447,421689421,Adam Leblanc S.A.R.L. SA,FR8087158415608213711842547,814.31,EUR,2025-12-18,2025-12-21,,U000,CC118,6181,False,none
INV00001550,303054868,Faivre S.A.R.L. SA,FR3221717477332945625577017,491.41,EUR,2025-01-02,2025-01-06,PO899128,U029,CC301,6063,False,none
INV00001965,102499471,Baron et Fils SAS,FR0223253672946671168457759,2354.98,EUR,2024-12-18,2024-12-20,PO259546,U009,CC285,6228,False,none
INV00005028,971870728,Guillou Vasseur S.A.S. S.A.S.,FR9159724665729341722329716,116.9,EUR,2024-08-13,2024-08-15,PO968543,U026,CC842,6061,True,duplicate_fuzzy
INV00002857,038567700,Rémy SAS,FR1374223196463004023693626,4456.6,EUR,2025-04-11,2025-04-17,PO961617,U010,CC676,6132,False,none
INV00002764,474687234,Vincent EURL,FR3185977034824771093248086,318.77,EUR,2025-04-14,2025-04-14,PO585981,U011,CC934,6228,False,none
INV00002778,399091699,Huet et Fils SASU,FR9543161172400504556238692,435.35,EUR,2024-07-12,2024-07-17,PO813041,U025,CC427,6228,False,none
INV00003848,426818184,Paul S.A. SARL,FR3071681572450000001529113,3675.04,EUR,2024-11-06,2024-11-10,PO938017,U012,CC213,6065,False,none
INV00003473,357332214,Berger Guérin SARL SAS,FR0665911665535590425979270,1045.98,EUR,2025-03-30,2025-03-31,PO733355,U024,CC269,6135,False,none
INV00002970,376137918,Leduc SARL,FR9415847768634234619942376,1984.01,EUR,2025-05-23,2025-05-27,,U012,CC940,6132,False,none
INV00001669,400504556,Chauvin SCI,FR0674186256527047743490211,1437.63,EUR,2025-02-02,2025-02-08,PO910085,U017,CC576,6063,False,none
INV00004189,225358414,Leconte Bertrand SA SA,FR1454364597010822078113799,12150.29,EUR,2024-12-22,2024-12-22,PO257494,U000,CC740,6135,False,none
INV00001055,588153714,Simon S.A. SAS,FR7785695579887749242437540,1704.49,EUR,2025-03-30,2025-04-01,PO111190,U006,CC552,6135,False,none
INV00001073,254629148,Rey Boucher SARL SCI,FR8996931572791940961055661,2811.29,EUR,2024-03-31,2024-04-04,PO377395,U002,CC601,6135,False,none
INV00003422,332061632,Perrot S.A.R.L. SAS,FR9390392355580996132730346,18048.32,EUR,2025-06-08,2025-06-14,,U012,CC144,6132,False,none
INV00000297,051531952,Ramos Da Silva S.A.R.L. SCI,FR4181040915701840943533448,895.54,EUR,2025-08-24,2025-08-31,PO397388,U014,CC714,6132,False,none
INV00003901,148951343,Lucas SAS,FR0358527722170430305486874,6704.65,EUR,2024-12-18,2024-12-21,PO918913,U019,CC885,6068,False,none
INV00001837,014388899,Menard SARL SARL,FR1284872975859883103032432,3267.1,EUR,2025-04-20,2025-04-22,PO523651,U016,CC823,6063,False,none
INV00002119,444713247,Adam SA,FR5709178513854457702992959,312.86,EUR,2025-11-04,2025-11-07,PO460489,U000,CC409,6181,False,none
INV00004921,135290965,Carlier S.A.S. SARL,FR3288718981312920875102932,382.12,EUR,2024-11-24,2024-11-25,PO967433,U022,CC703,6132,False,none
INV00000308,870021765,Leclerc EURL,FR2634672994938743027169385,190.59,EUR,2024-11-19,2024-11-19,PO133133,U013,CC221,6181,False,none
INV00000230,523124329,Meyer SA,FR2200825478077406493085368,4788.17,EUR,2024-09-24,2024-09-27,PO555342,U018,CC327,6065,False,none
INV00001777,133613861,Guillaume SARL,FR3069979907075504768169957,66.25,EUR,2024-04-30,2024-05-02,PO433910,U013,CC129,6135,False,none
INV00002059,698485833,Laporte Robert et Fils SAS,FR6644210175096170159591945,489.76,EUR,2025-06-24,2025-06-28,PO187197,U021,CC281,6061,False,none
INV00000654,418328569,Lagarde SARL,FR4663213580040104145964229,431.26,EUR,2025-02-17,2025-02-18,PO146908,U007,CC137,6068,False,none
INV00000577,748217594,Morel SARL,FR6653074505444713247546913,104.69,EUR,2024-03-28,2024-03-30,PO773226,U001,CC343,6228,False,none
INV00002987,539621851,Leclercq Rémy SARL SASU,FR0977027278576084958803955,70.74,EUR,2025-06-04,2025-06-11,,U022,CC188,6228,False,none
INV00002867,792499125,Gillet S.A.R.L. SA,FR9743356708604145456350200,973.09,EUR,2025-07-24,2025-07-31,PO650632,U000,CC981,6065,False,none
INV00002771,159399824,Besnard EURL,FR4194620726629250817760299,4257.08,EUR,2025-03-28,2025-04-03,PO540400,U026,CC242,6132,False,none
INV00000553,892687056,Brunet SARL SARL,FR8420952004615265461033993,207.8,EUR,2025-10-13,2025-10-19,PO292355,U022,CC682,6063,False,none
INV00003187,762120216,Guillou Gérard S.A.R.L. SCI,FR6390814415298217392957867,942.12,EUR,2024-09-25,2024-09-27,PO782841,U022,CC533,6065,False,none
INV00004047,648408588,Gimenez SARL,FR4629236161880819048235715,2144.56,EUR,2025-09-21,2025-09-27,PO459446,U005,CC612,6061,False,none
INV00003058,651827553,Alexandre SARL SARL,FR4121269428946420362586314,1141.7,EUR,2025-08-27,2025-08-28,PO802629,U014,CC610,6181,False,none
INV00003243,241724825,Adam SASU,FR3302166670808509608587495,175.46,EUR,2024-05-27,2024-05-31,PO157975,U005,CC708,6135,False,none
INV00002098,143866322,Cousin SA SAS,FR2584993231234266980690872,8706.74,EUR,2024-09-14,2024-09-15,PO244810,U005,CC839,6228,False,none
INV00002323,564139537,Parent S.A. SARL,FR0619399091699854353462475,4192.8,EUR,2025-08-26,2025-08-31,PO201807,U017,CC367,6068,False,none
INV00001197,383028439,Ollivier EURL,FR9092287772519966365807412,61.24,EUR,2024-08-16,2024-08-22,PO520967,U018,CC400,6061,False,none
INV00004759,121277561,Gonzalez SASU,FR0687339785598217661912841,5525.36,EUR,2025-09-23,2025-09-25,PO803776,U006,CC720,6065,False,none
INV00001209,809402445,Ollivier Bonneau S.A.S. SCI,FR6188117298068650863765991,1051.22,EUR,2025-06-25,2025-06-26,PO116929,U000,CC489,6181,False,none
INV00003639,988516560,Laroche S.A. SARL,FR6656770051844989266591846,1022.24,EUR,2025-04-12,2025-04-13,PO358236,U000,CC592,6068,False,none
INV00003623,727875588,Gérard SASU,FR9599934768701462638380657,2300.68,EUR,2025-03-25,2025-03-27,PO169031,U008,CC603,6135,False,none
INV00001075,759579472,Allain Robin et Fils SARL,FR9137326530601198756178688,6772.25,EUR,2025-08-26,2025-09-01,PO696337,U006,CC819,6181,False,none
INV00001212,564139537,Parent S.A. SARL,FR0619399091699854353462475,3197.04,EUR,2024-01-16,2024-01-21,,U027,CC354,6065,False,none
INV00004709,144914766,Pascal SASU,FR2671296180332426050801849,977.83,EUR,2025-05-20,2025-05-22,PO296998,U017,CC776,6228,False,none
INV00000584,576615654,Baron EURL,FR2352577754781291428341108,200.98,EUR,2025-05-04,2025-05-08,PO570046,U020,CC306,6132,False,none
INV00001941,257905072,Gonzalez Bernard S.A. SAS,FR1739087884434481230834024,1121.44,EUR,2025-10-24,2025-10-25,PO917636,U026,CC817,6061,False,none
INV00002589,821486289,Normand Perrin S.A.R.L. SARL,FR8766630932998199605932971,3098.36,EUR,2025-07-19,2025-07-25,PO544126,U027,CC380,6228,False,none
INV00004507,795687833,Fischer SAS,FR7559779452321941680061027,621.24,EUR,2024-06-01,2024-06-06,PO167875,U013,CC862,6068,False,none
INV00000589,982620450,Hervé S.A.S. SA,FR9851983273158514936899809,376.83,EUR,2025-07-20,2025-07-25,PO592053,U006,CC258,6068,False,none
INV00001614,611254573,Étienne SARL SA,FR2742340163611284971859484,1828.33,EUR,2025-12-05,2025-12-06,,U009,CC780,6065,False,none
INV00004892,518233749,Martinez SAS,FR9547735866296194311426265,2770.26,EUR,2024-07-28,2024-08-02,PO558916,U000,CC160,6132,False,none
INV00002117,079911838,Diallo SARL,FR4339533942104709521456232,50.8,EUR,2025-09-10,2025-09-14,PO916634,U024,CC902,6132,False,none
INV00001074,975001701,Guérin S.A. SAS,FR8474747219705466927589551,226.54,EUR,2024-05-06,2024-05-13,PO820413,U026,CC274,6061,False,none
INV00003554,029593917,Traore Dupuy SA SASU,FR0518600892196394568044731,185.24,EUR,2024-02-16,2024-02-17,PO595367,U024,CC342,6061,False,none
INV00004696,932525002,Aubry Lelièvre S.A. SA,FR8627423183061789320649693,4008.1,EUR,2024-09-30,2024-10-05,PO622350,U010,CC480,6065,False,none
INV00001966,904530174,Pelletier Chartier SA SCI,FR4658377674996165926610857,5204.47,EUR,2024-09-09,2024-09-16,PO240862,U024,CC423,6063,False,none
INV00003626,464887719,Costa Royer SARL SCI,FR2945892975001701277063242,2842.25,EUR,2024-04-02,2024-04-05,PO898657,U020,CC880,6135,False,none
INV00004128,143866322,Cousin SA SAS,FR2584993231234266980690872,381.82,EUR,2024-04-12,2024-04-19,PO822118,U007,CC652,6228,False,none
INV00001803,348434437,Gilles SARL SAS,FR3446853664987820829737489,6448.09,EUR,2025-05-01,2025-05-03,PO817718,U021,CC435,6065,False,none
INV00000149,051531952,Ramos Da Silva S.A.R.L. SCI,FR4181040915701840943533448,948.11,EUR,2024-07-11,2024-07-18,PO164468,U002,CC322,6065,False,none
INV00005076,669849027,Martins S.A.R.L. SARL,FR9481187233351040961497315,9951.86,EUR,2024-06-15,2024-06-22,PO383542,U014,CC102,6132,True,under_threshold
INV00000691,980500978,Guillet SARL,FR4837826398214658404499727,1678.3,EUR,2024-04-25,2024-04-30,PO726090,U023,CC108,6181,False,none
INV00001427,353875842,Lucas SASU,FR4715622949381735984884021,1545.12,EUR,2024-07-24,2024-07-27,PO697905,U023,CC865,6132,False,none
INV00004486,662961943,Boulay SASU,FR7091025743263039752450864,1832.11,EUR,2024-05-09,2024-05-09,PO326910,U026,CC625,6135,False,none
INV00004390,826137506,Dijoux SA EURL,FR6670388608680347644726490,1269.54,EUR,2025-09-09,2025-09-16,PO878056,U023,CC475,6063,False,none
INV00001421,792499125,Gillet S.A.R.L. SA,FR9743356708604145456350200,136.46,EUR,2025-04-12,2025-04-13,,U018,CC136,6068,False,none
INV00000555,527047743,Aubry EURL,FR3775955872096289365435884,737.48,EUR,2025-10-14,2025-10-17,PO531256,U024,CC666,6063,False,none
INV00003866,349361832,Henry SCI,FR7934074517133959629233095,2153.25,EUR,2025-11-28,2025-11-28,PO232040,U028,CC248,6068,False,none
INV00001321,369155942,Paul et Fils SCI,FR9212600308356691062715312,8805.57,EUR,2024-03-29,2024-04-04,PO400353,U009,CC976,6132,False,none
INV00000012,493759738,Faivre S.A. SASU,FR8443985298940626078701041,1281.83,EUR,2024-02-27,2024-03-02,PO879015,U017,CC928,6132,False,none
INV00000093,969108589,Ribeiro SASU,FR2209617399704694725878444,2924.64,EUR,2024-04-18,2024-04-18,PO641198,U024,CC745,6061,False,none
INV00004093,774348734,Perrot Paul SARL SCI,FR4914384249818299229959001,7287.34,EUR,2025-12-23,2025-12-23,PO340572,U022,CC582,6061,False,none
INV00005016,848947697,Benard Bouvier S.A.R.L. S.A.R.L.,FR6918444218299874781224890,6171.09,EUR,2024-06-03,2024-06-07,PO876015,U020,CC187,6068,True,duplicate_fuzzy
INV00003845,038567700,Rémy SAS,FR1374223196463004023693626,892.3,EUR,2024-08-12,2024-08-12,PO844867,U011,CC421,6135,False,none
INV00003936,493759738,Faivre S.A. SASU,FR8443985298940626078701041,5191.82,EUR,2024-06-27,2024-06-27,PO988600,U005,CC670,6228,False,none
INV00001397,261990623,Georges SASU,FR9029884259959961002311775,1273.4,EUR,2025-10-17,2025-10-24,PO681955,U010,CC691,6135,False,none
INV00004224,663177971,Daniel Descamps et Fils SCI,FR3107139848228501168809255,316.65,EUR,2025-11-16,2025-11-23,PO620481,U008,CC106,6228,False,none
INV00001634,444713247,Adam SA,FR5709178513854457702992959,5758.71,EUR,2024-12-15,2024-12-21,PO316356,U014,CC247,6065,False,none
INV00001813,231665876,Leroux Millet S.A.S. EURL,FR2753278774701687339500479,1587.88,EUR,2025-02-23,2025-02-26,PO483894,U019,CC319,6181,False,none
INV00000944,738347359,Bonnet SCI,FR0546084325621689363926495,1044.25,EUR,2025-10-20,2025-10-25,PO926215,U004,CC136,6068,False,none
INV00000497,853615305,Breton EURL,FR4102793714521117518689268,2594.46,EUR,2024-09-29,2024-09-30,PO165014,U029,CC921,6228,False,none
INV00001174,193466766,Goncalves SASU,FR8549561213773062604235973,3388.76,EUR,2024-07-08,2024-07-13,PO596789,U020,CC709,6181,False,none
INV00002242,321334803,Fontaine Perret SA SASU,FR5621288665268341559991015,3490.82,EUR,2024-10-02,2024-10-03,PO599423,U020,CC751,6228,False,none
INV00001406,988516560,Laroche S.A. SARL,FR6656770051844989266591846,1589.95,EUR,2024-11-19,2024-11-19,PO314161,U004,CC403,6061,False,none
INV00002580,973103241,Maillet SCI,FR8752958066013824127049386,1648.17,EUR,2025-05-15,2025-05-18,PO270080,U009,CC970,6068,False,none
INV00000416,887676772,Germain EURL,FR4284269450053424089164983,1416.86,EUR,2025-11-02,2025-11-06,PO266309,U005,CC947,6061,False,none
INV00003518,663177971,Daniel Descamps et Fils SCI,FR3107139848228501168809255,1398.04,EUR,2024-12-20,2024-12-25,,U012,CC560,6068,False,none
INV00001424,432445107,Meyer SAS,FR2011179080759579472846392,227.97,EUR,2025-01-08,2025-01-10,PO890806,U019,CC362,6135,False,none
INV00004586,978403690,Couturier SCI,FR8833565880434165182755394,4633.35,EUR,2025-01-14,2025-01-21,PO356213,U023,CC872,6135,False,none
INV00002280,317127484,Bonnin SARL,FR6871918261990623445655743,2423.29,EUR,2024-02-16,2024-02-20,PO147680,U009,CC267,6132,False,none
INV00002115,555439878,Chauvin et Fils SAS,FR8000767620901447340433700,3281.35,EUR,2025-11-21,2025-11-27,PO889727,U028,CC141,6181,False,none
INV00000429,522047277,Colin Lecoq et Fils SCI,FR5564474212309407778097339,1269.03,EUR,2024-08-18,2024-08-24,PO272306,U013,CC162,6181,False,none
INV00001244,259526949,Carre Picard S.A.S. SASU,FR3113875927125663836151718,1730.92,EUR,2025-06-19,2025-06-25,PO360647,U026,CC458,6063,False,none
INV00001593,863794026,Leconte Da Costa et Fils SCI,FR7019283276483503056413953,795.35,EUR,2025-12-08,2025-12-11,,U026,CC560,6068,False,none
INV00001553,785969691,Gay S.A.R.L. SCI,FR4547163928234143637189239,841.44,EUR,2025-03-05,2025-03-09,PO320846,U000,CC167,6065,False,none
INV00001867,375564641,Laroche S.A.S. SA,FR1830165712082677345401938,1684.3,EUR,2025-10-16,2025-10-17,PO209581,U004,CC285,6061,False,none
INV00004043,829221699,François EURL,FR9393110059129751910231211,5964.07,EUR,2025-04-10,2025-04-17,,U022,CC530,6065,False,none
INV00005148,269166978,Pasquier Laurent S.A. SCI,FR6256342160733754330365414,152468.77,EUR,2024-11-02,2024-11-02,PO369335,U065,CC768,6063,True,weekend_unusual_user
INV00003306,852772217,Leclerc S.A.S. SA,FR9185424932149587020701601,275.65,EUR,2025-03-13,2025-03-14,PO632909,U002,CC168,6068,False,none
INV00003469,180635651,Lebon SASU,FR8414298315229107322836084,1448.87,EUR,2024-02-27,2024-02-29,PO537030,U008,CC322,6135,False,none
INV00004868,142626551,Dijoux SARL,FR3427017130232129833816742,1983.74,EUR,2025-03-28,2025-03-28,PO399806,U002,CC384,6132,False,none
INV00002678,639208678,Dias S.A. SA,FR2098036577449160936595201,174.02,EUR,2024-03-08,2024-03-15,PO193131,U002,CC529,6061,False,none
INV00003480,339845461,Pascal SAS,FR2652924075536668459090225,64.83,EUR,2024-09-06,2024-09-09,PO218020,U011,CC315,6135,False,none
INV00003710,434266179,Klein SCI,FR8533305912662015720185962,1174.11,EUR,2024-07-06,2024-07-07,PO946452,U011,CC881,6181,False,none
INV00002575,086353654,Rémy SAS,FR9096443098591679541072728,1420.27,EUR,2024-02-15,2024-02-15,PO668552,U018,CC135,6068,False,none
INV00001769,779082723,Perret SA,FR6634392529596111102867120,1563.02,EUR,2024-03-01,2024-03-05,PO721338,U001,CC843,6065,False,none
INV00002145,432830965,Guibert SCI,FR2664347452455574696606065,242.04,EUR,2024-04-11,2024-04-13,PO630040,U025,CC571,6132,False,none
INV00000544,482814893,Chauvet Colas SARL SARL,FR4380443699577738721489513,1347.26,EUR,2025-04-10,2025-04-16,PO344359,U009,CC775,6063,False,none
INV00000742,363495788,Da Costa SA,FR8561567933410166687002176,2113.91,EUR,2025-12-30,2026-01-02,PO676023,U015,CC651,6228,False,none
INV00004264,641605297,Bouchet SA SCI,FR7593998245587716947225699,1536.95,EUR,2025-07-07,2025-07-13,PO613804,U012,CC959,6228,False,none
INV00001038,518233749,Martinez SAS,FR9547735866296194311426265,644.34,EUR,2025-07-25,2025-07-30,PO363443,U015,CC573,6068,False,none
INV00001877,737530011,Martineau Paris SA SASU,FR5433337320430977688936289,213.9,EUR,2025-01-29,2025-01-30,PO575774,U003,CC245,6132,False,none
INV00004462,544964759,Sanchez Garcia S.A. SA,FR4717982134862985797363831,5988.02,EUR,2025-01-16,2025-01-21,PO519153,U018,CC877,6132,False,none
INV00000132,199867980,Lopez SARL SCI,FR9828127358573065240778487,893.74,EUR,2024-10-06,2024-10-13,PO385898,U004,CC261,6132,False,none
INV00001907,104328986,Girard Gonzalez S.A. SARL,FR5850209945101622499982795,110.07,EUR,2025-09-01,2025-09-03,,U019,CC723,6061,False,none
INV00004388,093204899,Berger Dos Santos SA EURL,FR6524968549822749545089203,2634.04,EUR,2025-10-17,2025-10-23,,U003,CC921,6132,False,none
INV00001919,384309883,Lagarde SARL,FR7382073651189394065578201,1887.98,EUR,2025-03-10,2025-03-10,PO992758,U002,CC659,6181,False,none
INV00000800,261990623,Georges SASU,FR9029884259959961002311775,193.55,EUR,2024-06-28,2024-06-28,PO993077,U013,CC316,6068,False,none
INV00003872,363495788,Da Costa SA,FR8561567933410166687002176,1027.3,EUR,2024-11-11,2024-11-17,,U018,CC526,6061,False,none
INV00001740,591846386,Vasseur Menard S.A.R.L. EURL,FR6918856669541329715066626,1521.79,EUR,2025-05-23,2025-05-26,PO248155,U024,CC540,6181,False,none
INV00003618,078161849,Guillou Gautier et Fils SA,FR1389325288095701543039117,339.47,EUR,2025-01-24,2025-01-29,PO601095,U013,CC230,6132,False,none
INV00005127,977236929,Moreau EURL,FR7191767993593744039464083,57931.02,EUR,2024-11-09,2024-11-14,PO395917,U027,CC131,6068,True,amount_outlier
INV00004839,399091699,Huet et Fils SASU,FR9543161172400504556238692,686.1,EUR,2025-04-16,2025-04-17,PO303876,U007,CC376,6061,False,none
INV00003949,200342442,Leblanc EURL,FR3552597107563353574859532,3279.21,EUR,2024-08-05,2024-08-08,PO764058,U011,CC932,6135,False,none
INV00002495,826137506,Dijoux SA EURL,FR6670388608680347644726490,132.09,EUR,2025-06-22,2025-06-25,PO392516,U002,CC921,6065,False,none
INV00005005,218515691,Collet SCI,FR5331467536127515627796304,2446.04,EUR,2025-08-19,2025-08-25,PO949206,U029,CC550,6132,True,duplicate_exact
INV00000287,688444310,Pascal S.A.R.L. SAS,FR5152057563983652037583094,597.29,EUR,2024-11-20,2024-11-21,,U024,CC595,6181,False,none
INV00001025,904530174,Pelletier Chartier SA SCI,FR4658377674996165926610857,2783.6,EUR,2024-11-03,2024-11-04,PO526068,U017,CC385,6228,False,none
INV00003331,464887719,Costa Royer SARL SCI,FR2945892975001701277063242,1410.76,EUR,2025-07-24,2025-07-29,PO602901,U026,CC746,6061,False,none
INV00003143,698485833,Laporte Robert et Fils SAS,FR6644210175096170159591945,341.33,EUR,2024-05-27,2024-05-31,PO845412,U016,CC523,6181,False,none
INV00001526,532931839,Cousin SARL,FR4322698485833394522885158,537.98,EUR,2025-04-07,2025-04-08,PO196753,U019,CC153,6065,False,none
INV00004012,669096705,Roux SAS,FR0683584168784991216558523,1032.65,EUR,2024-07-16,2024-07-16,PO708171,U015,CC987,6063,False,none
INV00000964,656272980,Bazin Berger SA SARL,FR4113075626368970283857865,392.6,EUR,2025-08-14,2025-08-19,PO969414,U026,CC797,6181,False,none
INV00001096,662702895,Lefebvre Laine S.A.R.L. EURL,FR3759325250029218515691545,3433.88,EUR,2024-09-20,2024-09-21,PO785815,U005,CC535,6065,False,none
INV00002086,826137506,Dijoux SA EURL,FR6670388608680347644726490,1358.19,EUR,2025-01-25,2025-01-28,PO943167,U028,CC283,6061,False,none
INV00003733,478985625,Philippe et Fils SA,FR2858929880858382521293289,223.16,EUR,2024-10-16,2024-10-22,PO262288,U008,CC618,6228,False,none
INV00001084,478985625,Philippe et Fils SA,FR2858929880858382521293289,20677.76,EUR,2025-03-19,2025-03-20,PO911673,U008,CC691,6181,False,none
INV00002022,182037788,Renaud SA SCI,FR5531096789940539103717058,620.83,EUR,2024-12-03,2024-12-05,PO503803,U019,CC289,6063,False,none
INV00002820,435346247,Jacques SA,FR0607482175946474367136959,470.27,EUR,2024-08-23,2024-08-27,,U016,CC150,6181,False,none
INV00003109,341232812,Maillet Munoz SARL SCI,FR0591251341252866929662782,1351.7,EUR,2025-02-21,2025-02-28,PO788975,U003,CC514,6068,False,none
INV00004620,014388899,Menard SARL SARL,FR1284872975859883103032432,930.9,EUR,2025-04-15,2025-04-22,PO406135,U021,CC751,6135,False,none
INV00003567,100225579,Menard Brunel S.A. SARL,FR8520715116966672521452647,240.48,EUR,2024-04-29,2024-05-06,,U024,CC982,6228,False,none
INV00003711,641605297,Bouchet SA SCI,FR7593998245587716947225699,1459.38,EUR,2024-04-25,2024-04-30,PO901710,U004,CC568,6135,False,none
INV00001272,545494808,Collet SAS,FR2135369378547772522872808,1951.46,EUR,2025-02-13,2025-02-17,PO186205,U010,CC330,6228,False,none
INV00003321,911914856,Delattre SASU,FR1875409150863218122764579,148.5,EUR,2024-03-02,2024-03-08,PO796217,U029,CC533,6065,False,none
INV00002223,724238849,Payet SCI,FR6113542784980841241182449,535.01,EUR,2024-05-17,2024-05-21,PO572658,U022,CC693,6181,False,none
INV00002646,382997376,Benard EURL,FR4374443135182337498941343,568.56,EUR,2024-01-24,2024-01-30,,U007,CC472,6181,False,none
INV00000109,148951343,Lucas SAS,FR0358527722170430305486874,8194.15,EUR,2025-07-22,2025-07-26,PO497346,U026,CC169,6181,False,none
INV00001281,699013983,Robert Pierre et Fils SA,FR1614987283999219212493843,11395.75,EUR,2024-11-26,2024-11-30,PO155785,U014,CC733,6228,False,none
INV00001618,225358414,Leconte Bertrand SA SA,FR1454364597010822078113799,19387.4,EUR,2024-04-27,2024-05-02,PO229737,U005,CC690,6068,False,none
INV00001869,693801184,Delannoy EURL,FR2388995729893762974549303,862.64,EUR,2024-01-28,2024-01-31,PO753235,U023,CC847,6068,False,none
INV00000624,656482366,Lelièvre SA,FR6535977468862392407581814,2912.27,EUR,2025-10-03,2025-10-06,PO221746,U018,CC476,6065,False,none
INV00002692,547812914,Poulain EURL,FR3972239898306503121980418,188.19,EUR,2025-12-03,2025-12-05,PO851671,U018,CC562,6228,False,none
INV00004520,428699041,Mace Arnaud S.A.R.L. SAS,FR1205595501783325848689993,460.94,EUR,2025-12-07,2025-12-08,PO987208,U026,CC293,6061,False,none
INV00004395,833016571,Joubert S.A. SCI,FR8676064413432756041776561,1936.95,EUR,2024-12-04,2024-12-10,PO517483,U027,CC144,6065,False,none
INV00004283,081219136,Bertrand SAS,FR8076627028951718702621745,3686.7,EUR,2025-01-20,2025-01-21,,U020,CC600,6181,False,none
INV00002732,229014767,Mendès SARL,FR4002770384309883920530214,784.66,EUR,2025-05-07,2025-05-13,PO360965,U019,CC782,6063,False,none
INV00004608,254629148,Rey Boucher SARL SCI,FR8996931572791940961055661,2083.28,EUR,2025-06-16,2025-06-16,PO489790,U001,CC764,6068,False,none
INV00001010,226838851,Rocher S.A.S. EURL,FR8550036915594284347955276,58.14,EUR,2025-01-02,2025-01-08,,U024,CC430,6132,False,none
INV00002311,535218188,Ruiz SA,FR9334722820055778487282997,241.63,EUR,2025-07-31,2025-08-01,PO302942,U025,CC722,6132,False,none
INV00002484,544964759,Sanchez Garcia S.A. SA,FR4717982134862985797363831,11078.71,EUR,2024-09-11,2024-09-15,PO606852,U009,CC249,6065,False,none
INV00001499,146584044,Bonnet S.A. SAS,FR4336519941013721510702966,65.04,EUR,2024-11-02,2024-11-09,PO510654,U015,CC834,6132,False,none
INV00002305,474367136,Giraud S.A. EURL,FR8430307053457861035797279,1936.82,EUR,2024-08-19,2024-08-23,PO721990,U018,CC266,6135,False,none
INV00003722,299228092,Reynaud Bègue SA SARL,FR0826351004627765725659202,472.67,EUR,2024-06-23,2024-06-24,,U001,CC566,6228,False,none
INV00000626,513542784,Pascal SAS,FR6316048175496513709859317,509.35,EUR,2025-07-13,2025-07-19,PO435169,U024,CC473,6065,False,none
INV00004706,199488375,Jacques S.A.R.L. SARL,FR9383625366677767555628333,12910.19,EUR,2024-10-10,2024-10-14,PO650723,U027,CC470,6063,False,none
INV00003796,980686508,Dupont Da Silva S.A.R.L. SAS,FR2209505560571219881927788,1035.6,EUR,2025-10-15,2025-10-21,,U012,CC370,6228,False,none
INV00002339,261891411,Lecoq SCI,FR4223885652715598354116597,232.91,EUR,2025-03-17,2025-03-21,PO672079,U023,CC352,6135,False,none
INV00001503,304637454,Boulanger SA SA,FR9197592304501896164236103,1213.91,EUR,2025-01-21,2025-01-28,PO599508,U013,CC496,6135,False,none
INV00002135,886101581,Thomas Richard S.A.S. SASU,FR5457666567491601692364587,1463.81,EUR,2024-07-06,2024-07-07,PO294369,U024,CC508,6065,False,none
INV00003371,821486289,Normand Perrin S.A.R.L. SARL,FR8766630932998199605932971,1480.29,EUR,2025-08-23,2025-08-27,PO650852,U025,CC441,6181,False,none
INV00002584,684602235,Alexandre SARL,FR6536911289812317955633185,408.11,EUR,2025-03-19,2025-03-21,PO223631,U004,CC348,6228,False,none
INV00000414,527177449,De Oliveira SCI,FR1475705120461872346013673,883.25,EUR,2024-12-07,2024-12-14,PO309174,U005,CC720,6228,False,none
INV00002252,376137918,Leduc SARL,FR9415847768634234619942376,1605.67,EUR,2025-02-27,2025-03-03,PO286859,U019,CC425,6063,False,none
INV00002218,267288574,Dijoux Seguin S.A. SARL,FR2495382804056129965082695,30327.05,EUR,2025-07-21,2025-07-22,PO739090,U006,CC170,6132,False,none
INV00003951,218501631,Vasseur SA SCI,FR3822068155839386613315520,20800.44,EUR,2024-05-07,2024-05-07,,U010,CC318,6135,False,none
INV00001032,533645257,Fischer Garnier S.A.S. SARL,FR6862633556434369709317069,9344.38,EUR,2024-04-13,2024-04-20,PO428221,U020,CC341,6135,False,none
INV00003200,814141397,Philippe EURL,FR3406791766512215001418842,304.66,EUR,2025-04-21,2025-04-25,PO162467,U011,CC838,6061,False,none
INV00004145,522047277,Colin Lecoq et Fils SCI,FR5564474212309407778097339,330.15,EUR,2024-05-12,2024-05-12,PO127170,U005,CC700,6135,False,none
INV00000252,477752047,Mallet SASU,FR7165193982807374167243426,431.7,EUR,2024-11-11,2024-11-13,PO268600,U022,CC648,6132,False,none
INV00001235,800439735,Breton Durand SA SA,FR5358752568065625904599080,258.09,EUR,2024-12-04,2024-12-05,PO847315,U009,CC229,6135,False,none
INV00000350,438057198,Jacob S.A. SCI,FR9751877941763425073305597,1961.41,EUR,2024-01-16,2024-01-17,PO731364,U023,CC932,6135,False,none
INV00001765,606530745,Cordier S.A. SASU,FR0462447951330531949796958,922.62,EUR,2024-12-27,2024-12-29,PO520806,U003,CC578,6063,False,none
INV00000718,493759738,Faivre S.A. SASU,FR8443985298940626078701041,3134.25,EUR,2025-11-15,2025-11-18,PO393276,U005,CC362,6061,False,none
INV00000457,961586578,Rousseau S.A.R.L. SA,FR3662676586179327104054115,1489.92,EUR,2024-04-20,2024-04-20,PO647098,U006,CC868,6228,False,none
INV00003959,528168505,Brunet Girard et Fils SCI,FR3367998136462251790864168,351.76,EUR,2024-02-10,2024-02-14,PO377407,U023,CC787,6181,False,none
INV00000090,062962015,Breton SA EURL,FR4128767548138666754858193,543.44,EUR,2025-11-15,2025-11-18,PO913920,U001,CC722,6181,False,none
INV00002883,759579472,Allain Robin et Fils SARL,FR9137326530601198756178688,899.87,EUR,2024-02-15,2024-02-15,PO835639,U003,CC870,6065,False,none
INV00003250,225358414,Leconte Bertrand SA SA,FR1454364597010822078113799,1403.99,EUR,2024-12-16,2024-12-19,PO180527,U028,CC870,6181,False,none
INV00000026,995777387,Andre EURL,FR3179808932460953962185188,666.17,EUR,2024-10-20,2024-10-20,,U020,CC257,6063,False,none
INV00003565,157399305,Delmas SARL,FR4088255629657542786561942,1222.89,EUR,2025-11-28,2025-12-04,PO718799,U023,CC711,6065,False,none
INV00000181,375265479,Chartier SASU,FR8312871539915668633414111,2065.51,EUR,2025-11-06,2025-11-11,PO288656,U010,CC660,6061,False,none
INV00004073,825128682,Diallo SARL,FR2041085628843188485200894,4453.13,EUR,2024-12-10,2024-12-10,PO611094,U016,CC895,6061,False,none
INV00001721,119079030,Lemaître S.A.S. SAS,FR8908215454470229604432701,7861.47,EUR,2025-12-05,2025-12-09,PO538586,U002,CC194,6132,False,none
INV00002153,232719374,Jacob SASU,FR1774549904530174268414593,139.37,EUR,2024-12-08,2024-12-14,,U009,CC332,6063,False,none
INV00001047,906120347,Perrin SASU,FR7123859514346823948400273,4908.01,EUR,2024-06-12,2024-06-19,PO102800,U025,CC337,6068,False,none
INV00003654,241724825,Adam SASU,FR3302166670808509608587495,111.2,EUR,2024-02-14,2024-02-15,PO662505,U021,CC473,6181,False,none
INV00001934,438057198,Jacob S.A. SCI,FR9751877941763425073305597,509.12,EUR,2024-08-08,2024-08-10,,U018,CC908,6068,False,none
INV00000848,321334803,Fontaine Perret SA SASU,FR5621288665268341559991015,352.87,EUR,2024-04-07,2024-04-14,PO376626,U024,CC403,6063,False,none
INV00001330,887676772,Germain EURL,FR4284269450053424089164983,2790.34,EUR,2025-10-03,2025-10-08,,U021,CC166,6181,False,none
INV00001044,103712938,Lévêque Humbert S.A.R.L. SARL,FR2082659608931992550272751,921.93,EUR,2025-08-23,2025-08-29,PO688368,U017,CC756,6068,False,none
INV00004446,735160917,Couturier Lebrun SARL SAS,FR9515970996254384807520344,175.16,EUR,2025-11-08,2025-11-14,PO703136,U006,CC315,6135,False,none
INV00005009,010393087,Hebert S.A.R.L. EURL,FR5941241513152854781506185,91.85,EUR,2025-11-26,2025-12-01,PO507168,U000,CC530,6065,True,duplicate_exact
INV00004791,996846081,Bailly Dias SARL EURL,FR2337976627051157942387367,143.31,EUR,2024-06-15,2024-06-17,PO991222,U009,CC642,6068,False,none
INV00003322,934835642,Durand SAS,FR3839488488269131196425856,2074.91,EUR,2024-02-17,2024-02-20,PO197801,U018,CC356,6063,False,none
INV00004310,148951343,Lucas SAS,FR0358527722170430305486874,57.57,EUR,2025-08-25,2025-08-25,,U004,CC305,6063,False,none
INV00000069,518023806,Vincent S.A.R.L. SASU,FR0506500425488214236914307,8107.49,EUR,2024-09-21,2024-09-23,PO800722,U000,CC485,6061,False,none
INV00001487,524310690,Benoit EURL,FR8615869886497677622827728,186.68,EUR,2025-06-26,2025-06-29,PO233511,U015,CC729,6181,False,none
INV00005062,669849027,Martins S.A.R.L. SARL,FR9481187233351040961497315,4981.37,EUR,2024-06-15,2024-06-22,PO383542,U014,CC102,6132,True,under_threshold
INV00003805,348434437,Gilles SARL SAS,FR3446853664987820829737489,2700.55,EUR,2025-04-29,2025-05-01,PO882397,U027,CC792,6068,False,none
INV00001808,564139537,Parent S.A. SARL,FR0619399091699854353462475,178.95,EUR,2024-07-29,2024-08-02,PO335097,U000,CC298,6132,False,none
INV00000203,796114351,Peron SARL SAS,FR5864493699951679335055738,6108.49,EUR,2025-02-27,2025-02-28,,U004,CC600,6061,False,none
INV00003463,144914766,Pascal SASU,FR2671296180332426050801849,456.12,EUR,2024-04-02,2024-04-06,PO964755,U012,CC748,6065,False,none
INV00003879,262244472,Royer Bouvet S.A. SASU,FR6364027011686462252237281,475.86,EUR,2024-07-10,2024-07-12,PO820389,U023,CC172,6181,False,none
INV00004819,144914766,Pascal SASU,FR2671296180332426050801849,1365.04,EUR,2024-06-03,2024-06-10,PO853942,U002,CC571,6061,False,none
INV00000387,038567700,Rémy SAS,FR1374223196463004023693626,554.68,EUR,2024-09-05,2024-09-11,PO690408,U019,CC533,6063,False,none
INV00002655,663177971,Daniel Descamps et Fils SCI,FR3107139848228501168809255,149.4,EUR,2025-10-06,2025-10-11,PO984832,U021,CC752,6132,False,none
INV00004233,851493689,Clément SA,FR2679772369292984257991366,1017.52,EUR,2024-10-02,2024-10-06,PO456570,U016,CC930,6132,False,none
INV00003062,584419866,Gay EURL,FR4351364424936312303477866,295.63,EUR,2025-08-02,2025-08-02,PO357851,U002,CC791,6063,False,none
INV00004039,356588043,Marion SAS,FR9698795098221040164818804,551.78,EUR,2024-09-23,2024-09-28,PO761631,U014,CC121,6068,False,none
INV00002687,544948126,Lacroix Hubert SA SAS,FR3221260650191792025213109,227.45,EUR,2024-03-18,2024-03-25,PO956018,U029,CC821,6061,False,none
INV00000831,904530174,Pelletier Chartier SA SCI,FR4658377674996165926610857,192.18,EUR,2025-03-29,2025-03-31,PO176168,U006,CC772,6135,False,none
INV00000221,982620450,Hervé S.A.S. SA,FR9851983273158514936899809,1451.51,EUR,2025-06-09,2025-06-12,PO721497,U018,CC433,6181,False,none
INV00002213,473647102,Jacob SARL SCI,FR8290552818325381793355486,14671.94,EUR,2024-01-21,2024-01-26,PO714051,U004,CC979,6065,False,none
INV00002409,688444310,Pascal S.A.R.L. SAS,FR5152057563983652037583094,2503.99,EUR,2024-03-03,2024-03-07,,U006,CC263,6132,False,none
INV00003889,330307053,Tessier SAS,FR8232735241039773973278195,686.08,EUR,2024-10-17,2024-10-17,PO399087,U001,CC391,6068,False,none
INV00002949,109324808,Thibault EURL,FR0449375973832060385050641,1980.95,EUR,2024-08-01,2024-08-08,PO473514,U012,CC954,6063,False,none
INV00004148,034043842,Morin SASU,FR2227223972404226931216376,9769.2,EUR,2024-04-10,2024-04-11,PO737099,U018,CC889,6063,False,none
INV00002328,526965827,Lebreton S.A. SA,FR0284964985601256253135525,777.48,EUR,2025-05-26,2025-06-02,PO459602,U013,CC672,6181,False,none
INV00002094,544948126,Lacroix Hubert SA SAS,FR3221260650191792025213109,1091.1,EUR,2024-12-26,2025-01-02,PO824284,U003,CC490,6061,False,none
INV00002406,978403690,Couturier SCI,FR8833565880434165182755394,2606.06,EUR,2024-08-20,2024-08-24,,U027,CC274,6068,False,none
INV00004674,160648422,Brunet Dos Santos S.A.S. SASU,FR1956608470681039033970519,3791.04,EUR,2025-01-13,2025-01-18,PO558360,U013,CC224,6065,False,none
INV00000177,240084271,De Oliveira SASU,FR8171543799371240659657569,1819.29,EUR,2025-01-27,2025-02-02,,U029,CC916,6228,False,none
INV00004141,513338726,Lebreton SCI,FR1549649909133412328120679,758.84,EUR,2024-06-10,2024-06-13,PO955793,U021,CC514,6135,False,none
INV00002331,727875588,Gérard SASU,FR9599934768701462638380657,3466.5,EUR,2025-08-09,2025-08-11,PO108298,U010,CC341,6068,False,none
INV00001835,445187053,Potier EURL,FR9459234268344149782661287,588.13,EUR,2025-06-07,2025-06-08,,U023,CC108,6063,False,none
INV00002984,996504773,Bertrand SASU,FR7136497189241956252571509,14575.3,EUR,2025-09-29,2025-10-03,PO263511,U001,CC314,6135,False,none
INV00003568,275037314,Rodrigues et Fils SCI,FR5784008385076597595450891,260.0,EUR,2024-12-31,2025-01-05,PO893634,U020,CC310,6181,False,none
INV00002366,180635651,Lebon SASU,FR8414298315229107322836084,24721.16,EUR,2025-05-18,2025-05-19,PO933413,U029,CC311,6181,False,none
INV00004266,726149331,Guilbert Courtois et Fils SAS,FR4543127102676720957992707,2343.68,EUR,2025-10-05,2025-10-10,PO787679,U023,CC496,6181,False,none
INV00004834,775901751,Lambert SA,FR9251405468356521568182096,137.98,EUR,2024-09-16,2024-09-19,PO938766,U016,CC415,6181,False,none
INV00004867,478985625,Philippe et Fils SA,FR2858929880858382521293289,203.42,EUR,2025-10-24,2025-10-30,PO953974,U020,CC870,6228,False,none
INV00003134,926442209,Regnier SAS,FR1328634255638300081867024,219.11,EUR,2025-07-21,2025-07-24,PO754461,U006,CC811,6065,False,none
INV00003464,890250392,Pinto SA SA,FR2776563600412577711837274,4001.34,EUR,2025-01-01,2025-01-04,PO830609,U027,CC912,6132,False,none
INV00001181,231665876,Leroux Millet S.A.S. EURL,FR2753278774701687339500479,3658.84,EUR,2025-05-06,2025-05-07,PO441293,U023,CC591,6228,False,none
INV00003815,540331739,Paris SAS,FR1487758030468750635190361,118.39,EUR,2025-04-19,2025-04-25,PO563629,U027,CC356,6135,False,none
INV00002559,003791769,Bernier SAS,FR7565277584161692845115447,697.63,EUR,2024-04-10,2024-04-14,PO516830,U008,CC607,6063,False,none
INV00000721,706324241,Charpentier S.A.R.L. EURL,FR5896136715778711216636515,281.9,EUR,2024-12-17,2024-12-23,PO342979,U023,CC843,6181,False,none
INV00000893,081219136,Bertrand SAS,FR8076627028951718702621745,11584.5,EUR,2025-02-05,2025-02-11,PO802629,U000,CC573,6228,False,none
INV00000655,518233749,Martinez SAS,FR9547735866296194311426265,872.65,EUR,2024-07-19,2024-07-23,PO325667,U004,CC716,6068,False,none
INV00003105,187026217,Hoareau Le Gall et Fils EURL,FR7442209690295939172513552,1915.83,EUR,2025-07-29,2025-07-30,PO777093,U006,CC588,6132,False,none
INV00004354,814770054,Lombard Petitjean SA SA,FR4488147435031365024916300,4736.17,EUR,2025-12-04,2025-12-05,PO532237,U024,CC563,6181,False,none
INV00002092,330307053,Tessier SAS,FR8232735241039773973278195,4172.06,EUR,2024-02-02,2024-02-03,PO910342,U003,CC615,6181,False,none
INV00004034,127799799,Jacquet SCI,FR8284631224179749735020802,16515.67,EUR,2025-06-29,2025-07-04,PO926203,U013,CC129,6061,False,none
INV00004513,414586850,Marty SA,FR6823124329212779979955271,797.39,EUR,2024-10-25,2024-10-30,PO174214,U026,CC182,6181,False,none
INV00001891,662782827,Bertrand Rodriguez S.A. SASU,FR0484855716176880294240903,5767.57,EUR,2024-08-10,2024-08-13,PO518002,U008,CC881,6063,False,none
INV00005012,304637454,Boulanger SA SA,FR9197592304501896164236103,612.01,EUR,2025-03-19,2025-03-19,PO302310,U027,CC156,6068,True,duplicate_exact
INV00000219,121003236,Klein Dumont S.A.S. EURL,FR6871114837537458438458810,84.52,EUR,2025-11-26,2025-12-01,PO555786,U008,CC442,6228,False,none
INV00003423,412528669,Daniel SAS,FR5611082555989534396112910,291.96,EUR,2024-06-09,2024-06-09,PO972156,U005,CC368,6061,False,none
INV00002478,567982507,Delahaye EURL,FR7667146283143598926256609,5528.58,EUR,2025-11-29,2025-11-30,PO232348,U026,CC569,6065,False,none
INV00000582,786801128,Bègue et Fils SCI,FR6283673657661565452711116,1700.59,EUR,2025-02-17,2025-02-19,PO231660,U002,CC277,6068,False,none
INV00002370,161369681,Lacombe SA,FR4596475987622023413261117,3619.04,EUR,2025-04-27,2025-04-27,PO123764,U023,CC914,6065,False,none
INV00003253,526965827,Lebreton S.A. SA,FR0284964985601256253135525,1210.36,EUR,2025-09-11,2025-09-11,PO635068,U018,CC823,6132,False,none
INV00000043,353465549,Hamel Legrand et Fils SARL,FR9247725129578606940960035,2008.38,EUR,2024-03-17,2024-03-18,PO704570,U011,CC790,6228,False,none
INV00000210,717565512,Collet SCI,FR8703761379180552696582710,608.8,EUR,2024-06-03,2024-06-10,PO710256,U001,CC236,6063,False,none
INV00002118,357332214,Berger Guérin SARL SAS,FR0665911665535590425979270,473.14,EUR,2024-04-21,2024-04-27,PO305884,U021,CC413,6068,False,none
INV00000354,043581128,Lemonnier Chrétien S.A. EURL,FR4008172143643813000413211,331.94,EUR,2025-05-09,2025-05-14,PO870883,U004,CC366,6065,False,none
INV00004961,699013983,Robert Pierre et Fils SA,FR1614987283999219212493843,16315.22,EUR,2025-12-05,2025-12-12,PO131478,U025,CC314,6181,False,none
INV00001583,235116155,Guillon SA,FR5453287101226916697848018,2761.41,EUR,2025-03-29,2025-03-31,PO535998,U002,CC598,6135,False,none
INV00003764,421689421,Adam Leblanc S.A.R.L. SA,FR8087158415608213711842547,12630.09,EUR,2024-04-18,2024-04-24,PO865089,U017,CC545,6063,False,none
INV00002591,591846386,Vasseur Menard S.A.R.L. EURL,FR6918856669541329715066626,10194.99,EUR,2024-04-14,2024-04-20,PO947932,U024,CC334,6061,False,none
INV00000367,863794026,Leconte Da Costa et Fils SCI,FR7019283276483503056413953,565.07,EUR,2025-01-18,2025-01-22,PO499442,U009,CC504,6135,False,none
INV00004530,952111790,Pages SAS,FR0979050404333353849516321,439.8,EUR,2025-05-28,2025-06-04,PO328020,U002,CC189,6132,False,none
INV00004718,339845461,Pascal SAS,FR2652924075536668459090225,1048.55,EUR,2024-09-06,2024-09-09,PO358738,U005,CC627,6061,False,none
INV00001702,262244472,Royer Bouvet S.A. SASU,FR6364027011686462252237281,111.57,EUR,2025-12-13,2025-12-13,PO866278,U003,CC477,6068,False,none
INV00000135,746807154,Briand EURL,FR2461889241418328569146303,2952.51,EUR,2025-03-09,2025-03-10,PO455193,U017,CC554,6061,False,none
INV00002275,000257872,David et Fils SASU,FR4990714014011939325012495,1305.09,EUR,2024-07-25,2024-07-29,PO886512,U004,CC957,6061,False,none
INV00000047,146303161,Barbe S.A.S. SCI,FR2997745731441583311703037,1026.07,EUR,2025-06-06,2025-06-09,PO324319,U012,CC884,6132,False,none
INV00003821,235116155,Guillon SA,FR5453287101226916697848018,1891.91,EUR,2025-06-26,2025-07-03,PO210968,U023,CC219,6068,False,none
INV00001168,978403690,Couturier SCI,FR8833565880434165182755394,2234.78,EUR,2024-12-04,2024-12-08,PO627499,U009,CC740,6228,False,none
INV00002596,484086211,Aubert SASU,FR3292840445669078263337389,4235.16,EUR,2024-08-27,2024-08-29,PO734875,U004,CC483,6132,False,none
INV00001897,901627204,Jean SASU,FR5443757584419866524041574,417.9,EUR,2025-10-28,2025-10-31,,U018,CC545,6065,False,none
INV00002939,165726284,Gaudin Charpentier S.A. EURL,FR6595995342836440892687056,5253.6,EUR,2024-03-20,2024-03-22,PO391373,U001,CC132,6135,False,none
INV00003214,103712938,Lévêque Humbert S.A.R.L. SARL,FR2082659608931992550272751,1175.59,EUR,2024-01-25,2024-02-01,PO419224,U011,CC948,6135,False,none
INV00003873,199410137,Pages SCI,FR5820377107044964104967066,361.19,EUR,2025-01-02,2025-01-08,PO378155,U014,CC259,6132,False,none
INV00000061,478985625,Philippe et Fils SA,FR2858929880858382521293289,1556.1,EUR,2024-03-07,2024-03-09,PO307731,U015,CC504,6068,False,none
INV00002103,021158693,Bigot Coste SARL SASU,FR7696905150267551254278207,198.74,EUR,2025-09-27,2025-09-27,PO871457,U020,CC852,6061,False,none
INV00002694,869222196,Ollivier Ribeiro SA SAS,FR7808989921722332061632945,2932.31,EUR,2024-08-17,2024-08-17,PO945988,U014,CC718,6181,False,none
INV00000095,186449251,Thibault Morvan S.A. SA,FR1984577600490824043350488,4288.1,EUR,2025-12-24,2025-12-24,PO249149,U014,CC949,6228,False,none
INV00004172,641605297,Bouchet SA SCI,FR7593998245587716947225699,362.54,EUR,2025-02-28,2025-03-04,PO469514,U000,CC939,6181,False,none
INV00000478,833016571,Joubert S.A. SCI,FR8676064413432756041776561,143.96,EUR,2024-02-25,2024-03-03,PO664271,U002,CC906,6063,False,none
INV00003077,481491778,Da Silva S.A.S. EURL,FR1131814396661347323549401,407.42,EUR,2024-06-24,2024-07-01,PO372816,U016,CC551,6132,False,none
INV00003032,357332214,Berger Guérin SARL SAS,FR0665911665535590425979270,242.03,EUR,2025-07-16,2025-07-18,PO765864,U000,CC624,6132,False,none
INV00004381,104328986,Girard Gonzalez S.A. SARL,FR5850209945101622499982795,991.31,EUR,2025-11-03,2025-11-08,,U002,CC740,6132,False,none
INV00000977,175354083,Morel Chevallier S.A. SAS,FR1413695727908335090254257,621.77,EUR,2024-06-08,2024-06-12,PO223694,U002,CC518,6181,False,none
INV00004733,233095849,Jacob Humbert S.A.S. SASU,FR3488788361968931350305872,386.62,EUR,2025-09-12,2025-09-17,PO800404,U029,CC189,6132,False,none
INV00001886,783613407,Laurent Dumas S.A.R.L. SARL,FR3025436172131451951510922,6106.17,EUR,2024-02-04,2024-02-09,PO925061,U009,CC737,6063,False,none
INV00002187,799650752,Le Roux Bailly SA SAS,FR6031739363854678544587717,4112.05,EUR,2024-01-15,2024-01-22,PO807736,U024,CC128,6228,False,none
INV00003149,341036971,Georges SA,FR1814586833901981794695489,607.48,EUR,2025-09-21,2025-09-22,PO686655,U024,CC446,6132,False,none
INV00000969,578759856,Garnier S.A. SCI,FR2889868180978875439435353,219.32,EUR,2024-09-02,2024-09-04,PO780748,U002,CC179,6068,False,none
INV00000322,481491778,Da Silva S.A.S. EURL,FR1131814396661347323549401,353.54,EUR,2025-11-09,2025-11-12,PO988494,U025,CC177,6068,False,none
INV00003459,628900287,Dupont SA,FR1072311127128524648449411,758.92,EUR,2025-12-09,2025-12-12,PO414585,U017,CC105,6063,False,none
INV00004272,783908470,Laurent SARL,FR1858877043581128801336138,99.91,EUR,2024-01-30,2024-02-03,PO134118,U024,CC593,6061,False,none
INV00004410,721811437,Lebrun Boutin S.A. SCI,FR8889218785193583749079779,915.39,EUR,2024-06-04,2024-06-07,PO510360,U024,CC473,6068,False,none
INV00000670,375265479,Chartier SASU,FR8312871539915668633414111,16299.84,EUR,2024-11-19,2024-11-22,PO999595,U002,CC412,6181,False,none
INV00001918,977236929,Moreau EURL,FR7191767993593744039464083,1656.87,EUR,2024-02-12,2024-02-19,PO866463,U026,CC650,6132,False,none
INV00003919,955439376,Vaillant S.A.R.L. SASU,FR2592082832308981388158814,356.07,EUR,2024-10-29,2024-11-05,PO605181,U023,CC660,6132,False,none
INV00001770,239431290,Diaz SAS,FR7139527536749785249141686,745.84,EUR,2024-12-20,2024-12-26,PO145090,U026,CC196,6181,False,none
INV00001946,918255371,Masson Aubert SARL SARL,FR9626650237416787256862110,57.16,EUR,2024-11-12,2024-11-12,PO584153,U026,CC664,6065,False,none
INV00004159,510702966,David SARL,FR5150954930596601864876998,1496.75,EUR,2025-03-26,2025-03-29,PO507193,U018,CC950,6135,False,none
INV00000881,327648350,Vallée SCI,FR8736026064746872343098050,730.0,EUR,2025-11-27,2025-12-04,,U009,CC945,6063,False,none
INV00000291,952111790,Pages SAS,FR0979050404333353849516321,651.55,EUR,2025-06-25,2025-06-30,PO996677,U016,CC899,6068,False,none
INV00004239,466711684,Martel SCI,FR4166205634111595034281139,3310.57,EUR,2025-12-13,2025-12-17,PO752911,U007,CC611,6068,False,none
INV00001200,432225913,Ruiz Rémy SA SASU,FR8391090326714949819421794,8558.44,EUR,2025-12-10,2025-12-12,PO255486,U006,CC415,6065,False,none
INV00000533,100225579,Menard Brunel S.A. SARL,FR8520715116966672521452647,9.54,EUR,2025-11-02,2025-11-08,PO961784,U018,CC875,6061,False,none
INV00001705,193466766,Goncalves SASU,FR8549561213773062604235973,275.78,EUR,2025-09-15,2025-09-19,PO326632,U006,CC883,6135,False,none
INV00001697,474517123,Moreau Labbé SA SAS,FR7233542168942104478985625,1441.89,EUR,2024-10-12,2024-10-13,PO916101,U008,CC184,6228,False,none
INV00003650,278681447,Fontaine Laurent S.A.S. SCI,FR5109391119269212447174654,885.33,EUR,2024-03-24,2024-03-28,PO366263,U029,CC880,6063,False,none
INV00003038,567982507,Delahaye EURL,FR7667146283143598926256609,485.55,EUR,2025-05-26,2025-05-26,PO974613,U015,CC676,6181,False,none
INV00001839,788191485,Royer S.A. SASU,FR9390018513279724572308481,2146.42,EUR,2025-10-04,2025-10-08,PO497315,U004,CC983,6061,False,none
INV00000657,510702966,David SARL,FR5150954930596601864876998,1936.21,EUR,2024-08-01,2024-08-03,PO187298,U008,CC792,6181,False,none
INV00002707,369155942,Paul et Fils SCI,FR9212600308356691062715312,3619.38,EUR,2024-08-06,2024-08-10,PO793459,U007,CC973,6061,False,none
INV00001726,892268018,Meunier Riou SARL SAS,FR3076329092791456083318195,115.78,EUR,2024-07-03,2024-07-04,PO899786,U000,CC495,6065,False,none
INV00002662,417154544,Costa SA,FR5121641758231334845871493,1252.32,EUR,2024-12-15,2024-12-21,PO422920,U019,CC368,6065,False,none
INV00003130,955439376,Vaillant S.A.R.L. SASU,FR2592082832308981388158814,4192.79,EUR,2024-06-09,2024-06-16,PO482483,U022,CC724,6181,False,none
INV00000428,651827553,Alexandre SARL SARL,FR4121269428946420362586314,2372.38,EUR,2024-04-04,2024-04-04,PO642479,U002,CC186,6135,False,none
INV00003189,018451462,Godard S.A.R.L. SASU,FR2956981693406088356159514,191.32,EUR,2025-08-27,2025-09-01,PO919875,U022,CC194,6132,False,none
INV00004345,765991624,Cousin SAS,FR7310424624561851744600452,1052.9,EUR,2025-09-11,2025-09-16,PO686316,U010,CC884,6065,False,none
INV00004599,346578713,Hubert SCI,FR0310033092327193745299124,1183.42,EUR,2024-03-18,2024-03-22,PO945920,U001,CC149,6181,False,none
INV00003318,886101581,Thomas Richard S.A.S. SASU,FR5457666567491601692364587,2299.66,EUR,2025-06-11,2025-06-12,PO961729,U024,CC172,6061,False,none
INV00004974,363495788,Da Costa SA,FR8561567933410166687002176,11.45,EUR,2025-01-16,2025-01-18,PO944057,U024,CC496,6063,False,none
INV00003292,074329271,Goncalves SA SARL,FR8234654950050702608698221,2200.66,EUR,2024-12-16,2024-12-16,PO805225,U005,CC715,6135,False,none
INV00001379,304637454,Boulanger SA SA,FR9197592304501896164236103,1051.55,EUR,2025-10-01,2025-10-05,PO871168,U007,CC643,6061,False,none
INV00000807,800439735,Breton Durand SA SA,FR5358752568065625904599080,5436.97,EUR,2025-03-29,2025-03-29,PO705923,U013,CC231,6181,False,none
INV00003566,865890260,Royer et Fils SAS,FR3684148460191344389982780,4214.39,EUR,2025-07-03,2025-07-09,,U016,CC235,6181,False,none
INV00001374,655852398,Delattre S.A.R.L. SARL,FR8812075452798524013223423,525.44,EUR,2024-06-14,2024-06-21,PO842640,U015,CC719,6065,False,none
INV00002470,165726284,Gaudin Charpentier S.A. EURL,FR6595995342836440892687056,226.74,EUR,2025-04-04,2025-04-11,,U002,CC840,6065,False,none
INV00000733,537735158,Leblanc SARL,FR5203758997571130554885102,1104.99,EUR,2025-07-21,2025-07-27,PO849575,U026,CC215,6228,False,none
INV00001564,942788165,Hamel SAS,FR4686287203195419666450573,27168.71,EUR,2025-06-06,2025-06-12,PO525006,U013,CC969,6068,False,none
INV00003034,254629148,Rey Boucher SARL SCI,FR8996931572791940961055661,908.26,EUR,2025-07-07,2025-07-14,PO289110,U010,CC921,6061,False,none
INV00004940,584419866,Gay EURL,FR4351364424936312303477866,482.64,EUR,2025-04-25,2025-04-30,PO829392,U013,CC219,6063,False,none
INV00003126,869222196,Ollivier Ribeiro SA SAS,FR7808989921722332061632945,7344.81,EUR,2024-02-10,2024-02-10,PO186973,U004,CC174,6061,False,none
INV00004666,315869232,Arnaud S.A. SAS,FR4661201836675254599102290,5703.51,EUR,2025-02-27,2025-03-05,PO298231,U004,CC702,6135,False,none
INV00005071,669849027,Martins S.A.R.L. SARL,FR9481187233351040961497315,24975.01,EUR,2024-06-15,2024-06-22,PO383542,U014,CC102,6132,True,under_threshold
INV00004179,676320163,Marchal SCI,FR8220297021355690927557192,2378.28,EUR,2025-10-10,2025-10-16,PO399568,U015,CC242,6181,False,none
INV00003729,588153714,Simon S.A. SAS,FR7785695579887749242437540,8599.39,EUR,2025-08-13,2025-08-15,PO214187,U015,CC894,6061,False,none
INV00001480,310341316,Delannoy Langlois S.A.R.L. SASU,FR6557871331509839301031051,344.06,EUR,2024-07-02,2024-07-02,PO798258,U008,CC699,6061,False,none
INV00004606,518233749,Martinez SAS,FR9547735866296194311426265,3890.27,EUR,2025-08-28,2025-09-04,,U018,CC246,6181,False,none
INV00001451,294019655,Garnier SA,FR9019986798079359782071518,197.7,EUR,2024-09-11,2024-09-17,PO625738,U017,CC142,6063,False,none
INV00003450,167014508,Pires EURL,FR6708031499825080046358068,327.11,EUR,2025-10-15,2025-10-19,PO381249,U019,CC516,6135,False,none
INV00004357,187851910,Dufour Garcia S.A. SASU,FR2703037236831472760122777,1153.5,EUR,2025-06-24,2025-06-28,PO256132,U023,CC935,6181,False,none
INV00004715,562718750,Chauvin Laporte S.A.R.L. SASU,FR2809263223998213745561140,935.95,EUR,2025-12-22,2025-12-26,,U001,CC758,6228,False,none
INV00002387,484086211,Aubert SASU,FR3292840445669078263337389,4085.91,EUR,2024-09-04,2024-09-06,PO996805,U005,CC657,6181,False,none
INV00003691,438057198,Jacob S.A. SCI,FR9751877941763425073305597,1893.1,EUR,2025-02-13,2025-02-17,PO641676,U027,CC744,6065,False,none
INV00001117,135521570,Durand SA,FR4365817390637579145211823,96.58,EUR,2025-10-01,2025-10-05,PO526962,U006,CC119,6181,False,none
INV00000102,805310033,Daniel SARL SARL,FR8988728743152742054932966,19136.61,EUR,2025-07-01,2025-07-01,PO365406,U000,CC569,6228,False,none
INV00002602,540331739,Paris SAS,FR1487758030468750635190361,710.5,EUR,2024-08-22,2024-08-28,PO645013,U010,CC751,6135,False,none
INV00002462,495621372,Martins SA,FR1814244260781975437347642,2087.58,EUR,2024-07-27,2024-08-03,PO904318,U009,CC101,6065,False,none
INV00001101,274205493,Gomes Gallet S.A.R.L. SA,FR5328703203207427617075877,5774.24,EUR,2024-10-28,2024-10-28,PO371213,U023,CC749,6063,False,none
INV00001874,165726284,Gaudin Charpentier S.A. EURL,FR6595995342836440892687056,14637.12,EUR,2024-08-14,2024-08-17,PO484541,U011,CC838,6181,False,none
INV00002318,257905072,Gonzalez Bernard S.A. SAS,FR1739087884434481230834024,4064.0,EUR,2024-12-26,2024-12-29,PO943577,U001,CC437,6228,False,none
INV00002299,438057198,Jacob S.A. SCI,FR9751877941763425073305597,684.89,EUR,2024-04-06,2024-04-08,,U028,CC651,6063,False,none
INV00000070,809402445,Ollivier Bonneau S.A.S. SCI,FR6188117298068650863765991,1899.42,EUR,2025-03-27,2025-03-31,,U020,CC108,6063,False,none
INV00004391,711382675,Arnaud SA,FR1865902771670145089935889,1037.26,EUR,2024-10-11,2024-10-11,PO111366,U019,CC869,6065,False,none
INV00004683,363745458,Charrier Blondel et Fils EURL,FR7985725459606339912971024,231.08,EUR,2024-03-13,2024-03-14,PO521390,U021,CC938,6132,False,none
INV00002240,995777387,Andre EURL,FR3179808932460953962185188,492.27,EUR,2025-11-28,2025-11-30,PO238834,U009,CC153,6135,False,none
INV00003593,082677345,Ledoux SA SAS,FR3527206345911238296577242,9227.03,EUR,2025-08-17,2025-08-19,PO435059,U020,CC857,6061,False,none
INV00005092,000000000,Andre SASU,FR0992518812520566474231220,4721.09,EUR,2024-06-24,2024-07-01,PO303554,U024,CC800,6065,True,shell_company
INV00004549,442067883,Dias SARL,FR2617195535603319036890030,172.01,EUR,2025-03-20,2025-03-22,,U016,CC587,6068,False,none
INV00001221,435175183,Ledoux SAS,FR9681180715695620175370304,2351.39,EUR,2024-04-16,2024-04-22,PO662799,U014,CC237,6061,False,none
INV00003268,493759738,Faivre S.A. SASU,FR8443985298940626078701041,574.55,EUR,2024-02-19,2024-02-23,PO218168,U019,CC506,6181,False,none
INV00003103,199867980,Lopez SARL SCI,FR9828127358573065240778487,205.35,EUR,2025-09-10,2025-09-14,PO164226,U009,CC162,6132,False,none
INV00001992,556472929,Moreno EURL,FR6614492074926999699648997,139.88,EUR,2025-10-28,2025-11-03,PO695484,U018,CC535,6065,False,none
INV00001375,638546785,Hoarau SAS,FR3973505831997179110065120,5183.9,EUR,2025-04-26,2025-04-30,PO720559,U027,CC981,6061,False,none
INV00002809,005162713,De Oliveira Grenier S.A.S. EURL,FR0629635339055044817766558,669.78,EUR,2024-03-07,2024-03-14,PO979380,U017,CC825,6132,False,none
INV00003095,926442209,Regnier SAS,FR1328634255638300081867024,745.76,EUR,2025-06-25,2025-07-01,,U025,CC621,6065,False,none
INV00004367,321334803,Fontaine Perret SA SASU,FR5621288665268341559991015,745.32,EUR,2025-10-04,2025-10-06,PO704544,U025,CC909,6065,False,none
INV00002555,662532447,Masse SARL,FR6009454490149542770707057,834.02,EUR,2024-05-03,2024-05-10,PO226554,U015,CC209,6181,False,none
INV00001034,668516122,Roy Bouvet S.A.S. SASU,FR4449939089261371504165915,716.25,EUR,2025-07-24,2025-07-24,PO884490,U003,CC270,6068,False,none
INV00004006,805310033,Daniel SARL SARL,FR8988728743152742054932966,135.04,EUR,2024-07-31,2024-08-07,PO628302,U023,CC178,6063,False,none
INV00003999,357332214,Berger Guérin SARL SAS,FR0665911665535590425979270,1458.06,EUR,2025-06-11,2025-06-12,PO189208,U000,CC978,6068,False,none
INV00004738,115542622,Weber SARL,FR2664911110961798178904633,2120.91,EUR,2024-07-10,2024-07-10,PO585898,U020,CC253,6065,False,none
INV00001532,043581128,Lemonnier Chrétien S.A. EURL,FR4008172143643813000413211,7164.27,EUR,2025-09-28,2025-10-03,PO392843,U014,CC351,6228,False,none
INV00003340,175354083,Morel Chevallier S.A. SAS,FR1413695727908335090254257,9118.51,EUR,2024-10-07,2024-10-14,PO511239,U015,CC949,6135,False,none
INV00003972,556472929,Moreno EURL,FR6614492074926999699648997,178.8,EUR,2024-07-15,2024-07-20,PO126652,U028,CC450,6135,False,none
INV00002944,369155942,Paul et Fils SCI,FR9212600308356691062715312,12866.25,EUR,2025-10-06,2025-10-08,PO726738,U008,CC443,6181,False,none
INV00002245,413836702,Gonzalez EURL,FR3938497916202232883774419,4351.87,EUR,2024-10-05,2024-10-07,PO167202,U005,CC259,6135,False,none
INV00001534,016400524,Blanchet SA,FR0417839084700766177115921,2326.96,EUR,2024-03-03,2024-03-07,PO937642,U015,CC793,6181,False,none
INV00004846,103865719,Albert SA,FR9896094097052774025883586,134.11,EUR,2024-04-05,2024-04-07,PO905595,U009,CC487,6068,False,none
INV00002856,773592555,Lacombe EURL,FR6784795137116241124127238,9332.07,EUR,2025-02-11,2025-02-12,PO624972,U004,CC401,6065,False,none
INV00005105,563032826,Weber EURL,FR7547424631043796868008529,11157.63,EUR,2025-01-21,2025-01-23,PO598077,U000,CC132,6061,True,shared_iban_ring
INV00000381,852772217,Leclerc S.A.S. SA,FR9185424932149587020701601,3970.21,EUR,2024-02-09,2024-02-09,PO575111,U010,CC849,6065,False,none
INV00001504,232719374,Jacob SASU,FR1774549904530174268414593,1733.66,EUR,2024-08-20,2024-08-20,,U002,CC384,6063,False,none
INV00004497,955439376,Vaillant S.A.R.L. SASU,FR2592082832308981388158814,8383.9,EUR,2025-06-26,2025-06-26,PO254718,U028,CC843,6132,False,none
INV00002706,528168505,Brunet Girard et Fils SCI,FR3367998136462251790864168,44400.13,EUR,2025-04-14,2025-04-21,PO253924,U026,CC731,6063,False,none
INV00002379,357332214,Berger Guérin SARL SAS,FR0665911665535590425979270,952.39,EUR,2024-08-05,2024-08-08,PO316619,U012,CC171,6135,False,none
INV00003296,240084271,De Oliveira SASU,FR8171543799371240659657569,8558.65,EUR,2025-01-27,2025-02-01,PO948006,U008,CC171,6065,False,none
INV00002107,662961943,Boulay SASU,FR7091025743263039752450864,525.25,EUR,2024-04-21,2024-04-22,PO149319,U013,CC359,6181,False,none
INV00004753,799371240,Hoareau SCI,FR3905510762091843579786305,10583.76,EUR,2024-10-30,2024-11-03,PO192563,U000,CC677,6065,False,none
INV00003842,522047277,Colin Lecoq et Fils SCI,FR5564474212309407778097339,1844.83,EUR,2025-08-09,2025-08-14,PO845469,U010,CC928,6063,False,none
INV00002407,432225913,Ruiz Rémy SA SASU,FR8391090326714949819421794,29.87,EUR,2025-02-13,2025-02-14,PO859338,U020,CC464,6228,False,none
INV00000233,872050614,Chauvin SASU,FR7044090797727810509222161,803.72,EUR,2025-03-28,2025-04-03,PO239158,U011,CC402,6068,False,none
INV00003967,792499125,Gillet S.A.R.L. SA,FR9743356708604145456350200,630.01,EUR,2025-08-07,2025-08-07,PO674739,U024,CC177,6061,False,none
INV00001126,257905072,Gonzalez Bernard S.A. SAS,FR1739087884434481230834024,936.17,EUR,2025-03-27,2025-04-02,PO238094,U012,CC721,6063,False,none
INV00004707,484086211,Aubert SASU,FR3292840445669078263337389,125.85,EUR,2024-07-13,2024-07-20,PO604770,U018,CC844,6061,False,none
INV00001964,669096705,Roux SAS,FR0683584168784991216558523,401.58,EUR,2025-03-12,2025-03-17,PO156307,U000,CC811,6181,False,none
INV00000633,269166978,Pasquier Laurent S.A. SCI,FR6256342160733754330365414,46.58,EUR,2024-06-06,2024-06-12,PO810828,U015,CC456,6181,False,none
INV00002499,792499125,Gillet S.A.R.L. SA,FR9743356708604145456350200,1018.22,EUR,2024-07-09,2024-07-09,,U025,CC382,6061,False,none
INV00000415,895798687,Bigot SASU,FR0482911467866912517785289,630.41,EUR,2024-12-23,2024-12-29,PO617708,U009,CC340,6068,False,none
INV00001501,829221699,François EURL,FR9393110059129751910231211,532.6,EUR,2024-05-05,2024-05-11,,U006,CC931,6132,False,none
INV00002842,210470952,Cousin Pereira S.A.R.L. SCI,FR2248251353465549471709991,315.0,EUR,2024-03-22,2024-03-22,PO144289,U014,CC309,6135,False,none
INV00000911,776945314,Neveu SASU,FR6070866882634351751830469,702.52,EUR,2024-07-12,2024-07-17,PO708934,U011,CC698,6181,False,none
INV00000996,754558845,Ledoux S.A.R.L. SARL,FR1131139500168094149150762,776.93,EUR,2024-11-14,2024-11-17,PO443005,U005,CC619,6135,False,none
INV00004153,564139537,Parent S.A. SARL,FR0619399091699854353462475,1196.35,EUR,2024-09-06,2024-09-13,PO836094,U003,CC714,6181,False,none
INV00004058,532787747,Faivre SASU,FR2129751702814069375150939,870.08,EUR,2024-12-15,2024-12-22,,U002,CC449,6065,False,none
INV00003428,135290965,Carlier S.A.S. SARL,FR3288718981312920875102932,206.27,EUR,2025-04-06,2025-04-12,PO831126,U029,CC728,6068,False,none
INV00004672,816934060,Carre SASU,FR2865905151864492519254629,378.24,EUR,2025-03-25,2025-03-31,PO836660,U014,CC547,6065,False,none
INV00000017,773592555,Lacombe EURL,FR6784795137116241124127238,1248.21,EUR,2025-12-10,2025-12-17,PO133278,U010,CC182,6065,False,none
INV00002895,995777387,Andre EURL,FR3179808932460953962185188,348.72,EUR,2025-11-16,2025-11-22,PO872158,U011,CC170,6135,False,none
INV00001893,004786863,Boulay et Fils SAS,FR9374907539989354492683158,4606.21,EUR,2025-09-13,2025-09-14,PO131962,U027,CC837,6063,False,none
INV00001902,551884422,Buisson et Fils SCI,FR0377661830671985546015851,252.45,EUR,2025-01-21,2025-01-23,PO598077,U000,CC132,6061,False,none
INV00004502,374741124,Hervé Sanchez S.A.S. SA,FR2338984690819740056435023,483.86,EUR,2025-08-03,2025-08-09,PO417072,U001,CC652,6228,False,none
INV00000596,711116152,Michaud SAS,FR7694278816580392827229927,69.31,EUR,2024-12-04,2024-12-06,,U024,CC194,6181,False,none
INV00001436,999347687,Poirier SARL,FR4172322903102879508304405,11826.22,EUR,2025-08-29,2025-08-30,PO375487,U014,CC919,6068,False,none
INV00002292,522675289,Alexandre SA,FR7004735047639283199529800,2627.89,EUR,2025-08-07,2025-08-10,PO527304,U028,CC864,6063,False,none
INV00004728,143866322,Cousin SA SAS,FR2584993231234266980690872,1707.19,EUR,2024-06-05,2024-06-06,PO367054,U026,CC974,6068,False,none
INV00004899,434266179,Klein SCI,FR8533305912662015720185962,1552.51,EUR,2024-04-14,2024-04-21,PO250914,U016,CC283,6181,False,none
INV00004689,413435240,Fernandez Lemoine S.A.R.L. SASU,FR8488861015819956046618398,506.86,EUR,2024-12-16,2024-12-23,PO876366,U008,CC245,6065,False,none
INV00001323,165726284,Gaudin Charpentier S.A. EURL,FR6595995342836440892687056,270.43,EUR,2024-02-21,2024-02-21,PO214655,U003,CC334,6061,False,none
INV00000371,669849027,Martins S.A.R.L. SARL,FR9481187233351040961497315,39240.39,EUR,2024-02-16,2024-02-22,PO376002,U019,CC949,6132,False,none
INV00002167,725217525,Gay et Fils SASU,FR6831670450232902822700934,382.66,EUR,2024-02-01,2024-02-05,PO320012,U006,CC807,6065,False,none
INV00004411,869261796,Bodin Lelièvre S.A.R.L. SCI,FR7421753540838663177971775,1652.3,EUR,2024-11-08,2024-11-14,PO349682,U000,CC423,6228,False,none
INV00000652,651827553,Alexandre SARL SARL,FR4121269428946420362586314,615.78,EUR,2025-11-28,2025-11-28,PO644675,U028,CC901,6132,False,none
INV00000598,800439735,Breton Durand SA SA,FR5358752568065625904599080,159.92,EUR,2025-12-09,2025-12-15,PO869584,U013,CC870,6063,False,none
INV00000676,418328569,Lagarde SARL,FR4663213580040104145964229,489.46,EUR,2024-05-27,2024-05-30,PO484880,U026,CC236,6135,False,none
INV00000238,527047743,Aubry EURL,FR3775955872096289365435884,5717.02,EUR,2024-05-20,2024-05-23,PO184891,U019,CC443,6061,False,none
INV00003634,903521356,Joseph SCI,FR8891872401078356743000389,1110.54,EUR,2024-09-25,2024-10-02,PO859293,U022,CC867,6061,False,none
INV00004056,374741124,Hervé Sanchez S.A.S. SA,FR2338984690819740056435023,1332.56,EUR,2024-10-17,2024-10-24,PO525075,U021,CC603,6063,False,none
INV00003574,057202590,Gros SA,FR3823945354614707986321061,7839.15,EUR,2024-07-27,2024-07-31,PO813085,U029,CC102,6181,False,none
INV00002784,159399824,Besnard EURL,FR4194620726629250817760299,1216.29,EUR,2025-11-25,2025-12-02,PO940212,U023,CC190,6132,False,none
INV00001220,797403447,Guilbert EURL,FR7376767721903404384279788,3128.32,EUR,2024-02-25,2024-02-28,,U002,CC215,6228,False,none
INV00000075,034505415,Berthelot SA,FR5814876963938276153966958,1089.71,EUR,2024-02-10,2024-02-17,PO264631,U000,CC455,6135,False,none
INV00001632,799650752,Le Roux Bailly SA SAS,FR6031739363854678544587717,857.77,EUR,2025-02-07,2025-02-10,PO866773,U002,CC800,6181,False,none
INV00002714,058651850,Bernard Boulay SA SASU,FR7178686337524310690331190,5241.06,EUR,2024-01-22,2024-01-22,PO998951,U011,CC511,6065,False,none
INV00004917,321334803,Fontaine Perret SA SASU,FR5621288665268341559991015,16543.58,EUR,2025-04-01,2025-04-03,PO975853,U028,CC692,6228,False,none
INV00003317,933472122,Hamon SASU,FR8116517680866281372143308,3695.17,EUR,2024-07-08,2024-07-10,PO440564,U002,CC800,6061,False,none
INV00002937,509839301,Moreno SA SARL,FR7886518506716572628498776,2017.15,EUR,2024-01-14,2024-01-15,PO368534,U010,CC856,6065,False,none
INV00005029,892687056,Brunet S.A.R.L. S.A.R.L.,FR8420952004615265461033993,147.53,EUR,2025-04-25,2025-04-27,PO396451,U000,CC577,6068,True,duplicate_fuzzy
INV00005119,165024238,Regnier Besnard S.A. SASU,FR5240507648717754619924065,11362.02,EUR,2025-11-23,2025-11-26,PO938641,U016,CC468,6228,True,shared_iban_ring
INV00003336,010393087,Hebert S.A.R.L. EURL,FR5941241513152854781506185,83.35,EUR,2025-04-04,2025-04-10,PO665071,U019,CC693,6132,False,none
INV00002264,564139537,Parent S.A. SARL,FR0619399091699854353462475,86.38,EUR,2024-09-07,2024-09-12,PO248646,U025,CC719,6065,False,none
INV00005072,669849027,Martins S.A.R.L. SARL,FR9481187233351040961497315,24893.61,EUR,2024-06-15,2024-06-22,PO383542,U014,CC102,6132,True,under_threshold
INV00004387,706324241,Charpentier S.A.R.L. EURL,FR5896136715778711216636515,1883.96,EUR,2025-09-09,2025-09-15,PO727675,U000,CC441,6065,False,none
INV00002405,159399824,Besnard EURL,FR4194620726629250817760299,1314.3,EUR,2025-02-06,2025-02-06,PO233920,U012,CC236,6135,False,none
INV00001746,518233749,Martinez SAS,FR9547735866296194311426265,4811.87,EUR,2025-11-28,2025-12-04,PO675932,U025,CC969,6065,False,none
INV00000096,995777387,Andre EURL,FR3179808932460953962185188,975.21,EUR,2024-02-09,2024-02-11,PO439173,U014,CC125,6065,False,none
INV00004822,004786863,Boulay et Fils SAS,FR9374907539989354492683158,953.1,EUR,2024-03-12,2024-03-16,PO669402,U021,CC182,6068,False,none
INV00001881,529042284,Bourgeois SARL SAS,FR9324420438057198386384066,3798.72,EUR,2025-05-03,2025-05-10,PO274432,U019,CC734,6061,False,none
INV00001539,339845461,Pascal SAS,FR2652924075536668459090225,6761.35,EUR,2024-05-18,2024-05-21,PO326041,U013,CC893,6065,False,none
INV00002144,943969078,Pelletier Collet S.A. SCI,FR3710742799077262570165804,905.12,EUR,2024-06-04,2024-06-08,PO319273,U011,CC935,6132,False,none
INV00000621,865890260,Royer et Fils SAS,FR3684148460191344389982780,2342.71,EUR,2025-02-22,2025-03-01,,U022,CC440,6068,False,none
INV00003528,727875588,Gérard SASU,FR9599934768701462638380657,5378.82,EUR,2025-12-28,2025-12-28,PO648984,U027,CC628,6181,False,none
INV00003878,562718750,Chauvin Laporte S.A.R.L. SASU,FR2809263223998213745561140,5156.46,EUR,2024-11-03,2024-11-05,PO164274,U025,CC713,6065,False,none
INV00000566,788728743,Hernandez SA,FR2552809242875721586241502,1388.66,EUR,2025-01-18,2025-01-21,PO166240,U007,CC198,6065,False,none
INV00004640,628900287,Dupont SA,FR1072311127128524648449411,992.54,EUR,2024-05-12,2024-05-16,PO587437,U010,CC112,6065,False,none
INV00003204,565574313,Bouvet SA SA,FR5259025176298334774332683,1492.89,EUR,2024-03-28,2024-03-28,PO129965,U002,CC531,6065,False,none
INV00001344,357332214,Berger Guérin SARL SAS,FR0665911665535590425979270,19678.98,EUR,2024-06-11,2024-06-17,,U006,CC445,6065,False,none
INV00000748,143866322,Cousin SA SAS,FR2584993231234266980690872,845.61,EUR,2025-04-02,2025-04-02,PO545339,U011,CC155,6063,False,none
INV00004660,638546785,Hoarau SAS,FR3973505831997179110065120,34579.44,EUR,2025-07-20,2025-07-27,PO481897,U012,CC595,6065,False,none
INV00000051,003791769,Bernier SAS,FR7565277584161692845115447,870.52,EUR,2024-09-27,2024-09-27,PO263690,U004,CC371,6135,False,none
INV00001924,234138999,Pages Valette S.A.R.L. SA,FR3040412091179112442117536,155.33,EUR,2025-11-13,2025-11-14,PO635715,U028,CC611,6132,False,none
INV00002644,965756924,Gilbert SA,FR7316493289802714872717833,337.54,EUR,2025-08-02,2025-08-02,PO256397,U014,CC586,6065,False,none
INV00004284,513338726,Lebreton SCI,FR1549649909133412328120679,196.66,EUR,2025-11-06,2025-11-11,PO413555,U016,CC368,6228,False,none
INV00001505,785969691,Gay S.A.R.L. SCI,FR4547163928234143637189239,1903.96,EUR,2024-02-18,2024-02-22,PO200548,U029,CC860,6181,False,none
INV00000534,587717535,Maréchal SA,FR7596399076769915078593110,100.5,EUR,2024-01-15,2024-01-17,PO338633,U007,CC840,6068,False,none
INV00000745,347955276,Ledoux SA,FR7929384401348087354378826,2189.4,EUR,2024-05-31,2024-06-02,PO162471,U029,CC457,6135,False,none
INV00003403,210388629,Launay Martins et Fils EURL,FR8151448811210314217518878,208.14,EUR,2024-11-06,2024-11-09,PO191389,U009,CC841,6181,False,none
INV00001592,779082723,Perret SA,FR6634392529596111102867120,873.84,EUR,2024-05-03,2024-05-06,PO707716,U008,CC504,6132,False,none
INV00000443,474517123,Moreau Labbé SA SAS,FR7233542168942104478985625,2099.53,EUR,2025-04-14,2025-04-21,,U021,CC638,6181,False,none
INV00004400,842579913,Durand SASU,FR6349079388413685283061537,1066.05,EUR,2024-02-06,2024-02-12,PO143693,U013,CC692,6061,False,none
INV00000195,991241904,Bazin Faivre S.A.S. SAS,FR6918785191088398225871397,3150.73,EUR,2025-02-14,2025-02-19,PO417538,U012,CC156,6063,False,none
INV00004648,326033230,Martin SA,FR0948439910622723626693351,216.19,EUR,2024-03-25,2024-03-29,PO253340,U003,CC598,6181,False,none
INV00003789,525534192,Pereira et Fils EURL,FR4956670106513338726247317,851.45,EUR,2025-10-12,2025-10-15,PO573743,U004,CC232,6068,False,none
INV00000802,759579472,Allain Robin et Fils SARL,FR9137326530601198756178688,14793.89,EUR,2025-09-29,2025-10-06,PO960270,U020,CC820,6181,False,none
INV00001029,788191485,Royer S.A. SASU,FR9390018513279724572308481,4083.98,EUR,2025-12-20,2025-12-22,PO613604,U018,CC355,6063,False,none
INV00001041,826137506,Dijoux SA EURL,FR6670388608680347644726490,233.08,EUR,2025-08-09,2025-08-12,PO198406,U017,CC569,6135,False,none
INV00003210,231491357,Jacquet SA,FR0433399948532089532638902,2116.51,EUR,2024-11-07,2024-11-14,PO256224,U017,CC544,6181,False,none
INV00001538,157399305,Delmas SARL,FR4088255629657542786561942,619.31,EUR,2024-08-03,2024-08-09,PO414067,U011,CC124,6135,False,none
INV00003169,727875588,Gérard SASU,FR9599934768701462638380657,3196.76,EUR,2024-10-16,2024-10-22,PO565413,U016,CC950,6061,False,none
INV00005049,669849027,Martins S.A.R.L. SARL,FR9481187233351040961497315,997.91,EUR,2024-06-15,2024-06-22,PO383542,U014,CC102,6132,True,under_threshold
INV00004203,374741124,Hervé Sanchez S.A.S. SA,FR2338984690819740056435023,14.04,EUR,2024-05-26,2024-05-31,PO222426,U002,CC577,6065,False,none
INV00001782,869261796,Bodin Lelièvre S.A.R.L. SCI,FR7421753540838663177971775,464.5,EUR,2024-07-17,2024-07-19,,U012,CC795,6135,False,none
INV00000644,793341016,Riou EURL,FR8212182097023164334817058,159.08,EUR,2025-05-11,2025-05-14,,U018,CC686,6228,False,none
INV00003053,808412411,De Sousa SCI,FR4086926179640537735158506,2047.93,EUR,2024-04-22,2024-04-27,PO728833,U009,CC102,6228,False,none
INV00003759,479851583,Ruiz SA SASU,FR5425376576927789431910090,19376.12,EUR,2025-07-20,2025-07-23,PO919517,U018,CC782,6063,False,none
INV00005038,321334803,Fontaine Perret SA S.A.S.U,FR5621288665268341559991015,171.53,EUR,2025-01-31,2025-02-01,PO982725,U011,CC155,6132,True,duplicate_fuzzy
INV00004541,949299556,Vasseur Guyot SA SA,FR9534699673311677269608437,2759.18,EUR,2025-10-14,2025-10-14,PO408521,U026,CC504,6061,False,none
INV00000120,312038750,Auger SAS,FR4474969033373634669254812,2620.87,EUR,2025-04-25,2025-04-30,PO953715,U013,CC860,6061,False,none
INV00001242,104332181,Laurent et Fils SCI,FR1533218196001338908386379,7777.74,EUR,2024-12-19,2024-12-23,PO869089,U019,CC708,6063,False,none
INV00004325,482814893,Chauvet Colas SARL SARL,FR4380443699577738721489513,448.84,EUR,2025-05-08,2025-05-15,PO533033,U019,CC469,6135,False,none
INV00004173,310341316,Delannoy Langlois S.A.R.L. SASU,FR6557871331509839301031051,1930.0,EUR,2025-05-26,2025-05-31,PO625863,U001,CC523,6065,False,none
INV00003613,508821009,Guillot Joseph S.A.S. SCI,FR5271690618120546475489547,8605.65,EUR,2025-09-12,2025-09-16,PO584903,U016,CC607,6065,False,none
INV00005039,869222196,Ollivier Ribeiro SA S.A.S.,FR7808989921722332061632945,1492.56,EUR,2025-11-01,2025-11-05,,U011,CC117,6135,True,duplicate_fuzzy
INV00003544,532787747,Faivre SASU,FR2129751702814069375150939,127.64,EUR,2024-03-19,2024-03-24,PO270838,U023,CC183,6132,False,none
INV00003836,793341016,Riou EURL,FR8212182097023164334817058,3515.8,EUR,2024-04-12,2024-04-12,PO783833,U021,CC200,6228,False,none
INV00002585,970283857,Gillet SASU,FR4365565033349114152085076,542.67,EUR,2025-12-25,2025-12-28,,U014,CC416,6135,False,none
INV00004352,727875588,Gérard SASU,FR9599934768701462638380657,6294.1,EUR,2024-10-10,2024-10-13,PO767189,U014,CC631,6065,False,none
INV00000134,673622660,Roux SASU,FR5376251538144744309634807,532.4,EUR,2025-05-11,2025-05-13,PO943058,U009,CC687,6068,False,none
INV00002879,539621851,Leclercq Rémy SARL SASU,FR0977027278576084958803955,2091.16,EUR,2024-10-26,2024-10-31,PO144782,U021,CC964,6135,False,none
INV00004275,467741862,Blanc SARL,FR6212125902035713432406424,1841.54,EUR,2025-05-29,2025-06-02,PO130592,U015,CC326,6228,False,none
INV00001767,687339500,Prévost SARL,FR4598056265650455478137674,1315.61,EUR,2024-09-09,2024-09-10,PO542393,U007,CC944,6135,False,none
INV00002438,058651850,Bernard Boulay SA SASU,FR7178686337524310690331190,1491.54,EUR,2025-07-11,2025-07-11,PO624497,U016,CC375,6132,False,none
INV00000184,086353654,Rémy SAS,FR9096443098591679541072728,17498.13,EUR,2025-12-21,2025-12-24,PO769078,U003,CC825,6063,False,none
INV00004302,353875842,Lucas SASU,FR4715622949381735984884021,843.25,EUR,2024-07-05,2024-07-07,PO135310,U014,CC741,6135,False,none
INV00001909,374741124,Hervé Sanchez S.A.S. SA,FR2338984690819740056435023,373.1,EUR,2024-04-18,2024-04-21,PO308314,U014,CC704,6228,False,none
INV00000511,312038750,Auger SAS,FR4474969033373634669254812,1234.32,EUR,2025-09-20,2025-09-25,PO494172,U006,CC509,6065,False,none
INV00001513,474517123,Moreau Labbé SA SAS,FR7233542168942104478985625,2092.3,EUR,2024-05-25,2024-05-28,PO185980,U013,CC829,6228,False,none
INV00000062,788191485,Royer S.A. SASU,FR9390018513279724572308481,199.61,EUR,2025-02-20,2025-02-23,PO379190,U024,CC540,6135,False,none
INV00004935,949299556,Vasseur Guyot SA SA,FR9534699673311677269608437,3488.24,EUR,2025-04-15,2025-04-17,PO891090,U012,CC601,6135,False,none
INV00004883,996504773,Bertrand SASU,FR7136497189241956252571509,1319.01,EUR,2024-08-01,2024-08-06,PO736007,U020,CC339,6135,False,none
INV00002850,262244472,Royer Bouvet S.A. SASU,FR6364027011686462252237281,6959.11,EUR,2024-05-27,2024-05-29,PO625190,U016,CC872,6065,False,none
INV00003966,821486289,Normand Perrin S.A.R.L. SARL,FR8766630932998199605932971,5163.47,EUR,2024-03-27,2024-04-02,PO334719,U007,CC464,6181,False,none
INV00002776,081219136,Bertrand SAS,FR8076627028951718702621745,463.14,EUR,2025-07-02,2025-07-02,PO287949,U008,CC409,6063,False,none
INV00000907,349361832,Henry SCI,FR7934074517133959629233095,536.32,EUR,2025-06-12,2025-06-17,PO627649,U006,CC457,6181,False,none
INV00000251,746807154,Briand EURL,FR2461889241418328569146303,331.2,EUR,2025-02-20,2025-02-24,PO489967,U009,CC888,6061,False,none
INV00000625,193466766,Goncalves SASU,FR8549561213773062604235973,2495.84,EUR,2024-05-24,2024-05-29,PO704941,U023,CC101,6132,False,none
INV00001002,759579472,Allain Robin et Fils SARL,FR9137326530601198756178688,117.64,EUR,2024-04-09,2024-04-12,,U002,CC602,6068,False,none
INV00003246,528168505,Brunet Girard et Fils SCI,FR3367998136462251790864168,322.38,EUR,2024-03-15,2024-03-17,PO544558,U017,CC617,6063,False,none
INV00003541,869222196,Ollivier Ribeiro SA SAS,FR7808989921722332061632945,247.2,EUR,2025-03-25,2025-03-30,PO892729,U016,CC947,6132,False,none
INV00001820,019380262,Blanc Pinto S.A. SCI,FR0220696942152910867713334,3489.54,EUR,2025-05-09,2025-05-15,PO571628,U017,CC552,6132,False,none
INV00000122,743953394,Leduc SA SCI,FR2245444328309652074466609,360.96,EUR,2025-10-29,2025-11-03,,U004,CC387,6061,False,none
INV00003806,043898364,Renard SCI,FR5940299015579980284139080,225.61,EUR,2025-03-03,2025-03-04,PO445623,U024,CC262,6135,False,none
INV00004133,800030756,Marchal SCI,FR8005458971480263257039653,13977.76,EUR,2025-10-03,2025-10-06,PO514262,U005,CC864,6135,False,none
INV00003076,143866322,Cousin SA SAS,FR2584993231234266980690872,1597.63,EUR,2024-03-15,2024-03-20,PO429268,U029,CC869,6181,False,none
INV00002619,933472122,Hamon SASU,FR8116517680866281372143308,1134.85,EUR,2025-09-12,2025-09-12,PO557102,U027,CC232,6181,False,none
INV00003366,527177449,De Oliveira SCI,FR1475705120461872346013673,18112.61,EUR,2025-12-03,2025-12-03,PO603335,U013,CC578,6135,False,none
INV00004072,544964759,Sanchez Garcia S.A. SA,FR4717982134862985797363831,6177.51,EUR,2024-02-29,2024-02-29,PO881214,U015,CC109,6061,False,none
INV00000567,330307053,Tessier SAS,FR8232735241039773973278195,1143.54,EUR,2024-02-06,2024-02-08,,U016,CC210,6135,False,none
INV00002367,142939685,Labbé SARL EURL,FR9575230837081647090063353,552.03,EUR,2024-06-09,2024-06-11,PO510222,U016,CC207,6063,False,none
INV00001545,016400524,Blanchet SA,FR0417839084700766177115921,513.61,EUR,2024-01-31,2024-02-05,PO425416,U029,CC618,6065,False,none
INV00003404,299468044,Vincent SCI,FR6185361530515220472779010,1329.78,EUR,2025-07-21,2025-07-26,PO990214,U001,CC164,6135,False,none
INV00000693,988516560,Laroche S.A. SARL,FR6656770051844989266591846,5248.17,EUR,2024-05-10,2024-05-14,PO376331,U022,CC353,6181,False,none
INV00000864,332061632,Perrot S.A.R.L. SAS,FR9390392355580996132730346,168.43,EUR,2025-10-02,2025-10-03,PO834497,U019,CC588,6132,False,none
INV00005004,413435240,Fernandez Lemoine S.A.R.L. SASU,FR8488861015819956046618398,506.86,EUR,2024-12-16,2024-12-23,PO876366,U008,CC245,6065,True,duplicate_exact
INV00002052,669346547,Neveu Costa S.A.S. SASU,FR8327490728012342893113253,380.45,EUR,2024-07-23,2024-07-23,PO570795,U019,CC443,6135,False,none
INV00003047,877169472,Grondin SA,FR9325523561781703211920613,416.99,EUR,2025-03-31,2025-04-03,PO341831,U018,CC260,6061,False,none
INV00000856,432225913,Ruiz Rémy SA SASU,FR8391090326714949819421794,376.29,EUR,2025-04-05,2025-04-12,PO574628,U011,CC371,6063,False,none
INV00002018,299228092,Reynaud Bègue SA SARL,FR0826351004627765725659202,234.78,EUR,2025-03-17,2025-03-20,PO191200,U004,CC541,6135,False,none
INV00001115,973103241,Maillet SCI,FR8752958066013824127049386,164.29,EUR,2025-09-16,2025-09-16,PO595890,U006,CC878,6181,False,none
INV00001703,257905072,Gonzalez Bernard S.A. SAS,FR1739087884434481230834024,337.89,EUR,2025-09-15,2025-09-17,PO388812,U010,CC842,6065,False,none
INV00004248,765277584,Le Gall Lebon SA EURL,FR0519657013290227846997335,298.18,EUR,2024-09-18,2024-09-22,PO885785,U006,CC522,6132,False,none
INV00000720,949299556,Vasseur Guyot SA SA,FR9534699673311677269608437,287.83,EUR,2025-07-21,2025-07-24,PO331356,U010,CC375,6068,False,none
INV00002893,099861622,Marie EURL,FR6426861205943897607401775,359.27,EUR,2024-04-18,2024-04-18,PO970177,U002,CC439,6135,False,none
INV00003955,303054868,Faivre S.A.R.L. SA,FR3221717477332945625577017,579.02,EUR,2025-11-01,2025-11-06,PO530487,U016,CC718,6068,False,none
INV00001729,398225871,Da Silva SASU,FR8067899730806958146717957,2637.49,EUR,2024-10-30,2024-10-31,PO988596,U015,CC534,6065,False,none
INV00001600,029333346,Guillon Bailly S.A. EURL,FR4004588679252985856728727,1520.4,EUR,2025-03-03,2025-03-07,PO668663,U022,CC661,6063,False,none
INV00003414,526218159,Adam SARL,FR8283192134249128965999497,9981.48,EUR,2025-02-03,2025-02-08,PO521641,U005,CC765,6181,False,none
INV00000602,588153714,Simon S.A. SAS,FR7785695579887749242437540,1469.34,EUR,2025-07-22,2025-07-29,PO215593,U014,CC680,6068,False,none
INV00004619,267288574,Dijoux Seguin S.A. SARL,FR2495382804056129965082695,633.59,EUR,2024-10-29,2024-10-29,PO242456,U022,CC990,6065,False,none
INV00001322,669096705,Roux SAS,FR0683584168784991216558523,1208.12,EUR,2024-07-20,2024-07-23,PO681697,U027,CC609,6068,False,none
INV00005046,669849027,Martins S.A.R.L. SARL,FR9481187233351040961497315,9915.67,EUR,2024-06-15,2024-06-22,PO383542,U014,CC102,6132,True,under_threshold
INV00001057,418328569,Lagarde SARL,FR4663213580040104145964229,6306.85,EUR,2024-12-11,2024-12-15,,U008,CC757,6228,False,none
INV00003515,157399305,Delmas SARL,FR4088255629657542786561942,9958.48,EUR,2024-03-19,2024-03-24,PO421004,U012,CC876,6135,False,none
INV00001876,606530745,Cordier S.A. SASU,FR0462447951330531949796958,428.46,EUR,2024-09-01,2024-09-03,PO711800,U015,CC943,6061,False,none
INV00003692,261891411,Lecoq SCI,FR4223885652715598354116597,7155.94,EUR,2024-04-27,2024-04-27,PO532870,U012,CC541,6061,False,none
INV00000318,901627204,Jean SASU,FR5443757584419866524041574,947.56,EUR,2025-06-27,2025-07-02,,U021,CC984,6181,False,none
INV00002659,093204899,Berger Dos Santos SA EURL,FR6524968549822749545089203,1851.59,EUR,2025-08-09,2025-08-12,PO708401,U018,CC281,6063,False,none
INV00002341,315410067,Gosselin S.A.R.L. SAS,FR0264520599604387875357788,7287.69,EUR,2024-10-31,2024-11-05,PO427814,U003,CC515,6063,False,none
INV00000274,326033230,Martin SA,FR0948439910622723626693351,509.62,EUR,2025-09-15,2025-09-16,PO479332,U018,CC592,6181,False,none
INV00004447,661771159,Pascal EURL,FR1993466766506180919015814,1218.0,EUR,2025-01-27,2025-01-27,PO180008,U007,CC883,6228,False,none
INV00000549,235116155,Guillon SA,FR5453287101226916697848018,147.07,EUR,2024-07-12,2024-07-14,PO964637,U012,CC719,6068,False,none
INV00003820,641605297,Bouchet SA SCI,FR7593998245587716947225699,142.01,EUR,2025-10-03,2025-10-04,PO632243,U020,CC691,6068,False,none
INV00002229,237333433,Boulay SA,FR6802635582430176464489880,3580.83,EUR,2025-07-31,2025-07-31,PO954659,U017,CC724,6132,False,none
INV00005043,669849027,Martins S.A.R.L. SARL,FR9481187233351040961497315,24908.36,EUR,2024-06-15,2024-06-22,PO383542,U014,CC102,6132,True,under_threshold
INV00003133,481491778,Da Silva S.A.S. EURL,FR1131814396661347323549401,286.2,EUR,2024-06-29,2024-07-04,PO964152,U026,CC388,6065,False,none
INV00000605,414586850,Marty SA,FR6823124329212779979955271,809.68,EUR,2024-11-27,2024-12-01,,U003,CC383,6063,False,none
INV00004889,261891411,Lecoq SCI,FR4223885652715598354116597,1789.63,EUR,2024-06-30,2024-07-02,PO993300,U015,CC703,6065,False,none
INV00000527,699013983,Robert Pierre et Fils SA,FR1614987283999219212493843,867.09,EUR,2025-10-03,2025-10-08,PO590262,U013,CC518,6135,False,none
INV00001094,711382675,Arnaud SA,FR1865902771670145089935889,2121.74,EUR,2025-04-02,2025-04-05,PO456359,U016,CC942,6061,False,none
INV00004694,711116152,Michaud SAS,FR7694278816580392827229927,1934.93,EUR,2024-02-01,2024-02-04,PO960630,U028,CC344,6068,False,none
INV00002570,121003236,Klein Dumont S.A.S. EURL,FR6871114837537458438458810,721.09,EUR,2024-11-05,2024-11-07,PO418476,U011,CC310,6228,False,none
INV00000829,524310690,Benoit EURL,FR8615869886497677622827728,2593.32,EUR,2024-01-13,2024-01-15,PO636196,U008,CC700,6181,False,none
INV00005010,093204899,Berger Dos Santos SA EURL,FR6524968549822749545089203,534.77,EUR,2024-05-25,2024-05-30,PO267791,U029,CC467,6065,True,duplicate_exact
INV00004975,182688615,Briand Traore SARL SASU,FR0346040142473107201137984,868.16,EUR,2024-09-20,2024-09-25,PO842847,U029,CC677,6061,False,none
INV00004041,786801128,Bègue et Fils SCI,FR6283673657661565452711116,1648.74,EUR,2024-12-28,2024-12-31,PO826844,U025,CC365,6061,False,none
INV00003975,356588043,Marion SAS,FR9698795098221040164818804,3327.55,EUR,2025-12-15,2025-12-17,PO237344,U023,CC973,6135,False,none
INV00004343,034043842,Morin SASU,FR2227223972404226931216376,15603.88,EUR,2025-11-05,2025-11-10,PO416168,U025,CC861,6063,False,none
INV00000298,526218159,Adam SARL,FR8283192134249128965999497,4913.99,EUR,2024-09-29,2024-10-05,PO996915,U013,CC293,6063,False,none
INV00000068,269166978,Pasquier Laurent S.A. SCI,FR6256342160733754330365414,353.99,EUR,2024-04-27,2024-04-30,PO648684,U024,CC364,6228,False,none
INV00002705,341232812,Maillet Munoz SARL SCI,FR0591251341252866929662782,565.66,EUR,2025-12-22,2025-12-24,PO130755,U000,CC168,6132,False,none
INV00001756,267736026,Verdier SAS,FR1827874296717565512567468,3938.34,EUR,2024-11-04,2024-11-04,PO392811,U002,CC400,6063,False,none
INV00002303,606530745,Cordier S.A. SASU,FR0462447951330531949796958,220.99,EUR,2025-07-17,2025-07-19,PO495177,U011,CC812,6181,False,none
INV00003978,904210202,Neveu SASU,FR7228123567983631462491271,592.04,EUR,2024-03-16,2024-03-20,PO492440,U015,CC402,6132,False,none
INV00002722,906120347,Perrin SASU,FR7123859514346823948400273,8707.14,EUR,2025-03-11,2025-03-12,PO640683,U015,CC298,6068,False,none
INV00003276,975001701,Guérin S.A. SAS,FR8474747219705466927589551,4696.27,EUR,2024-06-01,2024-06-03,PO264498,U008,CC591,6063,False,none
INV00001485,848947697,Benard Bouvier S.A.R.L. SARL,FR6918444218299874781224890,774.56,EUR,2025-04-13,2025-04-16,PO526132,U001,CC870,6181,False,none
INV00000150,184498926,Noël SA,FR3275957498855829849330674,140.88,EUR,2025-12-06,2025-12-06,PO792984,U004,CC563,6132,False,none
INV00000756,353875842,Lucas SASU,FR4715622949381735984884021,1739.94,EUR,2024-05-22,2024-05-25,PO962458,U023,CC672,6063,False,none
INV00004030,130756263,Lucas SASU,FR3367197889778280647969545,1093.61,EUR,2025-09-06,2025-09-11,PO843731,U020,CC376,6181,False,none
INV00002638,057202590,Gros SA,FR3823945354614707986321061,1900.47,EUR,2025-06-19,2025-06-22,PO181424,U008,CC788,6181,False,none
INV00003933,988516560,Laroche S.A. SARL,FR6656770051844989266591846,4261.58,EUR,2024-08-27,2024-08-27,PO561365,U021,CC280,6228,False,none
INV00003225,639208678,Dias S.A. SA,FR2098036577449160936595201,66.61,EUR,2025-07-09,2025-07-12,PO340283,U026,CC894,6061,False,none
INV00001962,668516122,Roy Bouvet S.A.S. SASU,FR4449939089261371504165915,7182.66,EUR,2025-07-04,2025-07-09,PO524082,U028,CC490,6065,False,none
INV00002807,261990623,Georges SASU,FR9029884259959961002311775,10645.21,EUR,2024-10-23,2024-10-29,PO934103,U008,CC521,6063,False,none
INV00005088,669849027,Martins S.A.R.L. SARL,FR9481187233351040961497315,987.53,EUR,2024-06-15,2024-06-22,PO383542,U014,CC102,6132,True,under_threshold
INV00002182,982708086,Guyon S.A.S. SCI,FR7246376604655866525483744,2202.96,EUR,2025-09-20,2025-09-26,PO799047,U000,CC172,6228,False,none
INV00000376,663193149,Ramos SCI,FR4364039106518017046226567,630.45,EUR,2024-09-26,2024-09-30,PO276470,U023,CC620,6132,False,none
INV00003611,798552414,Boulay Bertin SARL SAS,FR9375749490228403595442947,5079.76,EUR,2025-12-18,2025-12-25,PO777132,U013,CC825,6228,False,none
INV00001864,148951343,Lucas SAS,FR0358527722170430305486874,640.83,EUR,2024-11-17,2024-11-23,,U004,CC849,6065,False,none
INV00000859,134316117,Seguin Gay S.A. SASU,FR0315336884443106987205061,4049.68,EUR,2025-02-17,2025-02-21,PO285225,U019,CC382,6228,False,none
INV00005093,193465027,Ramos Bourdon S.A. SA,FR2584993231234266980690872,4465.85,EUR,2024-04-12,2024-04-19,PO822118,U007,CC652,6228,True,shell_company
INV00003036,770348247,Richard S.A. SASU,FR7875622086353654195180238,1620.85,EUR,2024-07-05,2024-07-05,PO576440,U022,CC229,6132,False,none
INV00002473,969108589,Ribeiro SASU,FR2209617399704694725878444,4650.96,EUR,2025-02-23,2025-03-01,PO440894,U007,CC934,6132,False,none
INV00002576,680876038,Neveu S.A. SARL,FR5802758842524105648149177,3110.32,EUR,2025-12-17,2025-12-20,PO281732,U000,CC271,6068,False,none
INV00001001,466574374,Schmitt SCI,FR0894841312840333997718051,11529.48,EUR,2024-05-07,2024-05-14,PO308218,U020,CC996,6063,False,none
INV00000378,019380262,Blanc Pinto S.A. SCI,FR0220696942152910867713334,2761.68,EUR,2024-07-12,2024-07-19,PO444622,U000,CC391,6063,False,none
INV00004624,134316117,Seguin Gay S.A. SASU,FR0315336884443106987205061,1005.02,EUR,2024-12-26,2025-01-02,PO326438,U019,CC528,6065,False,none
INV00001437,232719374,Jacob SASU,FR1774549904530174268414593,1535.85,EUR,2025-03-14,2025-03-14,PO599651,U005,CC114,6063,False,none
INV00001231,918255371,Masson Aubert SARL SARL,FR9626650237416787256862110,169.61,EUR,2025-08-29,2025-09-05,PO392872,U020,CC886,6135,False,none
INV00001340,466574374,Schmitt SCI,FR0894841312840333997718051,40.42,EUR,2024-11-17,2024-11-24,PO441847,U021,CC508,6065,False,none
INV00004820,932525002,Aubry Lelièvre S.A. SA,FR8627423183061789320649693,279.87,EUR,2025-01-05,2025-01-12,PO634999,U017,CC515,6068,False,none
INV00001533,770348247,Richard S.A. SASU,FR7875622086353654195180238,8580.18,EUR,2024-01-22,2024-01-23,PO269960,U020,CC720,6061,False,none
INV00004247,782489638,Vasseur SAS,FR3167065627298069901627204,294.49,EUR,2025-06-23,2025-06-24,,U007,CC724,6063,False,none
INV00001859,688937346,Seguin Buisson S.A. EURL,FR8795269495888794705516940,1669.85,EUR,2024-07-26,2024-08-02,,U026,CC992,6065,False,none
INV00003684,288095701,Costa SA,FR8632016328708317278895798,1919.26,EUR,2024-09-24,2024-09-27,PO744966,U009,CC733,6068,False,none
INV00001926,435175183,Ledoux SAS,FR9681180715695620175370304,890.64,EUR,2025-01-03,2025-01-10,PO152455,U008,CC144,6135,False,none
INV00002021,765277584,Le Gall Lebon SA EURL,FR0519657013290227846997335,389.02,EUR,2024-06-19,2024-06-24,PO223499,U014,CC598,6228,False,none
INV00002426,935889163,Costa Leclerc S.A.S. SASU,FR9290063140352635602293946,3828.93,EUR,2024-06-22,2024-06-24,PO171725,U015,CC954,6061,False,none
INV00003159,926442209,Regnier SAS,FR1328634255638300081867024,16908.07,EUR,2024-09-23,2024-09-29,PO465732,U027,CC985,6132,False,none
INV00000794,473647102,Jacob SARL SCI,FR8290552818325381793355486,1210.37,EUR,2025-05-25,2025-05-29,PO230804,U022,CC611,6228,False,none
INV00002671,202970213,Bonnet SCI,FR5879290490471281442944401,978.38,EUR,2024-12-12,2024-12-12,PO782089,U027,CC358,6065,False,none
INV00000841,803397401,Michaud SARL,FR7526329676291603248413768,131.23,EUR,2025-04-17,2025-04-17,PO830288,U014,CC605,6063,False,none
INV00003203,180635651,Lebon SASU,FR8414298315229107322836084,1475.89,EUR,2024-07-10,2024-07-17,PO985560,U018,CC422,6132,False,none
INV00003131,473121727,Besnard Muller S.A.R.L. SASU,FR8896271286391741011947072,3882.81,EUR,2025-04-11,2025-04-17,PO577373,U013,CC403,6061,False,none
INV00000175,074329271,Goncalves SA SARL,FR8234654950050702608698221,2280.42,EUR,2025-04-29,2025-04-30,,U014,CC508,6228,False,none
INV00001144,904530174,Pelletier Chartier SA SCI,FR4658377674996165926610857,1277.38,EUR,2024-12-05,2024-12-09,PO707976,U024,CC910,6063,False,none
INV00002925,474517123,Moreau Labbé SA SAS,FR7233542168942104478985625,1878.92,EUR,2024-05-27,2024-05-28,PO821633,U000,CC396,6061,False,none
INV00000927,415206436,Riou Benoit SARL SA,FR7109605673030644212146147,877.14,EUR,2024-08-14,2024-08-21,PO375831,U020,CC130,6061,False,none
INV00004320,616928451,Lemaître S.A.S. SCI,FR6208514036965666683272386,5175.44,EUR,2024-02-07,2024-02-10,,U016,CC226,6181,False,none
INV00000045,578759856,Garnier S.A. SCI,FR2889868180978875439435353,90.23,EUR,2025-06-21,2025-06-23,PO729057,U014,CC460,6135,False,none
INV00002940,529042284,Bourgeois SARL SAS,FR9324420438057198386384066,3892.0,EUR,2025-01-22,2025-01-24,PO149483,U011,CC486,6065,False,none
INV00001623,165667010,Diaz Chrétien S.A.R.L. SARL,FR6109477752047116719022941,513.64,EUR,2025-11-24,2025-12-01,PO525709,U017,CC209,6132,False,none
INV00004863,294019655,Garnier SA,FR9019986798079359782071518,1276.92,EUR,2025-02-21,2025-02-27,,U029,CC360,6061,False,none
INV00003749,267736026,Verdier SAS,FR1827874296717565512567468,3185.81,EUR,2024-06-20,2024-06-22,PO302603,U016,CC974,6132,False,none
INV00000896,686879374,Ribeiro SARL,FR9738166496902824983922501,1363.25,EUR,2025-03-27,2025-04-03,PO808502,U020,CC972,6065,False,none
INV00003411,724004991,Lejeune Rodrigues SA EURL,FR6043973597107256366941180,3607.89,EUR,2025-12-06,2025-12-07,PO884558,U012,CC756,6181,False,none
INV00003742,327648350,Vallée SCI,FR8736026064746872343098050,2812.42,EUR,2025-08-04,2025-08-09,PO105140,U027,CC994,6068,False,none
INV00002114,848947697,Benard Bouvier S.A.R.L. SARL,FR6918444218299874781224890,3601.72,EUR,2024-11-20,2024-11-20,PO684245,U028,CC477,6181,False,none
INV00003231,199410137,Pages SCI,FR5820377107044964104967066,5609.81,EUR,2025-07-20,2025-07-24,PO744913,U011,CC330,6063,False,none
INV00003154,244935348,Berger SASU,FR5993183933529042284210205,220.25,EUR,2024-11-21,2024-11-21,PO424767,U027,CC943,6061,False,none
INV00001878,187026217,Hoareau Le Gall et Fils EURL,FR7442209690295939172513552,339.62,EUR,2024-05-02,2024-05-07,PO506185,U009,CC880,6065,False,none
INV00003312,779082723,Perret SA,FR6634392529596111102867120,156.42,EUR,2025-06-17,2025-06-21,PO276366,U009,CC879,6132,False,none
INV00004751,525534192,Pereira et Fils EURL,FR4956670106513338726247317,338.68,EUR,2025-01-22,2025-01-22,PO771681,U029,CC887,6068,False,none
INV00002698,650609835,Colin SA,FR2730147195979647158904290,684.4,EUR,2025-03-06,2025-03-13,PO696845,U018,CC517,6065,False,none
INV00000283,175354083,Morel Chevallier S.A. SAS,FR1413695727908335090254257,265.28,EUR,2025-12-28,2025-12-29,PO180111,U003,CC938,6065,False,none
INV00003121,594013990,Toussaint EURL,FR2536110371293870051627136,1314.85,EUR,2024-11-21,2024-11-26,PO643014,U011,CC407,6181,False,none
INV00002354,656482366,Lelièvre SA,FR6535977468862392407581814,953.01,EUR,2025-09-24,2025-09-30,PO721270,U025,CC507,6063,False,none
INV00002651,765991624,Cousin SAS,FR7310424624561851744600452,58.35,EUR,2025-12-22,2025-12-26,PO744149,U000,CC889,6228,False,none
INV00001432,175354083,Morel Chevallier S.A. SAS,FR1413695727908335090254257,17213.13,EUR,2024-08-02,2024-08-05,,U003,CC100,6061,False,none
INV00002121,299468044,Vincent SCI,FR6185361530515220472779010,1355.38,EUR,2024-06-02,2024-06-06,PO368148,U006,CC904,6181,False,none
INV00002111,638546785,Hoarau SAS,FR3973505831997179110065120,132.82,EUR,2024-10-24,2024-10-28,PO737658,U001,CC981,6065,False,none
INV00001476,016400524,Blanchet SA,FR0417839084700766177115921,2989.32,EUR,2025-04-25,2025-04-30,PO631747,U029,CC349,6065,False,none
INV00001894,569961125,Sanchez SCI,FR3984449029502648016440373,834.79,EUR,2025-03-26,2025-03-27,PO144512,U013,CC563,6063,False,none
INV00004444,684602235,Alexandre SARL,FR6536911289812317955633185,2764.49,EUR,2025-07-12,2025-07-12,PO741344,U006,CC163,6181,False,none
INV00001095,904210202,Neveu SASU,FR7228123567983631462491271,615.52,EUR,2025-06-10,2025-06-16,PO776936,U007,CC241,6228,False,none
INV00001260,779071416,Barre SA,FR3851584826691362483550542,143.11,EUR,2024-07-24,2024-07-30,PO126886,U006,CC680,6065,False,none
INV00004872,953428364,Hamel Ollivier S.A.S. SASU,FR4618204339718956907056260,8357.03,EUR,2024-11-11,2024-11-17,PO890124,U028,CC601,6065,False,none
INV00001871,953428364,Hamel Ollivier S.A.S. SASU,FR4618204339718956907056260,2647.06,EUR,2024-05-18,2024-05-22,PO208663,U004,CC882,6132,False,none
INV00002981,432225913,Ruiz Rémy SA SASU,FR8391090326714949819421794,10200.62,EUR,2025-10-27,2025-10-27,PO689112,U026,CC527,6181,False,none
INV00001973,081219136,Bertrand SAS,FR8076627028951718702621745,2528.6,EUR,2025-11-14,2025-11-17,PO339922,U023,CC877,6228,False,none
INV00004700,510702966,David SARL,FR5150954930596601864876998,120.21,EUR,2025-03-01,2025-03-02,PO444120,U011,CC506,6181,False,none
INV00002025,524310690,Benoit EURL,FR8615869886497677622827728,2537.51,EUR,2024-11-25,2024-11-25,PO377174,U023,CC848,6135,False,none
INV00003319,442067883,Dias SARL,FR2617195535603319036890030,682.3,EUR,2025-08-16,2025-08-19,PO435046,U019,CC373,6065,False,none
INV00000099,798552414,Boulay Bertin SARL SAS,FR9375749490228403595442947,596.54,EUR,2025-09-22,2025-09-24,PO499095,U001,CC886,6065,False,none
INV00002957,803397401,Michaud SARL,FR7526329676291603248413768,61.63,EUR,2024-11-08,2024-11-10,PO455210,U015,CC183,6065,False,none
INV00004581,184498926,Noël SA,FR3275957498855829849330674,1274.74,EUR,2024-02-29,2024-03-06,PO591778,U009,CC129,6135,False,none
INV00002917,782911467,Georges S.A.S. SA,FR7432020417929111799313656,400.38,EUR,2024-05-23,2024-05-25,PO609573,U021,CC549,6181,False,none
INV00002186,594013990,Toussaint EURL,FR2536110371293870051627136,77.5,EUR,2024-02-26,2024-02-29,,U019,CC888,6065,False,none
INV00003477,510702966,David SARL,FR5150954930596601864876998,7838.6,EUR,2024-06-28,2024-07-01,PO420777,U007,CC884,6181,False,none
INV00001954,064317139,Auger Maillot SA SA,FR4860917798270808697829221,2596.76,EUR,2025-03-04,2025-03-10,PO429659,U007,CC520,6065,False,none
INV00000366,034505415,Berthelot SA,FR5814876963938276153966958,4600.28,EUR,2025-12-20,2025-12-25,PO803375,U025,CC712,6061,False,none
INV00005147,261990623,Georges SASU,FR9029884259959961002311775,149967.26,EUR,2024-05-18,2024-05-18,PO119527,U091,CC667,6063,True,weekend_unusual_user
INV00001255,896118367,Imbert EURL,FR9114141397552314913577594,35.68,EUR,2025-10-25,2025-11-01,PO554837,U021,CC372,6063,False,none
INV00004404,421689421,Adam Leblanc S.A.R.L. SA,FR8087158415608213711842547,783.34,EUR,2025-12-15,2025-12-20,PO395568,U023,CC696,6135,False,none
INV00000949,426818184,Paul S.A. SARL,FR3071681572450000001529113,4509.36,EUR,2025-07-29,2025-07-29,PO891127,U028,CC444,6132,False,none
INV00003964,565574313,Bouvet SA SA,FR5259025176298334774332683,342.71,EUR,2025-06-27,2025-06-27,,U022,CC148,6068,False,none
INV00000019,800439735,Breton Durand SA SA,FR5358752568065625904599080,4403.15,EUR,2025-02-16,2025-02-16,PO905459,U022,CC354,6181,False,none
INV00004251,438057198,Jacob S.A. SCI,FR9751877941763425073305597,1136.71,EUR,2024-06-10,2024-06-17,PO119449,U009,CC959,6063,False,none
INV00000668,368872588,Grenier SA EURL,FR5815372215566847323653377,611.92,EUR,2025-08-28,2025-08-31,PO538560,U022,CC568,6065,False,none
INV00000218,327104054,Gaillard Hardy et Fils SCI,FR5870562271043318751097921,6083.19,EUR,2024-08-07,2024-08-14,PO802695,U029,CC144,6061,False,none
INV00003631,089899217,Le Gall EURL,FR6323361328507251786376731,1586.36,EUR,2024-06-23,2024-06-23,PO983348,U014,CC516,6063,False,none
INV00001741,783613407,Laurent Dumas S.A.R.L. SARL,FR3025436172131451951510922,2523.16,EUR,2024-11-15,2024-11-15,PO833665,U000,CC671,6228,False,none
INV00003513,025634216,Masson EURL,FR1097840369003432445107622,858.29,EUR,2025-12-12,2025-12-16,PO274473,U010,CC987,6065,False,none
INV00003667,892687056,Brunet SARL SARL,FR8420952004615265461033993,147.35,EUR,2025-04-24,2025-04-27,PO396451,U000,CC577,6068,False,none
INV00002951,432445107,Meyer SAS,FR2011179080759579472846392,12.74,EUR,2024-12-27,2025-01-03,PO509035,U005,CC478,6068,False,none
INV00002378,863840666,Peron SCI,FR9838843660443240061572768,583.66,EUR,2024-05-02,2024-05-03,,U010,CC162,6065,False,none
INV00003976,413435240,Fernandez Lemoine S.A.R.L. SASU,FR8488861015819956046618398,1314.26,EUR,2025-10-09,2025-10-16,PO911220,U016,CC760,6065,False,none
INV00005091,000000000,Bailly EURL,FR1131139500168094149150762,6206.53,EUR,2025-06-22,2025-06-24,PO774369,U016,CC706,6065,True,shell_company
INV00001018,779071416,Barre SA,FR3851584826691362483550542,16247.41,EUR,2025-04-25,2025-04-26,PO929783,U015,CC143,6065,False,none
INV00002962,082677345,Ledoux SA SAS,FR3527206345911238296577242,10789.41,EUR,2024-10-26,2024-10-27,PO919579,U016,CC771,6068,False,none
INV00004809,539621851,Leclercq Rémy SARL SASU,FR0977027278576084958803955,536.1,EUR,2025-01-10,2025-01-15,,U008,CC613,6135,False,none
INV00000517,473647102,Jacob SARL SCI,FR8290552818325381793355486,564.95,EUR,2025-05-01,2025-05-06,PO652522,U025,CC738,6181,False,none
INV00005011,669849027,Martins S.A.R.L. SARL,FR9481187233351040961497315,1434.51,EUR,2025-03-19,2025-03-20,PO322367,U004,CC506,6181,True,duplicate_exact
INV00001483,240084271,De Oliveira SASU,FR8171543799371240659657569,278.76,EUR,2024-06-13,2024-06-15,PO252465,U027,CC878,6063,False,none
INV00003875,638546785,Hoarau SAS,FR3973505831997179110065120,339.73,EUR,2025-11-22,2025-11-29,PO662396,U008,CC114,6228,False,none
INV00001566,731121965,Blondel SCI,FR6563128196482531106092098,723.04,EUR,2025-05-14,2025-05-15,,U023,CC108,6065,False,none
INV00001090,863794026,Leconte Da Costa et Fils SCI,FR7019283276483503056413953,306.68,EUR,2025-12-27,2026-01-03,PO513188,U022,CC317,6228,False,none
INV00003064,168784991,Klein SA,FR2518321928554451895202845,365.65,EUR,2025-05-09,2025-05-15,PO358027,U004,CC254,6068,False,none
INV00001371,341232812,Maillet Munoz SARL SCI,FR0591251341252866929662782,1464.6,EUR,2025-09-26,2025-10-03,PO446974,U025,CC780,6063,False,none
INV00003986,547772522,Lefort Mary SARL SCI,FR3903342342583230241026153,207.05,EUR,2024-06-15,2024-06-15,PO396026,U029,CC936,6228,False,none
INV00002759,199410137,Pages SCI,FR5820377107044964104967066,2722.86,EUR,2024-03-07,2024-03-13,PO108403,U019,CC658,6063,False,none
INV00001052,911914856,Delattre SASU,FR1875409150863218122764579,2795.57,EUR,2024-06-25,2024-07-02,PO927289,U008,CC801,6063,False,none
INV00002133,143866322,Cousin SA SAS,FR2584993231234266980690872,1772.71,EUR,2025-04-27,2025-04-28,PO393975,U004,CC180,6065,False,none
INV00000759,910430068,Collin SARL SARL,FR3438318491966553307704611,1727.47,EUR,2024-12-07,2024-12-12,,U009,CC266,6063,False,none
INV00002851,182688615,Briand Traore SARL SASU,FR0346040142473107201137984,283.16,EUR,2024-05-16,2024-05-21,PO645259,U027,CC505,6132,False,none
INV00002439,953428364,Hamel Ollivier S.A.S. SASU,FR4618204339718956907056260,4156.42,EUR,2025-09-11,2025-09-15,,U023,CC336,6228,False,none
INV00000214,484219933,Meunier Gautier S.A. SASU,FR3347649078515867342575409,1162.71,EUR,2024-07-13,2024-07-13,PO852037,U015,CC726,6063,False,none
INV00002515,103712938,Lévêque Humbert S.A.R.L. SARL,FR2082659608931992550272751,418.42,EUR,2024-06-17,2024-06-17,PO503126,U019,CC784,6181,False,none
INV00002254,170999173,Roche Leleu S.A. EURL,FR4842108902851553334264335,1066.26,EUR,2025-01-03,2025-01-10,PO122506,U011,CC977,6132,False,none
INV00003492,726149331,Guilbert Courtois et Fils SAS,FR4543127102676720957992707,45.28,EUR,2025-12-06,2025-12-07,PO616633,U021,CC704,6228,False,none
INV00001392,551884422,Buisson et Fils SCI,FR0377661830671985546015851,1818.56,EUR,2024-10-11,2024-10-16,PO737343,U009,CC244,6068,False,none
INV00000196,229959001,Fernandez Bouchet S.A.S. SASU,FR3939774063356939290600780,33.75,EUR,2025-04-03,2025-04-04,PO897392,U024,CC396,6068,False,none
INV00001932,119079030,Lemaître S.A.S. SAS,FR8908215454470229604432701,492.32,EUR,2024-03-12,2024-03-19,,U017,CC446,6063,False,none
INV00001723,800439735,Breton Durand SA SA,FR5358752568065625904599080,1856.91,EUR,2025-06-30,2025-07-05,PO915811,U025,CC445,6068,False,none
INV00004925,315869232,Arnaud S.A. SAS,FR4661201836675254599102290,2931.35,EUR,2025-08-22,2025-08-27,PO263799,U028,CC999,6181,False,none
INV00001056,434266179,Klein SCI,FR8533305912662015720185962,2061.53,EUR,2024-06-08,2024-06-13,,U011,CC359,6061,False,none
INV00001438,656482366,Lelièvre SA,FR6535977468862392407581814,859.87,EUR,2024-03-03,2024-03-07,PO837019,U018,CC591,6063,False,none
INV00000887,135521570,Durand SA,FR4365817390637579145211823,961.64,EUR,2025-04-26,2025-05-01,PO245936,U021,CC886,6068,False,none
INV00001665,669096705,Roux SAS,FR0683584168784991216558523,435.69,EUR,2024-03-16,2024-03-17,PO322072,U002,CC257,6181,False,none
INV00002648,332061632,Perrot S.A.R.L. SAS,FR9390392355580996132730346,1112.11,EUR,2025-10-20,2025-10-26,PO357579,U006,CC127,6181,False,none
INV00000568,539621851,Leclercq Rémy SARL SASU,FR0977027278576084958803955,473.65,EUR,2025-02-19,2025-02-22,PO514254,U013,CC223,6068,False,none
INV00004552,218501631,Vasseur SA SCI,FR3822068155839386613315520,6556.57,EUR,2024-04-14,2024-04-20,PO863273,U021,CC141,6068,False,none
INV00003937,051238282,Gaillard S.A.S. SARL,FR8414870682778816093068538,2466.99,EUR,2025-09-12,2025-09-12,PO536413,U002,CC426,6132,False,none
INV00000139,148951343,Lucas SAS,FR0358527722170430305486874,86.05,EUR,2025-08-16,2025-08-23,,U009,CC800,6228,False,none
INV00001360,313237058,Clément SASU,FR6173203093761847870050506,147.89,EUR,2025-04-18,2025-04-18,PO718998,U013,CC273,6135,False,none
INV00004575,445187053,Potier EURL,FR9459234268344149782661287,374.63,EUR,2025-10-15,2025-10-17,PO982356,U018,CC264,6132,False,none
INV00002432,926442209,Regnier SAS,FR1328634255638300081867024,2499.28,EUR,2024-03-02,2024-03-07,PO335561,U029,CC233,6228,False,none
INV00000463,481491778,Da Silva S.A.S. EURL,FR1131814396661347323549401,2555.11,EUR,2025-11-06,2025-11-11,PO847949,U001,CC405,6181,False,none
INV00002486,468862392,Perret Pires S.A. EURL,FR0992518812520566474231220,712.69,EUR,2025-04-04,2025-04-10,PO215828,U004,CC188,6135,False,none
INV00000594,669849027,Martins S.A.R.L. SARL,FR9481187233351040961497315,429.99,EUR,2025-06-30,2025-07-07,,U026,CC470,6061,False,none
INV00002314,978403690,Couturier SCI,FR8833565880434165182755394,1044.12,EUR,2025-05-07,2025-05-09,PO639775,U025,CC503,6061,False,none
INV00000450,267736026,Verdier SAS,FR1827874296717565512567468,3300.25,EUR,2025-10-20,2025-10-24,PO958914,U023,CC600,6061,False,none
INV00001672,081219136,Bertrand SAS,FR8076627028951718702621745,194.17,EUR,2025-04-13,2025-04-16,PO352164,U029,CC151,6063,False,none
INV00004017,526218159,Adam SARL,FR8283192134249128965999497,1008.38,EUR,2024-10-21,2024-10-26,PO454067,U023,CC380,6135,False,none
INV00001755,025634216,Masson EURL,FR1097840369003432445107622,786.54,EUR,2024-10-29,2024-10-30,PO953869,U019,CC442,6061,False,none
INV00003790,980893246,Leclercq EURL,FR9610713966055830344144885,10409.28,EUR,2024-02-24,2024-02-27,,U028,CC294,6132,False,none
INV00001338,795687833,Fischer SAS,FR7559779452321941680061027,1431.55,EUR,2024-06-13,2024-06-20,PO667802,U027,CC332,6181,False,none
INV00002689,896118367,Imbert EURL,FR9114141397552314913577594,301.32,EUR,2024-03-21,2024-03-27,PO985482,U024,CC806,6132,False,none
INV00001580,259526949,Carre Picard S.A.S. SASU,FR3113875927125663836151718,1320.84,EUR,2025-07-09,2025-07-09,PO942664,U008,CC498,6065,False,none
INV00000451,991241904,Bazin Faivre S.A.S. SAS,FR6918785191088398225871397,690.99,EUR,2024-04-22,2024-04-27,,U001,CC527,6228,False,none
INV00003123,058651850,Bernard Boulay SA SASU,FR7178686337524310690331190,1068.4,EUR,2024-08-10,2024-08-10,PO902711,U026,CC329,6065,False,none
INV00004243,299468044,Vincent SCI,FR6185361530515220472779010,2243.62,EUR,2024-04-22,2024-04-29,PO724547,U002,CC698,6135,False,none
INV00002948,711116152,Michaud SAS,FR7694278816580392827229927,264.63,EUR,2025-06-29,2025-07-06,PO960822,U007,CC383,6135,False,none
INV00004828,776945314,Neveu SASU,FR6070866882634351751830469,5157.34,EUR,2024-10-15,2024-10-15,PO467008,U007,CC412,6228,False,none
INV00000999,187026217,Hoareau Le Gall et Fils EURL,FR7442209690295939172513552,71.27,EUR,2024-05-07,2024-05-07,PO757756,U000,CC351,6065,False,none
INV00002742,379237474,Richard SCI,FR8299861622999119148564679,2575.64,EUR,2025-03-05,2025-03-12,PO991294,U000,CC615,6061,False,none
INV00004217,842498182,Legrand Georges S.A.S. SCI,FR1606239726527354352090421,1435.65,EUR,2025-01-31,2025-02-05,PO851767,U013,CC741,6063,False,none
INV00000192,737530011,Martineau Paris SA SASU,FR5433337320430977688936289,65.95,EUR,2025-10-19,2025-10-21,PO100909,U029,CC138,6181,False,none
INV00003997,786801128,Bègue et Fils SCI,FR6283673657661565452711116,12303.9,EUR,2025-12-01,2025-12-04,PO511623,U017,CC844,6068,False,none
INV00004313,233095849,Jacob Humbert S.A.S. SASU,FR3488788361968931350305872,833.9,EUR,2025-09-28,2025-10-01,PO158631,U029,CC454,6132,False,none
INV00004758,341232812,Maillet Munoz SARL SCI,FR0591251341252866929662782,2378.38,EUR,2024-12-30,2024-12-31,,U024,CC305,6135,False,none
INV00004797,317127484,Bonnin SARL,FR6871918261990623445655743,101.54,EUR,2024-02-06,2024-02-09,PO498919,U021,CC797,6061,False,none
INV00004564,100167618,Chartier Costa et Fils SARL,FR6360144485645101739739641,1148.51,EUR,2024-05-25,2024-05-26,PO920291,U005,CC402,6181,False,none
INV00002154,100167618,Chartier Costa et Fils SARL,FR6360144485645101739739641,8698.41,EUR,2025-11-25,2025-11-26,PO272468,U029,CC135,6068,False,none
INV00002727,833016571,Joubert S.A. SCI,FR8676064413432756041776561,2261.6,EUR,2024-10-30,2024-11-04,,U024,CC722,6063,False,none
INV00004110,019380262,Blanc Pinto S.A. SCI,FR0220696942152910867713334,67.65,EUR,2024-09-01,2024-09-07,PO686692,U018,CC466,6063,False,none
INV00001873,363745458,Charrier Blondel et Fils EURL,FR7985725459606339912971024,2155.86,EUR,2025-12-15,2025-12-20,PO257420,U019,CC393,6181,False,none
INV00003705,127799799,Jacquet SCI,FR8284631224179749735020802,5035.84,EUR,2025-03-02,2025-03-03,PO173149,U016,CC206,6063,False,none
INV00004326,155216674,Hardy SARL SCI,FR9490805120800564099512397,299.42,EUR,2024-10-05,2024-10-08,PO448799,U016,CC623,6063,False,none
INV00001629,226838851,Rocher S.A.S. EURL,FR8550036915594284347955276,496.01,EUR,2024-07-10,2024-07-13,PO230703,U022,CC530,6132,False,none
INV00002841,367837770,Mercier Neveu S.A. SARL,FR2338750997700886008484086,2377.23,EUR,2024-08-15,2024-08-19,PO260281,U017,CC375,6063,False,none
INV00004235,473121727,Besnard Muller S.A.R.L. SASU,FR8896271286391741011947072,315.37,EUR,2025-08-09,2025-08-10,PO374085,U005,CC221,6061,False,none
INV00001988,646471543,Chevalier Cousin SA SAS,FR4814150937710040901380698,10163.34,EUR,2025-04-20,2025-04-25,PO392399,U008,CC360,6135,False,none
INV00003262,684602235,Alexandre SARL,FR6536911289812317955633185,2779.45,EUR,2025-11-08,2025-11-13,PO241004,U023,CC511,6181,False,none
INV00001860,562718750,Chauvin Laporte S.A.R.L. SASU,FR2809263223998213745561140,1921.92,EUR,2024-09-16,2024-09-17,,U004,CC758,6065,False,none
INV00002680,517016608,Ledoux Techer SA EURL,FR7981079649673794577278532,277.21,EUR,2025-12-13,2025-12-13,PO656147,U004,CC960,6061,False,none
INV00005067,669849027,Martins S.A.R.L. SARL,FR9481187233351040961497315,4979.29,EUR,2024-06-15,2024-06-22,PO383542,U014,CC102,6132,True,under_threshold
INV00000191,774348734,Perrot Paul SARL SCI,FR4914384249818299229959001,644.68,EUR,2025-10-22,2025-10-22,,U018,CC845,6132,False,none
INV00003904,202970213,Bonnet SCI,FR5879290490471281442944401,600.52,EUR,2024-06-11,2024-06-18,PO789228,U001,CC919,6135,False,none
INV00003940,447962757,Descamps SA,FR0821267969278687653269097,9073.93,EUR,2024-04-26,2024-05-02,PO143519,U029,CC423,6132,False,none
INV00002221,254629148,Rey Boucher SARL SCI,FR8996931572791940961055661,1605.69,EUR,2024-08-02,2024-08-04,PO527185,U005,CC786,6065,False,none
INV00002527,758181412,Gonzalez SARL,FR3767722330604633312797573,9316.27,EUR,2025-09-17,2025-09-18,,U010,CC117,6063,False,none
INV00005013,688937346,Seguin Buisson S.A. EURL,FR8795269495888794705516940,416.42,EUR,2024-05-24,2024-05-24,PO818826,U004,CC577,6065,True,duplicate_exact
INV00003493,691373678,Pereira S.A.R.L. SA,FR9831942268653694551588863,133.61,EUR,2025-12-04,2025-12-07,PO230532,U017,CC457,6135,False,none
INV00004340,257905072,Gonzalez Bernard S.A. SAS,FR1739087884434481230834024,1173.72,EUR,2025-04-02,2025-04-07,PO452543,U028,CC950,6135,False,none
INV00001789,392827229,Dumas S.A.R.L. SARL,FR7176775372603214505766194,314.01,EUR,2024-04-17,2024-04-22,PO739348,U016,CC666,6063,False,none
INV00004166,043581128,Lemonnier Chrétien S.A. EURL,FR4008172143643813000413211,6877.57,EUR,2024-03-31,2024-04-06,PO698443,U024,CC514,6061,False,none
INV00003893,142939685,Labbé SARL EURL,FR9575230837081647090063353,1945.88,EUR,2024-08-20,2024-08-25,,U005,CC112,6135,False,none
INV00001554,728326842,Chevallier Lenoir et Fils SARL,FR3381228217819236534606056,9842.6,EUR,2025-10-27,2025-10-28,PO273648,U029,CC788,6228,False,none
INV00003632,239431290,Diaz SAS,FR7139527536749785249141686,2107.0,EUR,2025-03-01,2025-03-03,PO612638,U007,CC962,6135,False,none
INV00000312,059304078,Texier SAS,FR2176392836929445511668297,211.74,EUR,2025-07-03,2025-07-10,PO995852,U005,CC618,6061,False,none
INV00003939,414586850,Marty SA,FR6823124329212779979955271,341.91,EUR,2025-06-10,2025-06-10,PO996023,U017,CC796,6065,False,none
INV00000166,638546785,Hoarau SAS,FR3973505831997179110065120,59.22,EUR,2025-09-08,2025-09-13,PO936997,U009,CC396,6065,False,none
INV00001780,268117758,Gonzalez Dijoux SA SARL,FR7582688615335554398780157,4319.38,EUR,2025-04-05,2025-04-07,PO116212,U011,CC882,6061,False,none
INV00002586,523124329,Meyer SA,FR2200825478077406493085368,5608.08,EUR,2025-09-24,2025-09-30,PO912514,U027,CC374,6063,False,none
INV00001024,880592962,Lemonnier SASU,FR0614770538338848792069804,951.62,EUR,2024-04-07,2024-04-11,PO704190,U015,CC485,6132,False,none
INV00001595,564139537,Parent S.A. SARL,FR0619399091699854353462475,1103.45,EUR,2024-03-15,2024-03-19,PO795535,U001,CC608,6068,False,none
INV00001468,435175183,Ledoux SAS,FR9681180715695620175370304,829.07,EUR,2025-05-27,2025-05-27,PO223384,U022,CC629,6228,False,none
INV00002550,853615305,Breton EURL,FR4102793714521117518689268,2277.8,EUR,2025-04-04,2025-04-09,PO160579,U023,CC585,6228,False,none
INV00004415,513542784,Pascal SAS,FR6316048175496513709859317,597.65,EUR,2024-04-13,2024-04-14,PO457573,U022,CC816,6065,False,none
INV00003277,965756924,Gilbert SA,FR7316493289802714872717833,2915.16,EUR,2025-12-15,2025-12-18,,U017,CC216,6228,False,none
INV00002024,779071416,Barre SA,FR3851584826691362483550542,2239.61,EUR,2024-07-22,2024-07-24,PO600724,U010,CC624,6063,False,none
INV00003485,869261796,Bodin Lelièvre S.A.R.L. SCI,FR7421753540838663177971775,21209.45,EUR,2024-01-22,2024-01-27,PO866749,U020,CC599,6132,False,none
INV00001183,418328569,Lagarde SARL,FR4663213580040104145964229,1014.85,EUR,2024-12-20,2024-12-26,,U001,CC754,6135,False,none
INV00003360,392827229,Dumas S.A.R.L. SARL,FR7176775372603214505766194,1256.03,EUR,2024-06-30,2024-07-07,PO474685,U014,CC572,6181,False,none
INV00003934,016400524,Blanchet SA,FR0417839084700766177115921,158.15,EUR,2024-05-04,2024-05-06,PO578746,U027,CC995,6135,False,none
INV00003162,509839301,Moreno SA SARL,FR7886518506716572628498776,8941.13,EUR,2024-12-22,2024-12-25,PO877709,U007,CC108,6181,False,none
INV00000152,544948126,Lacroix Hubert SA SAS,FR3221260650191792025213109,1960.47,EUR,2024-11-17,2024-11-23,PO460987,U002,CC696,6061,False,none
INV00004949,688937346,Seguin Buisson S.A. EURL,FR8795269495888794705516940,30305.07,EUR,2025-05-24,2025-05-31,PO213161,U024,CC720,6063,False,none
INV00004774,731781080,Lamy Noël S.A.S. SA,FR8424210249947174648877190,149.3,EUR,2025-03-09,2025-03-13,PO879769,U012,CC189,6061,False,none
INV00004835,199867980,Lopez SARL SCI,FR9828127358573065240778487,1054.2,EUR,2024-06-18,2024-06-22,PO810231,U014,CC354,6068,False,none
INV00002142,143866322,Cousin SA SAS,FR2584993231234266980690872,13779.46,EUR,2024-05-14,2024-05-14,PO819594,U023,CC224,6228,False,none
INV00002810,157399305,Delmas SARL,FR4088255629657542786561942,12984.43,EUR,2025-09-10,2025-09-14,PO840363,U016,CC537,6061,False,none
INV00003903,687339500,Prévost SARL,FR4598056265650455478137674,1817.84,EUR,2024-11-10,2024-11-11,PO495023,U024,CC104,6135,False,none
INV00004080,029593917,Traore Dupuy SA SASU,FR0518600892196394568044731,738.79,EUR,2024-10-03,2024-10-05,PO568449,U018,CC377,6228,False,none
INV00003571,680876038,Neveu S.A. SARL,FR5802758842524105648149177,652.94,EUR,2025-02-18,2025-02-20,PO134059,U013,CC652,6065,False,none
INV00002104,165726284,Gaudin Charpentier S.A. EURL,FR6595995342836440892687056,2782.84,EUR,2025-04-27,2025-04-27,PO849096,U022,CC252,6068,False,none
INV00004971,349361832,Henry SCI,FR7934074517133959629233095,10104.88,EUR,2025-01-16,2025-01-19,PO277469,U029,CC104,6063,False,none
INV00001747,348434437,Gilles SARL SAS,FR3446853664987820829737489,386.51,EUR,2025-04-24,2025-04-29,PO253734,U013,CC776,6132,False,none
INV00001751,737530011,Martineau Paris SA SASU,FR5433337320430977688936289,5417.18,EUR,2025-05-21,2025-05-25,PO256187,U007,CC701,6132,False,none
INV00000031,786801128,Bègue et Fils SCI,FR6283673657661565452711116,537.22,EUR,2024-05-01,2024-05-03,PO959222,U008,CC654,6135,False,none
INV00000937,199488375,Jacques S.A.R.L. SARL,FR9383625366677767555628333,659.56,EUR,2025-09-18,2025-09-18,PO362062,U026,CC158,6063,False,none
INV00002364,072290349,Lopes Raynaud et Fils SARL,FR0313577908335061581488810,148.93,EUR,2024-09-22,2024-09-23,PO413775,U016,CC653,6068,False,none
INV00000752,638546785,Hoarau SAS,FR3973505831997179110065120,372.86,EUR,2024-06-25,2024-06-25,PO263459,U001,CC757,6061,False,none
INV00001536,762120216,Guillou Gérard S.A.R.L. SCI,FR6390814415298217392957867,189.32,EUR,2025-10-10,2025-10-16,PO648898,U029,CC517,6065,False,none
INV00000309,524310690,Benoit EURL,FR8615869886497677622827728,1040.3,EUR,2025-04-12,2025-04-17,PO564053,U014,CC136,6061,False,none
INV00002617,974801624,François EURL,FR9661064628792326487049478,657.05,EUR,2025-08-19,2025-08-19,PO540267,U000,CC641,6065,False,none
INV00001616,025634216,Masson EURL,FR1097840369003432445107622,4085.52,EUR,2024-09-03,2024-09-10,PO414384,U013,CC123,6061,False,none
INV00004584,288095701,Costa SA,FR8632016328708317278895798,338.14,EUR,2024-08-13,2024-08-16,PO781170,U018,CC308,6061,False,none
INV00003148,653287101,Le Roux S.A. SASU,FR0242786801128059826204505,151.15,EUR,2025-12-26,2025-12-27,PO882534,U012,CC908,6061,False,none
INV00000495,996846081,Bailly Dias SARL EURL,FR2337976627051157942387367,47.9,EUR,2025-01-27,2025-02-01,PO348243,U002,CC894,6228,False,none
INV00000205,210388629,Launay Martins et Fils EURL,FR8151448811210314217518878,376.1,EUR,2025-06-23,2025-06-27,PO202018,U014,CC725,6065,False,none
INV00001135,327104054,Gaillard Hardy et Fils SCI,FR5870562271043318751097921,592.35,EUR,2024-01-24,2024-01-25,PO123823,U023,CC715,6181,False,none
INV00004066,863794026,Leconte Da Costa et Fils SCI,FR7019283276483503056413953,5900.56,EUR,2025-07-29,2025-07-30,PO457183,U007,CC276,6135,False,none
INV00003585,349361832,Henry SCI,FR7934074517133959629233095,1788.86,EUR,2024-04-08,2024-04-15,PO936324,U022,CC178,6132,False,none
INV00004089,513542784,Pascal SAS,FR6316048175496513709859317,5192.19,EUR,2024-09-24,2024-09-29,PO320139,U012,CC840,6181,False,none
INV00000305,303911718,Besnard SA,FR0743455812236231665876036,11542.98,EUR,2024-05-20,2024-05-21,PO970645,U002,CC610,6061,False,none
INV00001192,564139537,Parent S.A. SARL,FR0619399091699854353462475,15.97,EUR,2024-11-26,2024-12-01,PO615909,U009,CC688,6135,False,none
INV00004051,980686508,Dupont Da Silva S.A.R.L. SAS,FR2209505560571219881927788,111.11,EUR,2025-12-11,2025-12-18,PO820216,U021,CC972,6061,False,none
INV00002016,587717535,Maréchal SA,FR7596399076769915078593110,136.43,EUR,2025-08-17,2025-08-24,PO176176,U011,CC131,6135,False,none
INV00001061,332061632,Perrot S.A.R.L. SAS,FR9390392355580996132730346,145.2,EUR,2025-03-02,2025-03-04,PO238043,U002,CC529,6063,False,none
INV00000843,539621851,Leclercq Rémy SARL SASU,FR0977027278576084958803955,4370.99,EUR,2025-08-23,2025-08-29,PO192292,U006,CC841,6135,False,none
INV00003592,086353654,Rémy SAS,FR9096443098591679541072728,6763.88,EUR,2025-07-18,2025-07-19,,U028,CC375,6181,False,none
INV00002465,484219933,Meunier Gautier S.A. SASU,FR3347649078515867342575409,3778.68,EUR,2025-08-04,2025-08-08,PO333066,U011,CC565,6061,False,none
INV00000211,935889163,Costa Leclerc S.A.S. SASU,FR9290063140352635602293946,204.92,EUR,2025-06-23,2025-06-29,PO116389,U028,CC598,6063,False,none
INV00001108,888067065,Munoz SASU,FR6850461735743842150317807,981.15,EUR,2025-07-08,2025-07-09,PO138390,U017,CC856,6181,False,none
INV00003968,051238282,Gaillard S.A.S. SARL,FR8414870682778816093068538,229.48,EUR,2025-05-08,2025-05-13,PO316747,U014,CC386,6068,False,none
INV00000679,001338908,Henry EURL,FR6461559407816184959310341,635.4,EUR,2025-12-09,2025-12-15,PO419626,U029,CC758,6061,False,none
INV00000565,384309883,Lagarde SARL,FR7382073651189394065578201,267.32,EUR,2024-10-01,2024-10-04,PO350127,U006,CC193,6061,False,none
INV00001253,157399305,Delmas SARL,FR4088255629657542786561942,241.09,EUR,2024-07-24,2024-07-28,PO771366,U016,CC436,6181,False,none
INV00003822,072290349,Lopes Raynaud et Fils SARL,FR0313577908335061581488810,2957.2,EUR,2025-08-09,2025-08-16,PO986718,U019,CC229,6228,False,none
INV00000680,955439376,Vaillant S.A.R.L. SASU,FR2592082832308981388158814,165.75,EUR,2024-10-08,2024-10-15,,U000,CC730,6228,False,none
INV00000180,060715969,Huet SCI,FR8166322702672885744890612,1024.3,EUR,2024-05-06,2024-05-12,PO808094,U023,CC347,6068,False,none
INV00003112,971870728,Guillou Vasseur S.A.S. SAS,FR9159724665729341722329716,266.61,EUR,2025-10-11,2025-10-14,PO267595,U013,CC167,6228,False,none
INV00003102,569092755,Le Goff SA SA,FR3492766372395041027674783,1632.01,EUR,2025-11-25,2025-11-25,PO151157,U006,CC636,6061,False,none
INV00002985,869222196,Ollivier Ribeiro SA SAS,FR7808989921722332061632945,148.64,EUR,2024-04-04,2024-04-05,PO829136,U015,CC679,6063,False,none
INV00004409,786801128,Bègue et Fils SCI,FR6283673657661565452711116,637.43,EUR,2025-02-11,2025-02-12,PO419586,U017,CC616,6061,False,none
INV00000278,565574313,Bouvet SA SA,FR5259025176298334774332683,3354.7,EUR,2024-07-01,2024-07-05,PO769983,U029,CC178,6068,False,none
INV00001425,400504556,Chauvin SCI,FR0674186256527047743490211,614.22,EUR,2024-04-16,2024-04-21,PO511704,U003,CC766,6132,False,none
INV00001204,482814893,Chauvet Colas SARL SARL,FR4380443699577738721489513,7701.21,EUR,2024-07-31,2024-08-07,PO493335,U000,CC554,6068,False,none
INV00003235,980686508,Dupont Da Silva S.A.R.L. SAS,FR2209505560571219881927788,272.49,EUR,2024-07-10,2024-07-17,PO269579,U016,CC214,6181,False,none
INV00000432,821486289,Normand Perrin S.A.R.L. SARL,FR8766630932998199605932971,952.73,EUR,2024-03-18,2024-03-18,PO653429,U019,CC250,6181,False,none
INV00000289,010393087,Hebert S.A.R.L. EURL,FR5941241513152854781506185,1542.53,EUR,2024-07-31,2024-07-31,PO920375,U003,CC716,6068,False,none
INV00001027,478985625,Philippe et Fils SA,FR2858929880858382521293289,425.26,EUR,2024-04-01,2024-04-02,PO705950,U000,CC506,6068,False,none
INV00000535,093204899,Berger Dos Santos SA EURL,FR6524968549822749545089203,34.0,EUR,2025-11-26,2025-11-29,PO924154,U017,CC875,6228,False,none
INV00003664,321334803,Fontaine Perret SA SASU,FR5621288665268341559991015,379.66,EUR,2025-08-27,2025-09-02,PO662354,U024,CC264,6181,False,none
INV00001187,855744431,Pottier SARL EURL,FR9890250392614293968562185,1903.69,EUR,2024-12-10,2024-12-11,PO833218,U022,CC856,6135,False,none
INV00000188,229612018,Lacombe et Fils SARL,FR0309818063565126944869594,1463.23,EUR,2025-07-22,2025-07-22,PO448813,U001,CC364,6132,False,none
INV00002316,143866322,Cousin SA SAS,FR2584993231234266980690872,281.38,EUR,2025-10-05,2025-10-09,PO164179,U000,CC960,6065,False,none
INV00000706,513338726,Lebreton SCI,FR1549649909133412328120679,3016.52,EUR,2025-08-09,2025-08-13,PO896241,U027,CC966,6135,False,none
INV00001606,808412411,De Sousa SCI,FR4086926179640537735158506,2144.84,EUR,2025-02-08,2025-02-11,PO894101,U020,CC459,6061,False,none
INV00000270,379237474,Richard SCI,FR8299861622999119148564679,1876.76,EUR,2025-08-07,2025-08-14,,U026,CC409,6132,False,none
INV00002457,671902294,Alves et Fils SARL,FR0589113529096561014388899,3121.48,EUR,2025-03-02,2025-03-02,PO372393,U025,CC968,6061,False,none
INV00004214,676320163,Marchal SCI,FR8220297021355690927557192,2419.63,EUR,2025-05-30,2025-06-04,PO958456,U007,CC383,6228,False,none
INV00004604,018451462,Godard S.A.R.L. SASU,FR2956981693406088356159514,72.38,EUR,2024-03-11,2024-03-15,PO471434,U023,CC302,6181,False,none
INV00003946,367837770,Mercier Neveu S.A. SARL,FR2338750997700886008484086,228.12,EUR,2025-03-16,2025-03-21,PO251021,U016,CC573,6181,False,none
INV00000111,807374167,Auger Lacroix et Fils SCI,FR8530276420865675661844386,762.48,EUR,2025-07-20,2025-07-23,PO741784,U001,CC211,6063,False,none
INV00001170,890250392,Pinto SA SA,FR2776563600412577711837274,1433.16,EUR,2024-10-18,2024-10-24,PO199161,U029,CC982,6228,False,none
INV00002088,809402445,Ollivier Bonneau S.A.S. SCI,FR6188117298068650863765991,240.42,EUR,2024-12-20,2024-12-20,PO232206,U000,CC555,6063,False,none
INV00000220,513338726,Lebreton SCI,FR1549649909133412328120679,1578.4,EUR,2024-02-03,2024-02-05,PO130477,U015,CC627,6063,False,none
INV00001650,591846386,Vasseur Menard S.A.R.L. EURL,FR6918856669541329715066626,1111.85,EUR,2025-10-15,2025-10-20,PO895792,U007,CC645,6135,False,none
INV00000627,375265479,Chartier SASU,FR8312871539915668633414111,673.79,EUR,2025-03-08,2025-03-11,PO109634,U017,CC972,6228,False,none
INV00004317,611254573,Étienne SARL SA,FR2742340163611284971859484,155.64,EUR,2025-01-28,2025-01-30,PO811449,U006,CC883,6065,False,none
INV00004587,669346547,Neveu Costa S.A.S. SASU,FR8327490728012342893113253,12092.94,EUR,2024-02-14,2024-02-17,PO802309,U004,CC423,6181,False,none
INV00003702,383028439,Ollivier EURL,FR9092287772519966365807412,10254.9,EUR,2024-06-25,2024-06-26,PO954151,U018,CC923,6065,False,none
INV00000790,327648350,Vallée SCI,FR8736026064746872343098050,2718.08,EUR,2024-11-30,2024-12-02,PO431777,U003,CC911,6181,False,none
INV00003651,792524191,Blanchard SARL,FR0476502412095790737100943,414.98,EUR,2024-11-02,2024-11-09,PO825621,U015,CC978,6135,False,none
INV00000461,974801624,François EURL,FR9661064628792326487049478,462.75,EUR,2025-02-23,2025-02-27,,U003,CC654,6065,False,none
INV00004540,809402445,Ollivier Bonneau S.A.S. SCI,FR6188117298068650863765991,1364.0,EUR,2024-04-01,2024-04-05,PO145495,U013,CC469,6063,False,none
INV00000551,359782071,Allard SASU,FR4570862095935186387829456,5422.28,EUR,2025-05-24,2025-05-31,PO983571,U022,CC911,6132,False,none
INV00005022,918255371,Masson Aubert S.A.R.L. S.A.R.L.,FR9626650237416787256862110,166.58,EUR,2025-08-20,2025-08-24,PO251950,U011,CC586,6135,True,duplicate_fuzzy
INV00001295,051531952,Ramos Da Silva S.A.R.L. SCI,FR4181040915701840943533448,1792.46,EUR,2025-03-08,2025-03-14,PO938900,U028,CC681,6135,False,none
INV00000198,177739260,Lemonnier Reynaud S.A.R.L. SA,FR7784466345337220109121722,5858.66,EUR,2025-01-28,2025-02-04,,U020,CC548,6068,False,none
INV00002763,529042284,Bourgeois SARL SAS,FR9324420438057198386384066,2400.99,EUR,2025-09-25,2025-09-26,PO964424,U005,CC501,6061,False,none
INV00003206,357332214,Berger Guérin SARL SAS,FR0665911665535590425979270,1484.35,EUR,2024-03-28,2024-03-30,PO198789,U009,CC314,6135,False,none
INV00000402,467741862,Blanc SARL,FR6212125902035713432406424,16710.72,EUR,2025-05-06,2025-05-09,PO252205,U020,CC347,6181,False,none
INV00003265,496513709,Mahe S.A. SA,FR1234835642087375300119721,1389.42,EUR,2025-10-03,2025-10-07,PO172191,U009,CC404,6181,False,none
INV00003839,671902294,Alves et Fils SARL,FR0589113529096561014388899,204.87,EUR,2024-08-02,2024-08-05,PO846166,U016,CC429,6132,False,none
INV00004912,944064090,Jourdan Jean et Fils SA,FR3946800722903494466574374,236.64,EUR,2024-08-12,2024-08-13,PO786634,U016,CC422,6135,False,none
INV00004523,202970213,Bonnet SCI,FR5879290490471281442944401,363.82,EUR,2025-07-24,2025-07-25,PO945872,U029,CC539,6068,False,none
INV00002955,010393087,Hebert S.A.R.L. EURL,FR5941241513152854781506185,204.02,EUR,2024-12-01,2024-12-04,PO688453,U018,CC815,6181,False,none
INV00004603,653287101,Le Roux S.A. SASU,FR0242786801128059826204505,45.29,EUR,2024-03-06,2024-03-07,PO123214,U028,CC966,6132,False,none
INV00000650,991241904,Bazin Faivre S.A.S. SAS,FR6918785191088398225871397,6480.39,EUR,2025-08-06,2025-08-08,,U008,CC971,6061,False,none
INV00000708,977008860,Bigot SCI,FR5865754602734151488814311,64.74,EUR,2024-11-03,2024-11-03,PO387465,U022,CC232,6132,False,none
INV00004046,775901751,Lambert SA,FR9251405468356521568182096,761.36,EUR,2025-07-23,2025-07-24,PO888081,U022,CC587,6135,False,none
INV00004553,493759738,Faivre S.A. SASU,FR8443985298940626078701041,708.28,EUR,2025-06-01,2025-06-02,PO607993,U025,CC426,6135,False,none
INV00004501,261891411,Lecoq SCI,FR4223885652715598354116597,775.17,EUR,2024-05-28,2024-05-30,PO867286,U006,CC767,6228,False,none
INV00002418,399091699,Huet et Fils SASU,FR9543161172400504556238692,2286.65,EUR,2025-06-14,2025-06-14,,U010,CC898,6068,False,none
INV00004824,996846081,Bailly Dias SARL EURL,FR2337976627051157942387367,6782.18,EUR,2025-11-26,2025-12-03,PO521650,U014,CC549,6181,False,none
INV00003867,999347687,Poirier SARL,FR4172322903102879508304405,3986.64,EUR,2024-10-23,2024-10-30,PO393316,U005,CC564,6061,False,none
INV00000314,215064890,Dubois SASU,FR5318481973741897215406417,3709.72,EUR,2024-10-03,2024-10-03,PO234425,U026,CC475,6135,False,none
INV00003443,484086211,Aubert SASU,FR3292840445669078263337389,2093.89,EUR,2024-09-26,2024-10-02,PO626785,U000,CC725,6181,False,none
INV00004615,207501102,Gillet SCI,FR2553970548739610290871827,143.58,EUR,2025-06-14,2025-06-16,PO393454,U028,CC124,6065,False,none
INV00000113,669849027,Martins S.A.R.L. SARL,FR9481187233351040961497315,166.94,EUR,2024-07-23,2024-07-25,PO620509,U016,CC846,6228,False,none
INV00000960,165726284,Gaudin Charpentier S.A. EURL,FR6595995342836440892687056,1239.67,EUR,2025-09-07,2025-09-07,PO786398,U001,CC288,6228,False,none
INV00004932,522675289,Alexandre SA,FR7004735047639283199529800,1114.82,EUR,2024-05-03,2024-05-06,PO113187,U023,CC599,6065,False,none
INV00003698,187026217,Hoareau Le Gall et Fils EURL,FR7442209690295939172513552,925.92,EUR,2024-01-11,2024-01-18,PO180540,U009,CC475,6061,False,none
INV00001818,666676008,Langlois S.A.R.L. SASU,FR7942585917793238223116491,363.53,EUR,2024-12-06,2024-12-08,PO639236,U016,CC671,6135,False,none
INV00003548,144914766,Pascal SASU,FR2671296180332426050801849,792.18,EUR,2025-04-16,2025-04-16,PO624620,U014,CC158,6132,False,none
INV00005151,676320163,Marchal SCI,FR8220297021355690927557192,79421.2,EUR,2024-09-14,2024-09-14,PO738112,U051,CC706,6181,True,weekend_unusual_user
INV00001760,259526949,Carre Picard S.A.S. SASU,FR3113875927125663836151718,3498.72,EUR,2024-08-03,2024-08-10,PO861288,U012,CC881,6181,False,none
INV00003413,348434437,Gilles SARL SAS,FR3446853664987820829737489,921.62,EUR,2025-01-17,2025-01-19,PO627913,U029,CC228,6065,False,none
INV00001752,207501102,Gillet SCI,FR2553970548739610290871827,154.4,EUR,2024-08-17,2024-08-17,PO972970,U005,CC589,6068,False,none
INV00003648,980893246,Leclercq EURL,FR9610713966055830344144885,1443.55,EUR,2025-07-10,2025-07-10,PO908132,U016,CC177,6063,False,none
INV00004669,018451462,Godard S.A.R.L. SASU,FR2956981693406088356159514,248.68,EUR,2024-12-28,2025-01-04,PO495656,U003,CC951,6132,False,none
INV00003226,468862392,Perret Pires S.A. EURL,FR0992518812520566474231220,71.68,EUR,2024-05-27,2024-05-28,PO781797,U004,CC158,6065,False,none
INV00002101,523124329,Meyer SA,FR2200825478077406493085368,10909.63,EUR,2025-09-08,2025-09-12,PO392302,U020,CC316,6065,False,none
INV00001419,759579472,Allain Robin et Fils SARL,FR9137326530601198756178688,201.84,EUR,2024-02-19,2024-02-21,PO244360,U016,CC427,6135,False,none
INV00000326,142626551,Dijoux SARL,FR3427017130232129833816742,1803.36,EUR,2025-07-15,2025-07-20,PO521843,U008,CC739,6228,False,none
INV00000604,675254599,Becker EURL,FR1462137213865890260127961,18405.42,EUR,2025-05-24,2025-05-31,PO754753,U003,CC989,6065,False,none
INV00004323,103712938,Lévêque Humbert S.A.R.L. SARL,FR2082659608931992550272751,4996.56,EUR,2024-06-12,2024-06-13,PO986368,U010,CC854,6061,False,none
INV00003542,961586578,Rousseau S.A.R.L. SA,FR3662676586179327104054115,490.89,EUR,2025-11-09,2025-11-10,,U011,CC559,6068,False,none
INV00002753,375899757,Blanchard SARL,FR2718749603358268627036924,1552.25,EUR,2025-06-23,2025-06-29,PO238695,U027,CC517,6065,False,none
INV00002034,235116155,Guillon SA,FR5453287101226916697848018,675.47,EUR,2024-10-26,2024-10-31,PO772640,U022,CC871,6061,False,none
INV00004506,906120347,Perrin SASU,FR7123859514346823948400273,2958.22,EUR,2024-10-29,2024-11-05,PO244251,U011,CC383,6065,False,none
INV00002172,160648422,Brunet Dos Santos S.A.S. SASU,FR1956608470681039033970519,7904.39,EUR,2025-07-14,2025-07-21,PO356525,U002,CC975,6063,False,none
INV00001477,232719374,Jacob SASU,FR1774549904530174268414593,1694.7,EUR,2025-02-25,2025-02-25,PO698129,U005,CC780,6068,False,none
INV00004157,225358414,Leconte Bertrand SA SA,FR1454364597010822078113799,60.45,EUR,2024-02-23,2024-02-28,PO851145,U014,CC361,6061,False,none
INV00005090,385157646,Lopes EURL,FR0433399948532089532638902,7950.95,EUR,2024-12-11,2024-12-17,PO908920,U025,CC803,6228,True,shell_company
INV00003551,743953394,Leduc SA SCI,FR2245444328309652074466609,857.99,EUR,2024-09-09,2024-09-12,PO685750,U008,CC218,6228,False,none
INV00001862,535218188,Ruiz SA,FR9334722820055778487282997,299.75,EUR,2025-02-10,2025-02-13,,U026,CC301,6061,False,none
INV00002312,656272980,Bazin Berger SA SARL,FR4113075626368970283857865,452.88,EUR,2025-01-26,2025-02-02,PO760512,U010,CC311,6181,False,none
INV00001822,074466609,Germain SAS,FR0483398741132579706734996,2664.78,EUR,2024-02-29,2024-03-05,PO542461,U011,CC915,6135,False,none
INV00000789,337543303,Garnier EURL,FR0859696641605297516136968,318.13,EUR,2024-08-05,2024-08-07,PO963506,U023,CC860,6135,False,none
INV00004680,562328588,Meunier SA,FR8621752500743292712966667,1793.28,EUR,2025-12-04,2025-12-04,PO386370,U016,CC364,6135,False,none
INV00001870,509839301,Moreno SA SARL,FR7886518506716572628498776,856.02,EUR,2025-12-17,2025-12-23,PO662192,U000,CC776,6065,False,none
INV00003179,382997376,Benard EURL,FR4374443135182337498941343,2838.95,EUR,2025-03-24,2025-03-24,PO478599,U024,CC144,6061,False,none
INV00000871,918255371,Masson Aubert SARL SARL,FR9626650237416787256862110,1799.11,EUR,2024-11-14,2024-11-18,PO365852,U011,CC569,6061,False,none
INV00002317,060715969,Huet SCI,FR8166322702672885744890612,1573.9,EUR,2024-03-16,2024-03-20,PO209444,U024,CC326,6061,False,none
INV00002031,109324808,Thibault EURL,FR0449375973832060385050641,682.75,EUR,2025-04-04,2025-04-06,PO740707,U010,CC838,6132,False,none
INV00004720,880592962,Lemonnier SASU,FR0614770538338848792069804,2555.64,EUR,2024-04-09,2024-04-09,PO112608,U014,CC595,6063,False,none
INV00001471,737530011,Martineau Paris SA SASU,FR5433337320430977688936289,1837.71,EUR,2025-10-10,2025-10-12,PO146005,U009,CC287,6068,False,none
INV00000073,842579913,Durand SASU,FR6349079388413685283061537,18026.45,EUR,2025-08-19,2025-08-24,PO726111,U017,CC190,6065,False,none
INV00001961,100167618,Chartier Costa et Fils SARL,FR6360144485645101739739641,324.56,EUR,2024-11-13,2024-11-18,PO301628,U025,CC618,6061,False,none
INV00004562,442067883,Dias SARL,FR2617195535603319036890030,676.59,EUR,2025-09-03,2025-09-04,PO132803,U023,CC139,6228,False,none
INV00002347,711382675,Arnaud SA,FR1865902771670145089935889,16471.19,EUR,2025-01-13,2025-01-16,PO328351,U013,CC185,6063,False,none
INV00003217,168784991,Klein SA,FR2518321928554451895202845,1460.14,EUR,2025-09-27,2025-09-28,PO247217,U027,CC188,6135,False,none
INV00000092,375265479,Chartier SASU,FR8312871539915668633414111,3627.0,EUR,2024-05-12,2024-05-12,PO357657,U016,CC650,6181,False,none
INV00004716,853615305,Breton EURL,FR4102793714521117518689268,377.29,EUR,2025-07-06,2025-07-10,,U008,CC263,6061,False,none
INV00004903,527177449,De Oliveira SCI,FR1475705120461872346013673,1048.34,EUR,2025-04-12,2025-04-13,PO416000,U007,CC529,6181,False,none
INV00002394,643815614,Baron EURL,FR2693769042681818451848947,269.6,EUR,2025-09-13,2025-09-20,PO891651,U018,CC335,6135,False,none
INV00003309,799650752,Le Roux Bailly SA SAS,FR6031739363854678544587717,3663.13,EUR,2025-07-14,2025-07-16,PO870677,U027,CC376,6063,False,none
INV00002402,475412126,Alves S.A.R.L. SARL,FR6327768962706614982824674,187.97,EUR,2024-11-13,2024-11-20,PO476590,U016,CC327,6068,False,none
INV00000494,731121965,Blondel SCI,FR6563128196482531106092098,2855.98,EUR,2024-04-27,2024-05-01,PO596580,U007,CC448,6061,False,none
INV00003347,428699041,Mace Arnaud S.A.R.L. SAS,FR1205595501783325848689993,5516.17,EUR,2025-02-07,2025-02-12,PO230413,U009,CC134,6065,False,none
INV00002333,977236929,Moreau EURL,FR7191767993593744039464083,234.14,EUR,2025-01-25,2025-01-31,PO402591,U021,CC904,6135,False,none
INV00003580,539621851,Leclercq Rémy SARL SASU,FR0977027278576084958803955,1122.21,EUR,2025-04-17,2025-04-21,PO482901,U010,CC919,6061,False,none
INV00001164,400504556,Chauvin SCI,FR0674186256527047743490211,245.19,EUR,2024-01-30,2024-02-06,PO668714,U018,CC320,6228,False,none
INV00002503,821486289,Normand Perrin S.A.R.L. SARL,FR8766630932998199605932971,574.16,EUR,2025-11-10,2025-11-14,,U020,CC391,6228,False,none
INV00001270,666676008,Langlois S.A.R.L. SASU,FR7942585917793238223116491,485.44,EUR,2025-09-21,2025-09-22,PO194940,U022,CC712,6181,False,none
INV00001937,668516122,Roy Bouvet S.A.S. SASU,FR4449939089261371504165915,5379.15,EUR,2025-10-30,2025-10-30,PO166490,U002,CC407,6063,False,none
INV00001666,669096705,Roux SAS,FR0683584168784991216558523,149.78,EUR,2024-05-12,2024-05-14,PO645534,U022,CC668,6135,False,none
INV00002321,180635651,Lebon SASU,FR8414298315229107322836084,29681.14,EUR,2025-09-02,2025-09-02,,U006,CC147,6135,False,none
INV00002330,375564641,Laroche S.A.S. SA,FR1830165712082677345401938,617.83,EUR,2025-06-21,2025-06-27,PO243578,U010,CC535,6065,False,none
INV00000618,717565512,Collet SCI,FR8703761379180552696582710,17575.44,EUR,2024-08-21,2024-08-28,PO352603,U007,CC316,6065,False,none
INV00003945,058651850,Bernard Boulay SA SASU,FR7178686337524310690331190,47.95,EUR,2025-06-02,2025-06-09,PO885354,U015,CC658,6181,False,none
INV00002633,547812914,Poulain EURL,FR3972239898306503121980418,12868.23,EUR,2024-11-23,2024-11-27,PO487682,U023,CC330,6181,False,none
INV00001888,668516122,Roy Bouvet S.A.S. SASU,FR4449939089261371504165915,7140.57,EUR,2024-06-09,2024-06-13,PO211594,U004,CC956,6132,False,none
INV00004078,792524191,Blanchard SARL,FR0476502412095790737100943,725.64,EUR,2024-03-12,2024-03-19,PO805898,U027,CC375,6135,False,none
INV00001405,347955276,Ledoux SA,FR7929384401348087354378826,3703.69,EUR,2024-08-04,2024-08-05,PO163504,U023,CC299,6132,False,none
INV00003101,337543303,Garnier EURL,FR0859696641605297516136968,113.66,EUR,2024-06-24,2024-06-25,PO405946,U012,CC212,6228,False,none
INV00002964,305548851,Gomes SARL,FR6298011100051553234159597,1329.25,EUR,2025-01-18,2025-01-18,PO274112,U024,CC950,6061,False,none
INV00004453,975001701,Guérin S.A. SAS,FR8474747219705466927589551,536.67,EUR,2025-12-27,2025-12-30,,U020,CC571,6181,False,none
INV00000869,452288515,Dupont Blot SARL SASU,FR9377567772266025626506229,3908.36,EUR,2025-09-18,2025-09-18,PO404777,U026,CC333,6065,False,none
INV00004686,788191485,Royer S.A. SASU,FR9390018513279724572308481,982.81,EUR,2025-08-31,2025-09-05,PO246463,U018,CC546,6132,False,none
INV00001042,003791769,Bernier SAS,FR7565277584161692845115447,4721.45,EUR,2025-12-29,2025-12-31,,U020,CC672,6068,False,none
INV00001514,910651801,Petitjean Klein et Fils SAS,FR2587125521376037548214565,6103.25,EUR,2025-08-25,2025-08-31,,U024,CC378,6068,False,none
INV00000356,146584044,Bonnet S.A. SAS,FR4336519941013721510702966,376.6,EUR,2025-11-22,2025-11-25,,U000,CC671,6068,False,none
INV00001162,210388629,Launay Martins et Fils EURL,FR8151448811210314217518878,4432.37,EUR,2025-09-06,2025-09-06,PO355790,U018,CC879,6228,False,none
INV00004095,353875842,Lucas SASU,FR4715622949381735984884021,666.88,EUR,2025-02-08,2025-02-15,,U006,CC295,6068,False,none
INV00005065,669849027,Martins S.A.R.L. SARL,FR9481187233351040961497315,24800.83,EUR,2024-06-15,2024-06-22,PO383542,U014,CC102,6132,True,under_threshold
INV00001412,051531952,Ramos Da Silva S.A.R.L. SCI,FR4181040915701840943533448,182.31,EUR,2025-05-11,2025-05-15,PO893238,U018,CC140,6061,False,none
INV00001728,639208678,Dias S.A. SA,FR2098036577449160936595201,1708.94,EUR,2025-07-25,2025-07-30,PO957103,U013,CC621,6065,False,none
INV00004965,303911718,Besnard SA,FR0743455812236231665876036,1164.33,EUR,2024-04-20,2024-04-23,PO329331,U011,CC748,6068,False,none
INV00003139,078161849,Guillou Gautier et Fils SA,FR1389325288095701543039117,584.45,EUR,2025-02-04,2025-02-04,PO241086,U012,CC457,6068,False,none
INV00003787,724238849,Payet SCI,FR6113542784980841241182449,1504.47,EUR,2024-01-13,2024-01-18,PO133933,U016,CC217,6132,False,none
INV00003888,484086211,Aubert SASU,FR3292840445669078263337389,1724.89,EUR,2024-10-18,2024-10-20,,U014,CC764,6063,False,none
INV00004641,562718750,Chauvin Laporte S.A.R.L. SASU,FR2809263223998213745561140,1145.9,EUR,2025-06-11,2025-06-15,PO331772,U029,CC124,6061,False,none
INV00003921,146584044,Bonnet S.A. SAS,FR4336519941013721510702966,1633.04,EUR,2024-12-28,2025-01-04,PO149722,U025,CC377,6135,False,none
INV00000332,526218159,Adam SARL,FR8283192134249128965999497,347.5,EUR,2025-01-25,2025-01-26,PO129049,U007,CC916,6132,False,none
INV00004918,988516560,Laroche S.A. SARL,FR6656770051844989266591846,6275.2,EUR,2025-11-25,2025-11-25,PO443085,U026,CC589,6065,False,none
INV00002924,671902294,Alves et Fils SARL,FR0589113529096561014388899,712.0,EUR,2025-01-10,2025-01-17,PO589220,U018,CC943,6135,False,none
INV00002053,414586850,Marty SA,FR6823124329212779979955271,1613.48,EUR,2024-05-28,2024-06-02,PO267201,U006,CC678,6065,False,none
INV00001258,706324241,Charpentier S.A.R.L. EURL,FR5896136715778711216636515,266.21,EUR,2025-10-21,2025-10-27,PO853180,U023,CC140,6135,False,none
INV00003917,754558845,Ledoux S.A.R.L. SARL,FR1131139500168094149150762,860.85,EUR,2025-05-27,2025-05-28,PO943438,U009,CC581,6132,False,none
INV00002886,353875842,Lucas SASU,FR4715622949381735984884021,7654.22,EUR,2025-09-07,2025-09-14,PO663847,U001,CC994,6065,False,none
INV00001116,161369681,Lacombe SA,FR4596475987622023413261117,1045.46,EUR,2024-03-02,2024-03-06,PO147964,U019,CC508,6065,False,none
INV00005109,230925872,Pons Hamel SARL SASU,FR0277417430435023850228946,30703.28,EUR,2025-02-11,2025-02-12,PO419586,U017,CC616,6061,True,shared_iban_ring
INV00003795,078161849,Guillou Gautier et Fils SA,FR1389325288095701543039117,138.48,EUR,2024-07-08,2024-07-11,PO101504,U008,CC482,6132,False,none
INV00002685,578759856,Garnier S.A. SCI,FR2889868180978875439435353,1132.73,EUR,2024-08-30,2024-09-04,PO725654,U000,CC699,6063,False,none
INV00004125,175354083,Morel Chevallier S.A. SAS,FR1413695727908335090254257,1414.61,EUR,2025-09-05,2025-09-05,PO746300,U021,CC123,6068,False,none
INV00003489,225358414,Leconte Bertrand SA SA,FR1454364597010822078113799,109.79,EUR,2025-03-29,2025-03-30,PO522001,U001,CC259,6132,False,none
INV00002634,157399305,Delmas SARL,FR4088255629657542786561942,1213.42,EUR,2025-11-13,2025-11-13,PO590325,U005,CC302,6181,False,none
INV00000445,072290349,Lopes Raynaud et Fils SARL,FR0313577908335061581488810,454.59,EUR,2025-01-12,2025-01-18,PO251357,U016,CC230,6228,False,none
INV00003740,655852398,Delattre S.A.R.L. SARL,FR8812075452798524013223423,1345.29,EUR,2025-06-16,2025-06-19,PO489015,U024,CC369,6181,False,none
INV00002004,513542784,Pascal SAS,FR6316048175496513709859317,2670.14,EUR,2024-04-08,2024-04-12,PO781444,U007,CC756,6063,False,none
INV00000452,466711684,Martel SCI,FR4166205634111595034281139,624.59,EUR,2025-08-21,2025-08-26,PO598312,U026,CC837,6065,False,none
INV00004950,223253672,Imbert SA,FR2304120092820667849843624,3917.8,EUR,2025-08-31,2025-09-03,PO815311,U020,CC117,6135,False,none
INV00004574,374741124,Hervé Sanchez S.A.S. SA,FR2338984690819740056435023,1307.2,EUR,2025-03-29,2025-04-01,PO206011,U025,CC575,6228,False,none
INV00004242,339845461,Pascal SAS,FR2652924075536668459090225,578.24,EUR,2024-12-27,2025-01-02,,U026,CC894,6132,False,none
INV00000014,121277561,Gonzalez SASU,FR0687339785598217661912841,250.34,EUR,2025-11-09,2025-11-16,PO120337,U004,CC150,6061,False,none
INV00002801,743953394,Leduc SA SCI,FR2245444328309652074466609,7451.93,EUR,2025-03-15,2025-03-20,,U012,CC916,6061,False,none
INV00000945,527047743,Aubry EURL,FR3775955872096289365435884,419.05,EUR,2025-11-18,2025-11-25,PO575804,U003,CC121,6228,False,none
INV00000247,375265479,Chartier SASU,FR8312871539915668633414111,914.74,EUR,2024-10-27,2024-10-27,PO815551,U017,CC235,6228,False,none
INV00003438,578759856,Garnier S.A. SCI,FR2889868180978875439435353,895.09,EUR,2024-10-29,2024-11-02,PO896015,U016,CC513,6181,False,none
INV00000360,805310033,Daniel SARL SARL,FR8988728743152742054932966,1274.89,EUR,2025-10-12,2025-10-16,PO618172,U012,CC233,6181,False,none
INV00004801,540331739,Paris SAS,FR1487758030468750635190361,777.58,EUR,2024-02-05,2024-02-10,PO273669,U016,CC862,6068,False,none
INV00001720,134316117,Seguin Gay S.A. SASU,FR0315336884443106987205061,3207.37,EUR,2025-06-17,2025-06-20,PO630424,U004,CC175,6068,False,none
INV00003652,691251778,Allain S.A. EURL,FR2311426258273902196207100,538.24,EUR,2025-03-17,2025-03-23,PO341816,U005,CC627,6065,False,none
INV00002458,786801128,Bègue et Fils SCI,FR6283673657661565452711116,489.02,EUR,2024-12-30,2025-01-02,PO531086,U000,CC557,6135,False,none
INV00001434,462265676,Rodrigues SARL,FR2408115562606029084668455,289.02,EUR,2024-07-12,2024-07-14,,U011,CC320,6068,False,none
INV00003751,547772522,Lefort Mary SARL SCI,FR3903342342583230241026153,684.76,EUR,2024-08-13,2024-08-15,PO328643,U002,CC162,6132,False,none
INV00001957,317127484,Bonnin SARL,FR6871918261990623445655743,1941.92,EUR,2025-12-21,2025-12-21,PO494616,U012,CC798,6132,False,none
INV00003728,064317139,Auger Maillot SA SA,FR4860917798270808697829221,1379.08,EUR,2025-02-21,2025-02-25,PO865891,U013,CC818,6135,False,none
INV00001491,479851583,Ruiz SA SASU,FR5425376576927789431910090,386.22,EUR,2024-11-02,2024-11-07,PO996929,U015,CC623,6228,False,none
INV00005035,304637454,Boulanger S.A. S.A.,FR9197592304501896164236103,612.33,EUR,2025-03-20,2025-03-19,PO302310,U027,CC156,6068,True,duplicate_fuzzy
INV00003045,210388629,Launay Martins et Fils EURL,FR8151448811210314217518878,1935.69,EUR,2025-04-15,2025-04-16,PO352432,U018,CC280,6181,False,none
INV00000490,890250392,Pinto SA SA,FR2776563600412577711837274,239.3,EUR,2024-08-15,2024-08-18,,U029,CC530,6228,False,none
INV00000862,392827229,Dumas S.A.R.L. SARL,FR7176775372603214505766194,217.72,EUR,2024-05-05,2024-05-11,PO330569,U023,CC943,6132,False,none
INV00002746,982708086,Guyon S.A.S. SCI,FR7246376604655866525483744,668.25,EUR,2025-02-17,2025-02-22,PO680433,U010,CC674,6061,False,none
INV00003679,643815614,Baron EURL,FR2693769042681818451848947,2167.79,EUR,2025-12-09,2025-12-09,PO493162,U026,CC397,6135,False,none
INV00001383,544948126,Lacroix Hubert SA SAS,FR3221260650191792025213109,812.5,EUR,2024-07-26,2024-07-30,PO434562,U014,CC466,6228,False,none
INV00005140,051531952,Ramos Da Silva S.A.R.L. SCI,FR4181040915701840943533448,68021.21,EUR,2025-03-28,2025-03-28,PO511967,U014,CC870,6063,True,amount_outlier
INV00002609,662702895,Lefebvre Laine S.A.R.L. EURL,FR3759325250029218515691545,8671.67,EUR,2024-08-22,2024-08-26,PO777504,U000,CC192,6065,False,none
INV00004849,359782071,Allard SASU,FR4570862095935186387829456,905.77,EUR,2024-05-15,2024-05-17,PO625450,U014,CC277,6132,False,none
INV00001362,341036971,Georges SA,FR1814586833901981794695489,1603.22,EUR,2025-01-30,2025-02-02,PO375894,U014,CC543,6135,False,none
INV00003418,474687234,Vincent EURL,FR3185977034824771093248086,865.57,EUR,2024-04-17,2024-04-17,,U020,CC776,6228,False,none
INV00000506,943969078,Pelletier Collet S.A. SCI,FR3710742799077262570165804,5774.64,EUR,2024-09-30,2024-10-02,,U016,CC938,6061,False,none
INV00002858,082677345,Ledoux SA SAS,FR3527206345911238296577242,285.3,EUR,2024-03-08,2024-03-08,PO260183,U007,CC236,6228,False,none
INV00000025,062962015,Breton SA EURL,FR4128767548138666754858193,1387.69,EUR,2024-01-23,2024-01-25,PO193826,U007,CC261,6228,False,none
INV00004035,529042284,Bourgeois SARL SAS,FR9324420438057198386384066,954.81,EUR,2025-03-23,2025-03-23,PO197219,U019,CC523,6065,False,none
INV00001222,826137506,Dijoux SA EURL,FR6670388608680347644726490,56.37,EUR,2024-01-24,2024-01-28,PO788258,U017,CC474,6063,False,none
INV00001113,269166978,Pasquier Laurent S.A. SCI,FR6256342160733754330365414,917.39,EUR,2024-11-01,2024-11-03,PO369335,U023,CC768,6063,False,none
INV00004423,513338726,Lebreton SCI,FR1549649909133412328120679,4513.75,EUR,2024-11-02,2024-11-08,PO852222,U025,CC744,6132,False,none
INV00003657,996504773,Bertrand SASU,FR7136497189241956252571509,1314.11,EUR,2025-08-15,2025-08-20,PO540430,U019,CC556,6228,False,none
INV00003819,099861622,Marie EURL,FR6426861205943897607401775,15015.76,EUR,2025-11-27,2025-12-03,,U029,CC626,6068,False,none
INV00004818,842498182,Legrand Georges S.A.S. SCI,FR1606239726527354352090421,3529.29,EUR,2025-05-03,2025-05-09,PO169356,U021,CC580,6132,False,none
INV00003172,435175183,Ledoux SAS,FR9681180715695620175370304,680.54,EUR,2024-09-27,2024-10-02,PO211329,U004,CC431,6135,False,none
INV00000433,825128682,Diallo SARL,FR2041085628843188485200894,51.23,EUR,2024-02-07,2024-02-10,PO754688,U025,CC733,6228,False,none
INV00005083,669849027,Martins S.A.R.L. SARL,FR9481187233351040961497315,24754.14,EUR,2024-06-15,2024-06-22,PO383542,U014,CC102,6132,True,under_threshold
INV00004719,618091901,Poulain SARL,FR9160858167046861114576832,1387.0,EUR,2024-06-16,2024-06-23,,U008,CC376,6061,False,none
INV00003027,527047743,Aubry EURL,FR3775955872096289365435884,214.33,EUR,2025-02-05,2025-02-05,PO391773,U005,CC689,6061,False,none
INV00002226,974801624,François EURL,FR9661064628792326487049478,1179.23,EUR,2024-12-06,2024-12-08,PO785578,U002,CC762,6228,False,none
INV00004181,906120347,Perrin SASU,FR7123859514346823948400273,1370.46,EUR,2025-12-25,2025-12-31,PO945821,U014,CC497,6063,False,none
INV00003381,202970213,Bonnet SCI,FR5879290490471281442944401,257.62,EUR,2024-10-17,2024-10-22,,U020,CC733,6063,False,none
INV00002268,121003236,Klein Dumont S.A.S. EURL,FR6871114837537458438458810,121.43,EUR,2025-03-19,2025-03-23,PO288623,U001,CC541,6181,False,none
INV00002640,186449251,Thibault Morvan S.A. SA,FR1984577600490824043350488,1464.61,EUR,2024-03-26,2024-03-30,PO579237,U001,CC505,6181,False,none
INV00003114,588153714,Simon S.A. SAS,FR7785695579887749242437540,1784.85,EUR,2024-09-29,2024-09-30,PO542480,U010,CC550,6065,False,none
INV00001102,866618892,Payet SCI,FR0660880501716445561857906,3212.47,EUR,2024-04-20,2024-04-25,PO846610,U010,CC964,6135,False,none
INV00001612,356159514,Étienne SARL SASU,FR1135733221418880592962229,1666.75,EUR,2025-03-10,2025-03-11,PO596427,U015,CC666,6135,False,none
INV00002177,578759856,Garnier S.A. SCI,FR2889868180978875439435353,1450.41,EUR,2025-11-02,2025-11-07,PO429075,U023,CC383,6228,False,none
INV00002276,165667010,Diaz Chrétien S.A.R.L. SARL,FR6109477752047116719022941,1397.23,EUR,2024-10-18,2024-10-25,PO649891,U015,CC350,6135,False,none
INV00004984,404157473,Mace S.A.R.L. SAS,FR9500159416516231981898471,5901.63,EUR,2025-07-15,2025-07-15,PO559633,U004,CC100,6065,False,none
INV00000156,187851910,Dufour Garcia S.A. SASU,FR2703037236831472760122777,151.25,EUR,2024-06-11,2024-06-18,PO682401,U012,CC963,6135,False,none
INV00003184,223253672,Imbert SA,FR2304120092820667849843624,1105.47,EUR,2025-04-16,2025-04-21,PO289958,U005,CC332,6068,False,none
INV00002873,547812914,Poulain EURL,FR3972239898306503121980418,946.63,EUR,2024-04-01,2024-04-02,,U018,CC235,6068,False,none
INV00000615,432830965,Guibert SCI,FR2664347452455574696606065,131.54,EUR,2024-05-20,2024-05-21,PO599250,U021,CC977,6063,False,none
INV00000643,103865719,Albert SA,FR9896094097052774025883586,97.51,EUR,2024-01-16,2024-01-23,PO225829,U003,CC184,6063,False,none
INV00001611,510702966,David SARL,FR5150954930596601864876998,876.48,EUR,2024-03-05,2024-03-10,PO978202,U000,CC422,6228,False,none
INV00001833,305548851,Gomes SARL,FR6298011100051553234159597,1156.86,EUR,2024-07-21,2024-07-23,PO946965,U026,CC208,6065,False,none
INV00001068,171339596,Lévêque SA,FR4414754102252677119642152,1890.66,EUR,2025-06-10,2025-06-11,PO190615,U005,CC425,6061,False,none
INV00003509,375899757,Blanchard SARL,FR2718749603358268627036924,25.86,EUR,2024-07-17,2024-07-22,PO558178,U026,CC473,6065,False,none
INV00004855,855744431,Pottier SARL EURL,FR9890250392614293968562185,630.79,EUR,2024-08-30,2024-09-03,PO414426,U028,CC344,6228,False,none
INV00004373,438057198,Jacob S.A. SCI,FR9751877941763425073305597,374.17,EUR,2025-12-05,2025-12-12,PO688903,U021,CC102,6061,False,none
INV00004702,099861622,Marie EURL,FR6426861205943897607401775,4044.95,EUR,2025-01-14,2025-01-18,,U020,CC646,6065,False,none
INV00000330,186999386,Duval SAS,FR1461125457387571775140105,1039.58,EUR,2024-01-30,2024-02-05,PO970542,U029,CC165,6068,False,none
INV00003168,018451462,Godard S.A.R.L. SASU,FR2956981693406088356159514,6241.59,EUR,2024-11-11,2024-11-13,PO521022,U005,CC706,6065,False,none
INV00004351,511686854,Colin SA,FR1068171516025298670766046,1615.6,EUR,2025-05-02,2025-05-05,PO554483,U007,CC611,6061,False,none
INV00002395,628900287,Dupont SA,FR1072311127128524648449411,228.91,EUR,2025-05-17,2025-05-20,PO703292,U013,CC688,6061,False,none
INV00000622,693801184,Delannoy EURL,FR2388995729893762974549303,65.24,EUR,2024-06-28,2024-06-29,PO495323,U029,CC834,6181,False,none
INV00001786,268117758,Gonzalez Dijoux SA SARL,FR7582688615335554398780157,193.31,EUR,2024-08-11,2024-08-15,PO116951,U005,CC229,6061,False,none
INV00002481,369155942,Paul et Fils SCI,FR9212600308356691062715312,52.0,EUR,2025-04-20,2025-04-27,PO528626,U027,CC658,6228,False,none
INV00003653,523124329,Meyer SA,FR2200825478077406493085368,1115.54,EUR,2025-02-15,2025-02-21,PO980694,U025,CC540,6063,False,none
INV00003098,779082723,Perret SA,FR6634392529596111102867120,62.89,EUR,2025-01-08,2025-01-10,,U011,CC529,6132,False,none
INV00003545,267736026,Verdier SAS,FR1827874296717565512567468,373.39,EUR,2024-05-22,2024-05-23,PO669460,U007,CC293,6063,False,none
INV00001744,888067065,Munoz SASU,FR6850461735743842150317807,439.44,EUR,2025-05-22,2025-05-27,PO645478,U004,CC773,6061,False,none
INV00002892,526965827,Lebreton S.A. SA,FR0284964985601256253135525,6365.91,EUR,2024-04-29,2024-05-06,PO633771,U012,CC672,6068,False,none
INV00000755,274205493,Gomes Gallet S.A.R.L. SA,FR5328703203207427617075877,670.28,EUR,2025-11-25,2025-11-27,PO196402,U016,CC486,6065,False,none
INV00000518,308488725,Brun Rousseau S.A.R.L. SASU,FR1123959473721329016204787,924.42,EUR,2024-08-21,2024-08-23,PO300992,U017,CC487,6135,False,none
INV00004941,931746120,Fournier Charpentier SARL SA,FR2156110022557941552166746,410.62,EUR,2025-07-25,2025-07-28,PO535500,U006,CC291,6065,False,none
INV00000032,383028439,Ollivier EURL,FR9092287772519966365807412,8069.4,EUR,2024-03-16,2024-03-22,PO119629,U019,CC977,6135,False,none
INV00003166,982708086,Guyon S.A.S. SCI,FR7246376604655866525483744,223.14,EUR,2025-07-11,2025-07-12,PO601970,U012,CC990,6065,False,none
INV00002700,115542622,Weber SARL,FR2664911110961798178904633,5638.07,EUR,2024-03-29,2024-04-01,PO888000,U017,CC852,6228,False,none
INV00001157,555439878,Chauvin et Fils SAS,FR8000767620901447340433700,2365.38,EUR,2024-02-01,2024-02-04,PO481220,U021,CC133,6181,False,none
INV00001569,010393087,Hebert S.A.R.L. EURL,FR5941241513152854781506185,1109.3,EUR,2025-05-12,2025-05-13,,U028,CC417,6135,False,none
INV00000744,686879374,Ribeiro SARL,FR9738166496902824983922501,3402.34,EUR,2024-09-20,2024-09-23,PO117987,U011,CC671,6228,False,none
INV00003979,341036971,Georges SA,FR1814586833901981794695489,572.8,EUR,2025-06-05,2025-06-07,,U006,CC141,6065,False,none
INV00002561,130756263,Lucas SASU,FR3367197889778280647969545,1272.29,EUR,2024-06-02,2024-06-05,PO916350,U001,CC450,6061,False,none
INV00004270,249985698,Dufour Letellier S.A.R.L. SARL,FR0684245088210099688143536,493.28,EUR,2025-03-03,2025-03-03,PO386149,U021,CC951,6181,False,none
INV00002765,955439376,Vaillant S.A.R.L. SASU,FR2592082832308981388158814,327.3,EUR,2024-12-09,2024-12-13,PO370311,U025,CC379,6065,False,none
INV00000783,093204899,Berger Dos Santos SA EURL,FR6524968549822749545089203,6417.71,EUR,2025-12-05,2025-12-08,,U027,CC123,6181,False,none
INV00004519,412528669,Daniel SAS,FR5611082555989534396112910,393.74,EUR,2025-10-19,2025-10-23,PO391403,U023,CC275,6065,False,none
INV00002673,901627204,Jean SASU,FR5443757584419866524041574,282.79,EUR,2025-06-13,2025-06-20,,U019,CC259,6181,False,none
INV00000229,484219933,Meunier Gautier S.A. SASU,FR3347649078515867342575409,39.47,EUR,2025-05-06,2025-05-13,PO326956,U018,CC584,6228,False,none
INV00000857,669849027,Martins S.A.R.L. SARL,FR9481187233351040961497315,1434.51,EUR,2025-03-19,2025-03-20,PO322367,U004,CC506,6181,False,none
INV00004785,975001701,Guérin S.A. SAS,FR8474747219705466927589551,4221.27,EUR,2025-12-28,2025-12-29,PO326753,U002,CC299,6068,False,none
INV00001401,910430068,Collin SARL SARL,FR3438318491966553307704611,428.79,EUR,2025-01-13,2025-01-17,,U012,CC896,6068,False,none
INV00002519,969108589,Ribeiro SASU,FR2209617399704694725878444,167.93,EUR,2024-07-04,2024-07-05,PO412676,U026,CC248,6181,False,none
INV00000408,529042284,Bourgeois SARL SAS,FR9324420438057198386384066,748.55,EUR,2025-07-29,2025-08-04,PO680130,U002,CC374,6181,False,none
INV00000170,799650752,Le Roux Bailly SA SAS,FR6031739363854678544587717,473.97,EUR,2025-07-22,2025-07-26,,U003,CC718,6065,False,none
INV00000540,888067065,Munoz SASU,FR6850461735743842150317807,233.01,EUR,2024-09-05,2024-09-05,PO261156,U010,CC681,6181,False,none
INV00003215,853615305,Breton EURL,FR4102793714521117518689268,2033.17,EUR,2024-04-30,2024-05-03,PO832469,U001,CC883,6181,False,none
INV00002459,210469632,Renard Gomez SA SAS,FR6859274523805525782841067,2805.54,EUR,2025-02-04,2025-02-08,PO838253,U008,CC983,6181,False,none
INV00003254,199410137,Pages SCI,FR5820377107044964104967066,221.41,EUR,2025-09-18,2025-09-18,,U011,CC232,6063,False,none
INV00000613,646471543,Chevalier Cousin SA SAS,FR4814150937710040901380698,568.06,EUR,2025-08-06,2025-08-12,PO103281,U020,CC932,6135,False,none
INV00001662,799650752,Le Roux Bailly SA SAS,FR6031739363854678544587717,954.42,EUR,2025-08-26,2025-09-02,PO241049,U001,CC220,6068,False,none
INV00002029,103865719,Albert SA,FR9896094097052774025883586,361.5,EUR,2024-03-28,2024-04-03,PO838330,U028,CC450,6181,False,none
INV00003673,996846081,Bailly Dias SARL EURL,FR2337976627051157942387367,1135.46,EUR,2025-04-27,2025-05-03,PO418421,U007,CC868,6063,False,none
INV00001161,146303161,Barbe S.A.S. SCI,FR2997745731441583311703037,129.4,EUR,2025-08-09,2025-08-13,PO195797,U023,CC294,6063,False,none
INV00002194,758181412,Gonzalez SARL,FR3767722330604633312797573,112.09,EUR,2025-04-12,2025-04-19,PO700200,U014,CC707,6228,False,none
INV00002522,086353654,Rémy SAS,FR9096443098591679541072728,418.27,EUR,2024-05-16,2024-05-18,PO996825,U009,CC615,6063,False,none
INV00001832,353465549,Hamel Legrand et Fils SARL,FR9247725129578606940960035,4172.05,EUR,2025-07-26,2025-07-28,PO401898,U006,CC171,6068,False,none
INV00004942,229014767,Mendès SARL,FR4002770384309883920530214,16205.81,EUR,2025-01-15,2025-01-17,PO736476,U012,CC168,6065,False,none
INV00004829,142626551,Dijoux SARL,FR3427017130232129833816742,276.75,EUR,2024-04-26,2024-04-28,PO789038,U004,CC430,6068,False,none
INV00002344,226838851,Rocher S.A.S. EURL,FR8550036915594284347955276,105.24,EUR,2025-10-08,2025-10-11,PO248002,U009,CC548,6132,False,none
INV00000564,000257872,David et Fils SASU,FR4990714014011939325012495,629.34,EUR,2024-09-18,2024-09-18,,U012,CC885,6068,False,none
INV00003813,783613407,Laurent Dumas S.A.R.L. SARL,FR3025436172131451951510922,367.2,EUR,2025-05-31,2025-06-06,PO566529,U015,CC713,6063,False,none
INV00004382,662702895,Lefebvre Laine S.A.R.L. EURL,FR3759325250029218515691545,10485.5,EUR,2025-01-12,2025-01-19,PO530709,U022,CC309,6065,False,none
INV00002011,089899217,Le Gall EURL,FR6323361328507251786376731,1890.38,EUR,2024-02-28,2024-03-02,PO101662,U025,CC557,6135,False,none
INV00002677,321334803,Fontaine Perret SA SASU,FR5621288665268341559991015,607.64,EUR,2024-03-22,2024-03-22,PO641421,U016,CC775,6135,False,none
INV00004004,230461849,Lemaire S.A. EURL,FR3699660577980660392051460,753.98,EUR,2024-07-03,2024-07-10,PO887616,U022,CC257,6135,False,none
INV00004977,187026217,Hoareau Le Gall et Fils EURL,FR7442209690295939172513552,614.41,EUR,2025-12-09,2025-12-13,PO435376,U014,CC591,6181,False,none
INV00005079,669849027,Martins S.A.R.L. SARL,FR9481187233351040961497315,9854.09,EUR,2024-06-15,2024-06-22,PO383542,U014,CC102,6132,True,under_threshold
INV00003712,321334803,Fontaine Perret SA SASU,FR5621288665268341559991015,7144.26,EUR,2025-06-08,2025-06-08,PO380734,U000,CC327,6068,False,none
INV00003447,865890260,Royer et Fils SAS,FR3684148460191344389982780,684.21,EUR,2024-05-14,2024-05-21,PO842955,U014,CC383,6063,False,none
INV00002423,462638380,Bazin SARL,FR7716420595565749025042901,431.78,EUR,2024-02-21,2024-02-28,PO198067,U003,CC309,6181,False,none
INV00004722,848947697,Benard Bouvier S.A.R.L. SARL,FR6918444218299874781224890,9140.0,EUR,2024-03-22,2024-03-29,PO774307,U007,CC601,6181,False,none
INV00002650,021158693,Bigot Coste SARL SASU,FR7696905150267551254278207,2396.93,EUR,2024-11-20,2024-11-22,PO292319,U013,CC520,6228,False,none
INV00004647,382997376,Benard EURL,FR4374443135182337498941343,1913.49,EUR,2025-01-30,2025-02-03,PO336941,U020,CC666,6132,False,none
INV00001172,468862392,Perret Pires S.A. EURL,FR0992518812520566474231220,320.69,EUR,2024-05-15,2024-05-22,PO414637,U029,CC724,6068,False,none
INV00001626,417154544,Costa SA,FR5121641758231334845871493,16246.2,EUR,2025-02-19,2025-02-22,PO105543,U021,CC635,6132,False,none
INV00000325,304637454,Boulanger SA SA,FR9197592304501896164236103,593.29,EUR,2025-03-20,2025-03-23,PO180385,U020,CC943,6132,False,none
INV00001051,135290965,Carlier S.A.S. SARL,FR3288718981312920875102932,663.29,EUR,2025-07-30,2025-07-31,PO983101,U006,CC270,6132,False,none
INV00003145,872050614,Chauvin SASU,FR7044090797727810509222161,14536.95,EUR,2025-09-23,2025-09-25,PO527471,U013,CC473,6065,False,none
INV00003519,560466183,Rocher et Fils SASU,FR0824972439920116691836264,198.57,EUR,2024-06-29,2024-06-29,PO251398,U001,CC311,6063,False,none
INV00003082,043898364,Renard SCI,FR5940299015579980284139080,9504.01,EUR,2024-03-05,2024-03-05,PO712690,U024,CC320,6132,False,none
INV00001609,057202590,Gros SA,FR3823945354614707986321061,5968.87,EUR,2025-10-09,2025-10-16,PO580093,U012,CC429,6135,False,none
INV00005149,398225871,Da Silva SASU,FR8067899730806958146717957,54019.92,EUR,2024-07-06,2024-07-06,PO689810,U038,CC852,6132,True,weekend_unusual_user
INV00001196,119079030,Lemaître S.A.S. SAS,FR8908215454470229604432701,34859.8,EUR,2025-11-08,2025-11-10,PO176573,U005,CC763,6135,False,none
INV00000620,842579913,Durand SASU,FR6349079388413685283061537,471.21,EUR,2024-03-05,2024-03-09,PO803176,U003,CC781,6065,False,none
INV00002005,115542622,Weber SARL,FR2664911110961798178904633,658.99,EUR,2024-03-05,2024-03-05,PO389788,U013,CC901,6065,False,none
INV00003074,464887719,Costa Royer SARL SCI,FR2945892975001701277063242,713.74,EUR,2025-10-01,2025-10-03,PO931537,U028,CC325,6135,False,none
INV00001482,662702895,Lefebvre Laine S.A.R.L. EURL,FR3759325250029218515691545,482.39,EUR,2024-03-01,2024-03-04,,U012,CC666,6063,False,none
INV00001189,064317139,Auger Maillot SA SA,FR4860917798270808697829221,97.61,EUR,2025-11-10,2025-11-17,PO308651,U021,CC820,6132,False,none
INV00000328,363745458,Charrier Blondel et Fils EURL,FR7985725459606339912971024,139.96,EUR,2024-10-23,2024-10-30,PO768914,U017,CC928,6181,False,none
INV00000648,808412411,De Sousa SCI,FR4086926179640537735158506,173.65,EUR,2024-02-25,2024-02-26,PO317541,U021,CC220,6065,False,none
INV00000897,880592962,Lemonnier SASU,FR0614770538338848792069804,2322.09,EUR,2024-12-16,2024-12-20,PO106764,U025,CC596,6068,False,none
INV00003288,259526949,Carre Picard S.A.S. SASU,FR3113875927125663836151718,38.87,EUR,2025-12-02,2025-12-02,PO317245,U020,CC943,6061,False,none
INV00001123,103865719,Albert SA,FR9896094097052774025883586,923.39,EUR,2024-06-25,2024-07-02,PO462072,U002,CC312,6135,False,none
INV00002083,299468044,Vincent SCI,FR6185361530515220472779010,8041.32,EUR,2024-12-05,2024-12-11,PO330628,U025,CC239,6061,False,none
INV00004787,414586850,Marty SA,FR6823124329212779979955271,186.67,EUR,2025-11-28,2025-11-30,PO292509,U007,CC225,6181,False,none
INV00002516,412528669,Daniel SAS,FR5611082555989534396112910,434.1,EUR,2025-10-17,2025-10-23,PO120890,U012,CC920,6228,False,none
INV00001694,444713247,Adam SA,FR5709178513854457702992959,1273.09,EUR,2024-08-05,2024-08-06,PO353993,U004,CC789,6063,False,none
INV00002138,661771159,Pascal EURL,FR1993466766506180919015814,244.08,EUR,2024-01-18,2024-01-19,PO503498,U003,CC933,6132,False,none
INV00002100,611254573,Étienne SARL SA,FR2742340163611284971859484,10172.4,EUR,2024-06-08,2024-06-11,PO263040,U001,CC358,6063,False,none
INV00004140,969108589,Ribeiro SASU,FR2209617399704694725878444,2026.03,EUR,2025-04-08,2025-04-09,PO295310,U005,CC218,6135,False,none
INV00003537,770348247,Richard S.A. SASU,FR7875622086353654195180238,731.98,EUR,2025-03-07,2025-03-08,PO358581,U002,CC712,6068,False,none
INV00004457,562328588,Meunier SA,FR8621752500743292712966667,1474.98,EUR,2025-02-28,2025-03-04,PO316421,U011,CC353,6063,False,none
INV00001519,556472929,Moreno EURL,FR6614492074926999699648997,1987.49,EUR,2025-08-05,2025-08-05,PO690672,U007,CC760,6063,False,none
INV00004419,639208678,Dias S.A. SA,FR2098036577449160936595201,2591.9,EUR,2024-05-13,2024-05-16,PO911839,U018,CC344,6061,False,none
INV00005142,210470952,Cousin Pereira S.A.R.L. SCI,FR2248251353465549471709991,29015.6,EUR,2025-04-12,2025-04-14,PO200195,U002,CC999,6228,True,amount_outlier
INV00001023,134316117,Seguin Gay S.A. SASU,FR0315336884443106987205061,1399.5,EUR,2024-04-10,2024-04-14,PO545804,U016,CC861,6061,False,none
INV00004570,699013983,Robert Pierre et Fils SA,FR1614987283999219212493843,1314.56,EUR,2024-08-20,2024-08-22,PO914280,U001,CC809,6132,False,none
INV00002549,369155942,Paul et Fils SCI,FR9212600308356691062715312,1203.97,EUR,2025-07-16,2025-07-21,PO571200,U013,CC363,6061,False,none
INV00005034,776945314,Neveu S.A.S.U,FR6070866882634351751830469,21505.2,EUR,2025-02-10,2025-02-08,PO156413,U002,CC536,6181,True,duplicate_fuzzy
INV00004174,872050614,Chauvin SASU,FR7044090797727810509222161,3061.42,EUR,2025-06-27,2025-07-03,PO684583,U007,CC800,6135,False,none
INV00001557,305548851,Gomes SARL,FR6298011100051553234159597,2164.96,EUR,2024-03-20,2024-03-23,PO123304,U013,CC594,6132,False,none
INV00001647,233095849,Jacob Humbert S.A.S. SASU,FR3488788361968931350305872,1132.24,EUR,2025-01-12,2025-01-17,,U006,CC291,6063,False,none
INV00000809,142626551,Dijoux SARL,FR3427017130232129833816742,16161.22,EUR,2024-07-31,2024-08-01,PO922378,U012,CC963,6132,False,none
INV00003043,727875588,Gérard SASU,FR9599934768701462638380657,1451.86,EUR,2025-01-08,2025-01-09,PO204027,U015,CC402,6065,False,none
INV00000978,142626551,Dijoux SARL,FR3427017130232129833816742,6794.37,EUR,2024-02-24,2024-02-27,PO576126,U000,CC270,6063,False,none
INV00002232,078161849,Guillou Gautier et Fils SA,FR1389325288095701543039117,1795.28,EUR,2024-05-17,2024-05-23,PO213043,U006,CC309,6061,False,none
INV00004230,376137918,Leduc SARL,FR9415847768634234619942376,2310.33,EUR,2025-02-24,2025-02-28,PO477647,U020,CC700,6181,False,none
INV00004877,544964759,Sanchez Garcia S.A. SA,FR4717982134862985797363831,615.05,EUR,2025-06-04,2025-06-07,PO947761,U013,CC859,6061,False,none
INV00002436,341036971,Georges SA,FR1814586833901981794695489,5817.98,EUR,2024-06-27,2024-06-28,PO550748,U017,CC514,6132,False,none
INV00004111,591846386,Vasseur Menard S.A.R.L. EURL,FR6918856669541329715066626,1831.17,EUR,2025-10-27,2025-10-27,PO451219,U005,CC417,6065,False,none
INV00002215,477752047,Mallet SASU,FR7165193982807374167243426,1659.69,EUR,2024-08-10,2024-08-13,PO962936,U000,CC244,6135,False,none
INV00002942,207501102,Gillet SCI,FR2553970548739610290871827,8939.65,EUR,2025-05-31,2025-06-04,PO319231,U007,CC689,6063,False,none
INV00004031,877169472,Grondin SA,FR9325523561781703211920613,815.49,EUR,2025-07-29,2025-08-03,PO283972,U023,CC507,6068,False,none
INV00004762,029593917,Traore Dupuy SA SASU,FR0518600892196394568044731,352.4,EUR,2025-01-17,2025-01-22,PO157079,U029,CC658,6228,False,none
INV00003869,779082723,Perret SA,FR6634392529596111102867120,6293.32,EUR,2024-11-30,2024-12-02,,U006,CC254,6065,False,none
INV00000174,321334803,Fontaine Perret SA SASU,FR5621288665268341559991015,171.5,EUR,2025-01-29,2025-02-01,PO982725,U011,CC155,6132,False,none
INV00003399,072290349,Lopes Raynaud et Fils SARL,FR0313577908335061581488810,249.43,EUR,2025-03-11,2025-03-11,PO658754,U002,CC938,6132,False,none
INV00004379,888067065,Munoz SASU,FR6850461735743842150317807,996.18,EUR,2024-08-21,2024-08-22,PO197190,U018,CC640,6135,False,none
INV00001654,473647102,Jacob SARL SCI,FR8290552818325381793355486,2655.22,EUR,2024-06-05,2024-06-11,PO394032,U020,CC702,6228,False,none
INV00004602,762120216,Guillou Gérard S.A.R.L. SCI,FR6390814415298217392957867,42596.6,EUR,2024-08-05,2024-08-10,PO404352,U020,CC923,6181,False,none
INV00000217,230461849,Lemaire S.A. EURL,FR3699660577980660392051460,794.01,EUR,2025-07-04,2025-07-07,PO303129,U003,CC915,6065,False,none
INV00004582,210470952,Cousin Pereira S.A.R.L. SCI,FR2248251353465549471709991,451.33,EUR,2024-09-10,2024-09-12,PO176587,U026,CC444,6132,False,none
INV00003973,299228092,Reynaud Bègue SA SARL,FR0826351004627765725659202,1165.77,EUR,2025-07-26,2025-07-29,PO505508,U004,CC676,6063,False,none
INV00001444,606530745,Cordier S.A. SASU,FR0462447951330531949796958,1411.95,EUR,2025-11-07,2025-11-12,,U011,CC567,6228,False,none
INV00000690,799650752,Le Roux Bailly SA SAS,FR6031739363854678544587717,1837.47,EUR,2025-01-20,2025-01-20,PO460836,U016,CC113,6068,False,none
INV00002751,239431290,Diaz SAS,FR7139527536749785249141686,1284.39,EUR,2025-01-11,2025-01-13,PO306240,U002,CC554,6063,False,none
INV00003858,130756263,Lucas SASU,FR3367197889778280647969545,141.25,EUR,2024-12-02,2024-12-04,PO544689,U028,CC676,6061,False,none
INV00002388,215064890,Dubois SASU,FR5318481973741897215406417,471.54,EUR,2024-01-20,2024-01-25,PO409314,U005,CC633,6063,False,none
INV00001106,662462873,Moreau Royer S.A.S. SA,FR6513824967183258238687007,152.8,EUR,2025-04-14,2025-04-19,PO453854,U021,CC403,6061,False,none
INV00004996,526218159,Adam SARL,FR8283192134249128965999497,3720.34,EUR,2024-02-08,2024-02-08,PO990677,U002,CC898,6132,False,none
INV00000818,556472929,Moreno EURL,FR6614492074926999699648997,557.06,EUR,2025-07-27,2025-08-02,PO428817,U020,CC561,6065,False,none
INV00001815,731781080,Lamy Noël S.A.S. SA,FR8424210249947174648877190,36.57,EUR,2025-04-22,2025-04-22,PO378663,U027,CC253,6063,False,none
INV00000611,953428364,Hamel Ollivier S.A.S. SASU,FR4618204339718956907056260,3231.62,EUR,2025-10-29,2025-11-04,PO245608,U000,CC716,6063,False,none
INV00003071,774348734,Perrot Paul SARL SCI,FR4914384249818299229959001,6008.22,EUR,2024-06-16,2024-06-23,PO311503,U025,CC799,6228,False,none
INV00003700,467741862,Blanc SARL,FR6212125902035713432406424,3690.95,EUR,2024-05-27,2024-05-28,PO926263,U003,CC718,6068,False,none
INV00003963,347955276,Ledoux SA,FR7929384401348087354378826,1313.73,EUR,2025-04-16,2025-04-18,PO133317,U015,CC522,6061,False,none
INV00000576,783908470,Laurent SARL,FR1858877043581128801336138,917.15,EUR,2025-06-23,2025-06-24,,U011,CC610,6132,False,none
INV00002197,576615654,Baron EURL,FR2352577754781291428341108,429.46,EUR,2025-01-18,2025-01-23,PO331306,U015,CC303,6061,False,none
INV00004576,540331739,Paris SAS,FR1487758030468750635190361,16724.15,EUR,2025-07-23,2025-07-24,PO813123,U006,CC160,6063,False,none
INV00001180,167014508,Pires EURL,FR6708031499825080046358068,292.19,EUR,2025-04-20,2025-04-23,PO747554,U016,CC550,6132,False,none
INV00000888,451983273,Buisson et Fils SASU,FR2432225913651777392603029,3537.55,EUR,2025-10-01,2025-10-05,PO411777,U018,CC743,6228,False,none
INV00004436,565574313,Bouvet SA SA,FR5259025176298334774332683,503.26,EUR,2025-03-16,2025-03-22,PO690275,U021,CC214,6065,False,none
INV00002288,735160917,Couturier Lebrun SARL SAS,FR9515970996254384807520344,1718.73,EUR,2024-08-19,2024-08-22,PO102003,U029,CC463,6065,False,none
INV00003264,743953394,Leduc SA SCI,FR2245444328309652074466609,449.05,EUR,2025-08-22,2025-08-29,PO963150,U001,CC269,6065,False,none
INV00000817,259526949,Carre Picard S.A.S. SASU,FR3113875927125663836151718,2647.03,EUR,2025-07-19,2025-07-20,PO123023,U013,CC175,6228,False,none
INV00003501,167014508,Pires EURL,FR6708031499825080046358068,512.22,EUR,2025-05-19,2025-05-25,PO351818,U011,CC789,6135,False,none
INV00002067,688444310,Pascal S.A.R.L. SAS,FR5152057563983652037583094,1194.35,EUR,2025-05-01,2025-05-02,,U011,CC229,6061,False,none
INV00000208,888067065,Munoz SASU,FR6850461735743842150317807,5125.26,EUR,2024-11-15,2024-11-17,PO931627,U006,CC882,6061,False,none
INV00000293,977236929,Moreau EURL,FR7191767993593744039464083,834.48,EUR,2025-12-22,2025-12-22,PO203479,U029,CC319,6228,False,none
INV00001119,711382675,Arnaud SA,FR1865902771670145089935889,2448.82,EUR,2025-08-04,2025-08-05,PO863535,U022,CC723,6228,False,none
INV00003674,662961943,Boulay SASU,FR7091025743263039752450864,7125.23,EUR,2024-05-10,2024-05-17,PO253668,U000,CC837,6061,False,none
INV00004060,315869232,Arnaud S.A. SAS,FR4661201836675254599102290,21821.98,EUR,2025-03-24,2025-03-31,PO226690,U003,CC526,6063,False,none
INV00001264,210470952,Cousin Pereira S.A.R.L. SCI,FR2248251353465549471709991,80.85,EUR,2024-04-05,2024-04-10,PO889912,U011,CC899,6065,False,none
INV00000990,814770054,Lombard Petitjean SA SA,FR4488147435031365024916300,1965.5,EUR,2025-04-15,2025-04-22,PO277545,U009,CC365,6063,False,none
INV00004236,533645257,Fischer Garnier S.A.S. SARL,FR6862633556434369709317069,500.35,EUR,2025-10-09,2025-10-10,PO841889,U000,CC414,6068,False,none
INV00004664,235116155,Guillon SA,FR5453287101226916697848018,128.14,EUR,2024-11-19,2024-11-19,PO449851,U029,CC602,6068,False,none
INV00004652,347955276,Ledoux SA,FR7929384401348087354378826,1101.29,EUR,2024-03-20,2024-03-26,PO258582,U013,CC396,6063,False,none
INV00002916,016400524,Blanchet SA,FR0417839084700766177115921,118.23,EUR,2025-01-01,2025-01-06,PO774072,U012,CC727,6135,False,none
INV00000353,797403447,Guilbert EURL,FR7376767721903404384279788,1007.12,EUR,2025-05-12,2025-05-15,PO904894,U026,CC764,6065,False,none
INV00003799,933472122,Hamon SASU,FR8116517680866281372143308,1359.48,EUR,2025-01-01,2025-01-03,PO714831,U004,CC402,6063,False,none
INV00003230,444713247,Adam SA,FR5709178513854457702992959,439.69,EUR,2024-11-21,2024-11-25,PO303510,U028,CC187,6068,False,none
INV00003252,555439878,Chauvin et Fils SAS,FR8000767620901447340433700,6221.29,EUR,2024-09-10,2024-09-11,PO835485,U015,CC351,6181,False,none
INV00001489,795687833,Fischer SAS,FR7559779452321941680061027,261.51,EUR,2025-10-03,2025-10-03,PO688971,U002,CC821,6065,False,none
INV00002726,814141397,Philippe EURL,FR3406791766512215001418842,2188.97,EUR,2024-04-29,2024-04-30,PO105387,U022,CC957,6228,False,none
INV00003406,524310690,Benoit EURL,FR8615869886497677622827728,626.49,EUR,2025-01-15,2025-01-16,PO746592,U028,CC858,6181,False,none
INV00003258,326033230,Martin SA,FR0948439910622723626693351,7179.32,EUR,2025-11-18,2025-11-19,PO937337,U020,CC411,6135,False,none
INV00001228,103865719,Albert SA,FR9896094097052774025883586,2664.44,EUR,2025-01-30,2025-02-01,,U020,CC134,6068,False,none
INV00000259,517016608,Ledoux Techer SA EURL,FR7981079649673794577278532,238.65,EUR,2025-10-13,2025-10-20,PO217771,U023,CC590,6061,False,none
INV00004923,170999173,Roche Leleu S.A. EURL,FR4842108902851553334264335,136.44,EUR,2024-01-24,2024-01-28,PO956161,U012,CC772,6132,False,none
INV00003075,808412411,De Sousa SCI,FR4086926179640537735158506,289.7,EUR,2025-03-04,2025-03-06,PO393234,U010,CC453,6068,False,none
INV00004888,724004991,Lejeune Rodrigues SA EURL,FR6043973597107256366941180,179.28,EUR,2025-08-11,2025-08-11,,U015,CC924,6135,False,none
INV00003780,353875842,Lucas SASU,FR4715622949381735984884021,8558.87,EUR,2024-09-27,2024-09-29,PO768460,U017,CC242,6228,False,none
INV00004632,591846386,Vasseur Menard S.A.R.L. EURL,FR6918856669541329715066626,25531.29,EUR,2025-09-26,2025-09-30,PO154181,U028,CC885,6065,False,none
INV00000052,591846386,Vasseur Menard S.A.R.L. EURL,FR6918856669541329715066626,451.76,EUR,2025-03-04,2025-03-08,,U012,CC682,6068,False,none
INV00002342,662961943,Boulay SASU,FR7091025743263039752450864,584.49,EUR,2025-06-26,2025-06-27,PO157398,U010,CC153,6061,False,none
INV00000411,005162713,De Oliveira Grenier S.A.S. EURL,FR0629635339055044817766558,1516.14,EUR,2024-03-26,2024-03-31,PO994911,U026,CC832,6228,False,none
INV00003595,231491357,Jacquet SA,FR0433399948532089532638902,1797.17,EUR,2024-01-15,2024-01-21,,U017,CC885,6135,False,none
INV00003085,554665905,Paul Pereira SA SAS,FR0938633839288619576122868,2812.46,EUR,2024-09-25,2024-10-02,PO998661,U022,CC975,6061,False,none
INV00002977,160648422,Brunet Dos Santos S.A.S. SASU,FR1956608470681039033970519,436.62,EUR,2024-10-25,2024-11-01,PO315082,U021,CC380,6063,False,none
INV00003080,051531952,Ramos Da Silva S.A.R.L. SCI,FR4181040915701840943533448,100.66,EUR,2025-07-27,2025-07-28,PO804819,U001,CC987,6181,False,none
INV00004332,547812914,Poulain EURL,FR3972239898306503121980418,573.23,EUR,2024-11-09,2024-11-13,PO425624,U018,CC804,6181,False,none
INV00001738,611254573,Étienne SARL SA,FR2742340163611284971859484,1612.05,EUR,2025-06-05,2025-06-08,PO692801,U003,CC401,6061,False,none
INV00001479,375564641,Laroche S.A.S. SA,FR1830165712082677345401938,248.51,EUR,2025-05-21,2025-05-21,PO254546,U009,CC236,6181,False,none
INV00001507,814770054,Lombard Petitjean SA SA,FR4488147435031365024916300,1827.74,EUR,2025-01-17,2025-01-23,PO331145,U019,CC718,6132,False,none
INV00001033,270866882,Mary Gros SARL SA,FR2428914161284639855474355,1182.09,EUR,2025-05-04,2025-05-11,PO875615,U023,CC183,6063,False,none
INV00001097,814770054,Lombard Petitjean SA SA,FR4488147435031365024916300,1518.96,EUR,2024-04-24,2024-04-28,PO961169,U015,CC135,6132,False,none
INV00001469,770348247,Richard S.A. SASU,FR7875622086353654195180238,6533.71,EUR,2025-10-16,2025-10-23,PO270651,U001,CC397,6135,False,none
INV00000543,926442209,Regnier SAS,FR1328634255638300081867024,3451.64,EUR,2024-07-07,2024-07-09,,U022,CC717,6228,False,none
INV00001046,783613407,Laurent Dumas S.A.R.L. SARL,FR3025436172131451951510922,8108.21,EUR,2024-07-22,2024-07-28,PO909478,U027,CC706,6132,False,none
INV00002699,662702895,Lefebvre Laine S.A.R.L. EURL,FR3759325250029218515691545,1438.09,EUR,2024-09-18,2024-09-23,PO718668,U029,CC715,6065,False,none
INV00004769,935889163,Costa Leclerc S.A.S. SASU,FR9290063140352635602293946,5602.3,EUR,2025-03-21,2025-03-23,PO693038,U024,CC970,6065,False,none
INV00000030,187026217,Hoareau Le Gall et Fils EURL,FR7442209690295939172513552,221.01,EUR,2025-03-05,2025-03-10,PO388698,U027,CC951,6065,False,none
INV00000725,304637454,Boulanger SA SA,FR9197592304501896164236103,2316.9,EUR,2024-05-26,2024-05-29,PO776456,U012,CC202,6065,False,none
INV00004970,852772217,Leclerc S.A.S. SA,FR9185424932149587020701601,5303.94,EUR,2025-11-09,2025-11-13,PO732954,U002,CC612,6135,False,none
INV00002231,869222196,Ollivier Ribeiro SA SAS,FR7808989921722332061632945,1921.02,EUR,2025-12-25,2025-12-28,PO260765,U019,CC912,6068,False,none
INV00005075,669849027,Martins S.A.R.L. SARL,FR9481187233351040961497315,989.28,EUR,2024-06-15,2024-06-22,PO383542,U014,CC102,6132,True,under_threshold
INV00001426,119079030,Lemaître S.A.S. SAS,FR8908215454470229604432701,7135.37,EUR,2025-12-20,2025-12-26,PO218167,U001,CC496,6063,False,none
INV00002583,995777387,Andre EURL,FR3179808932460953962185188,443.95,EUR,2025-11-15,2025-11-17,PO160326,U014,CC898,6135,False,none
INV00002663,348434437,Gilles SARL SAS,FR3446853664987820829737489,1013.17,EUR,2025-10-19,2025-10-23,PO316265,U022,CC812,6068,False,none
INV00000436,560466183,Rocher et Fils SASU,FR0824972439920116691836264,219.15,EUR,2024-05-27,2024-05-29,,U028,CC915,6132,False,none
INV00004725,540331739,Paris SAS,FR1487758030468750635190361,15606.96,EUR,2024-11-02,2024-11-03,PO508560,U013,CC538,6063,False,none
INV00000912,016400524,Blanchet SA,FR0417839084700766177115921,15191.41,EUR,2025-05-20,2025-05-22,PO797576,U003,CC611,6228,False,none
INV00004355,527858549,Roussel EURL,FR3635785294563718344049639,699.84,EUR,2025-11-08,2025-11-11,PO386228,U028,CC963,6065,False,none
INV00001588,187851910,Dufour Garcia S.A. SASU,FR2703037236831472760122777,1451.54,EUR,2025-09-07,2025-09-07,PO854038,U018,CC660,6132,False,none
INV00004296,908740640,Andre SARL EURL,FR8719318374550842891077119,369.73,EUR,2024-06-10,2024-06-13,PO339073,U008,CC629,6135,False,none
INV00004653,142626551,Dijoux SARL,FR3427017130232129833816742,685.99,EUR,2024-05-06,2024-05-13,PO784844,U018,CC560,6135,False,none
INV00005116,660026046,Mercier SASU,FR2202453012398472303420284,2844.2,EUR,2024-09-29,2024-10-05,PO996915,U013,CC293,6063,True,shared_iban_ring
INV00001590,115542622,Weber SARL,FR2664911110961798178904633,194.18,EUR,2024-12-24,2024-12-31,PO537513,U029,CC574,6068,False,none
INV00004377,517016608,Ledoux Techer SA EURL,FR7981079649673794577278532,1446.38,EUR,2024-05-25,2024-05-29,PO164436,U009,CC254,6063,False,none
INV00003832,426818184,Paul S.A. SARL,FR3071681572450000001529113,1536.42,EUR,2025-04-07,2025-04-12,PO640428,U006,CC725,6135,False,none
INV00001238,434266179,Klein SCI,FR8533305912662015720185962,574.17,EUR,2024-09-06,2024-09-06,PO480272,U017,CC335,6065,False,none
INV00000903,556472929,Moreno EURL,FR6614492074926999699648997,937.33,EUR,2025-07-24,2025-07-31,PO388548,U012,CC495,6063,False,none
INV00002915,688937346,Seguin Buisson S.A. EURL,FR8795269495888794705516940,2461.18,EUR,2024-02-21,2024-02-27,PO888118,U004,CC488,6068,False,none
INV00003362,571775140,Martel EURL,FR6524082226940539672757844,937.43,EUR,2024-09-28,2024-10-05,PO377837,U025,CC607,6135,False,none
INV00003199,357332214,Berger Guérin SARL SAS,FR0665911665535590425979270,12625.99,EUR,2025-06-11,2025-06-14,PO864202,U013,CC711,6135,False,none
INV00000507,274205493,Gomes Gallet S.A.R.L. SA,FR5328703203207427617075877,801.14,EUR,2025-08-02,2025-08-07,PO310105,U020,CC306,6063,False,none
INV00003442,165667010,Diaz Chrétien S.A.R.L. SARL,FR6109477752047116719022941,234.64,EUR,2024-05-12,2024-05-17,PO862831,U009,CC797,6181,False,none
INV00000183,473121727,Besnard Muller S.A.R.L. SASU,FR8896271286391741011947072,1127.73,EUR,2025-04-01,2025-04-04,PO364132,U006,CC134,6061,False,none
INV00003638,935889163,Costa Leclerc S.A.S. SASU,FR9290063140352635602293946,3984.05,EUR,2025-07-31,2025-08-07,PO333236,U010,CC567,6068,False,none
INV00001497,911914856,Delattre SASU,FR1875409150863218122764579,146.3,EUR,2024-11-25,2024-11-30,PO585166,U018,CC632,6065,False,none
INV00000449,927065379,Mercier S.A.R.L. SAS,FR1845104636815798123878003,3848.21,EUR,2025-08-01,2025-08-05,PO929637,U004,CC245,6181,False,none
INV00000321,616928451,Lemaître S.A.S. SCI,FR6208514036965666683272386,2886.19,EUR,2024-07-02,2024-07-09,PO902059,U021,CC447,6065,False,none
INV00004372,051531952,Ramos Da Silva S.A.R.L. SCI,FR4181040915701840943533448,173.93,EUR,2024-06-06,2024-06-11,PO571183,U021,CC508,6135,False,none
INV00001730,518023806,Vincent S.A.R.L. SASU,FR0506500425488214236914307,1661.71,EUR,2024-10-11,2024-10-15,PO142301,U003,CC347,6132,False,none
INV00001971,462265676,Rodrigues SARL,FR2408115562606029084668455,1166.19,EUR,2025-06-28,2025-06-28,PO386467,U014,CC238,6181,False,none
INV00004838,034505415,Berthelot SA,FR5814876963938276153966958,17504.86,EUR,2024-10-25,2024-10-28,PO103117,U012,CC745,6065,False,none
INV00001995,735160917,Couturier Lebrun SARL SAS,FR9515970996254384807520344,1267.87,EUR,2025-01-16,2025-01-17,PO727276,U017,CC865,6181,False,none
INV00002057,518233749,Martinez SAS,FR9547735866296194311426265,260.84,EUR,2024-10-29,2024-11-03,PO838364,U014,CC798,6181,False,none
INV00002251,881435368,Lombard EURL,FR3344983553935435864496392,479.37,EUR,2025-08-17,2025-08-24,PO137805,U025,CC744,6068,False,none
INV00001551,792524191,Blanchard SARL,FR0476502412095790737100943,306.2,EUR,2025-10-08,2025-10-14,PO330935,U001,CC145,6132,False,none
INV00004578,816934060,Carre SASU,FR2865905151864492519254629,3789.41,EUR,2025-06-04,2025-06-10,PO201604,U016,CC906,6063,False,none
INV00001146,175354083,Morel Chevallier S.A. SAS,FR1413695727908335090254257,368.4,EUR,2025-03-12,2025-03-17,PO177667,U014,CC826,6228,False,none
INV00002269,025634216,Masson EURL,FR1097840369003432445107622,4554.05,EUR,2025-07-03,2025-07-08,PO753789,U016,CC127,6135,False,none
INV00004884,348434437,Gilles SARL SAS,FR3446853664987820829737489,451.25,EUR,2025-11-20,2025-11-24,PO593490,U024,CC564,6135,False,none
INV00000044,686879374,Ribeiro SARL,FR9738166496902824983922501,251.65,EUR,2024-11-11,2024-11-13,PO676680,U012,CC616,6135,False,none
INV00003603,792499125,Gillet S.A.R.L. SA,FR9743356708604145456350200,457.26,EUR,2025-09-19,2025-09-24,PO337863,U022,CC252,6228,False,none
INV00003153,821486289,Normand Perrin S.A.R.L. SARL,FR8766630932998199605932971,277.36,EUR,2024-08-29,2024-08-29,PO651890,U026,CC709,6068,False,none
INV00002045,551884422,Buisson et Fils SCI,FR0377661830671985546015851,297.84,EUR,2025-03-30,2025-04-05,PO292073,U002,CC579,6132,False,none
INV00003827,121003236,Klein Dumont S.A.S. EURL,FR6871114837537458438458810,577.58,EUR,2025-11-13,2025-11-13,PO620556,U018,CC391,6132,False,none
INV00001378,666676008,Langlois S.A.R.L. SASU,FR7942585917793238223116491,2521.18,EUR,2025-10-10,2025-10-14,PO631265,U020,CC392,6068,False,none
INV00003386,782489638,Vasseur SAS,FR3167065627298069901627204,713.31,EUR,2024-11-22,2024-11-25,PO719478,U026,CC192,6132,False,none
INV00003220,560466183,Rocher et Fils SASU,FR0824972439920116691836264,8256.33,EUR,2024-12-21,2024-12-27,PO717774,U019,CC160,6181,False,none
INV00000413,175354083,Morel Chevallier S.A. SAS,FR1413695727908335090254257,244.03,EUR,2025-09-22,2025-09-29,PO985555,U005,CC736,6068,False,none
INV00002298,348434437,Gilles SARL SAS,FR3446853664987820829737489,5094.45,EUR,2024-03-10,2024-03-16,,U001,CC532,6135,False,none
INV00001407,288095701,Costa SA,FR8632016328708317278895798,264.96,EUR,2024-11-28,2024-12-04,,U014,CC894,6065,False,none
INV00001858,748217594,Morel SARL,FR6653074505444713247546913,51269.58,EUR,2025-12-24,2025-12-27,PO776758,U002,CC934,6135,False,none
INV00000801,737530011,Martineau Paris SA SASU,FR5433337320430977688936289,2070.4,EUR,2024-05-15,2024-05-22,PO220063,U006,CC976,6228,False,none
INV00001288,005162713,De Oliveira Grenier S.A.S. EURL,FR0629635339055044817766558,18291.43,EUR,2025-08-25,2025-08-26,PO865859,U005,CC850,6068,False,none
INV00001558,852772217,Leclerc S.A.S. SA,FR9185424932149587020701601,3296.09,EUR,2024-11-25,2024-12-01,,U018,CC407,6132,False,none
INV00005110,673631633,Philippe Bourgeois S.A. SARL,FR0277417430435023850228946,42892.65,EUR,2025-09-17,2025-09-18,PO705125,U001,CC479,6135,True,shared_iban_ring
INV00002603,969108589,Ribeiro SASU,FR2209617399704694725878444,144.61,EUR,2024-02-27,2024-03-01,PO667789,U005,CC893,6135,False,none
INV00001732,528168505,Brunet Girard et Fils SCI,FR3367998136462251790864168,1366.82,EUR,2025-09-07,2025-09-09,PO322256,U007,CC760,6135,False,none
INV00004467,473647102,Jacob SARL SCI,FR8290552818325381793355486,326.78,EUR,2024-08-02,2024-08-09,PO436550,U006,CC641,6132,False,none
INV00001699,814141397,Philippe EURL,FR3406791766512215001418842,1560.68,EUR,2025-07-18,2025-07-18,PO926968,U007,CC838,6135,False,none
INV00000256,051238282,Gaillard S.A.S. SARL,FR8414870682778816093068538,6055.43,EUR,2024-06-11,2024-06-12,PO524214,U029,CC611,6065,False,none
INV00003338,533645257,Fischer Garnier S.A.S. SARL,FR6862633556434369709317069,6618.06,EUR,2024-01-13,2024-01-13,,U008,CC736,6228,False,none
INV00001890,100167618,Chartier Costa et Fils SARL,FR6360144485645101739739641,6642.44,EUR,2024-08-22,2024-08-23,,U000,CC925,6181,False,none
INV00001151,353875842,Lucas SASU,FR4715622949381735984884021,829.29,EUR,2024-09-05,2024-09-07,PO406533,U027,CC493,6132,False,none
INV00002456,104328986,Girard Gonzalez S.A. SARL,FR5850209945101622499982795,5394.85,EUR,2024-05-04,2024-05-09,PO445742,U016,CC244,6132,False,none
INV00000647,829221699,François EURL,FR9393110059129751910231211,830.48,EUR,2024-03-22,2024-03-22,PO957171,U017,CC902,6228,False,none
INV00003106,892687056,Brunet SARL SARL,FR8420952004615265461033993,541.88,EUR,2024-10-16,2024-10-19,,U020,CC112,6063,False,none
INV00002748,656272980,Bazin Berger SA SARL,FR4113075626368970283857865,336.42,EUR,2025-05-18,2025-05-22,PO937519,U021,CC788,6065,False,none
INV00001905,031051834,Germain SCI,FR0473545494808313678377701,1462.59,EUR,2025-08-13,2025-08-13,PO375454,U018,CC341,6063,False,none
INV00002078,809402445,Ollivier Bonneau S.A.S. SCI,FR6188117298068650863765991,2848.85,EUR,2024-01-22,2024-01-26,PO663335,U008,CC288,6061,False,none
INV00002277,375265479,Chartier SASU,FR8312871539915668633414111,472.73,EUR,2025-09-20,2025-09-25,PO506550,U020,CC511,6132,False,none
INV00004025,775901751,Lambert SA,FR9251405468356521568182096,525.53,EUR,2025-07-22,2025-07-29,PO139129,U003,CC366,6135,False,none
INV00001315,944869594,Lebon Maury S.A.R.L. EURL,FR7144391649701693429291320,20663.59,EUR,2024-03-16,2024-03-22,,U004,CC713,6068,False,none
INV00001088,104332181,Laurent et Fils SCI,FR1533218196001338908386379,659.44,EUR,2025-02-21,2025-02-23,PO184279,U005,CC341,6068,False,none
INV00002718,133613861,Guillaume SARL,FR3069979907075504768169957,2181.01,EUR,2025-08-23,2025-08-27,PO226370,U022,CC267,6135,False,none
INV00002630,527047743,Aubry EURL,FR3775955872096289365435884,3595.26,EUR,2024-06-10,2024-06-14,PO566927,U009,CC373,6132,False,none
INV00002377,330307053,Tessier SAS,FR8232735241039773973278195,540.52,EUR,2025-10-16,2025-10-22,,U001,CC806,6135,False,none
INV00001350,303054868,Faivre S.A.R.L. SA,FR3221717477332945625577017,2274.26,EUR,2024-10-08,2024-10-13,PO257918,U006,CC414,6063,False,none
INV00004408,060385050,Boutin S.A. SAS,FR6828723244079311029181331,3400.77,EUR,2024-02-15,2024-02-16,PO249615,U023,CC135,6132,False,none
INV00000112,977008860,Bigot SCI,FR5865754602734151488814311,804.83,EUR,2025-07-01,2025-07-05,PO988980,U010,CC365,6135,False,none
INV00003350,413836702,Gonzalez EURL,FR3938497916202232883774419,149.15,EUR,2025-08-23,2025-08-27,PO895597,U023,CC516,6061,False,none
INV00000263,544964759,Sanchez Garcia S.A. SA,FR4717982134862985797363831,703.2,EUR,2024-06-03,2024-06-09,PO433193,U019,CC719,6061,False,none
INV00001393,965756924,Gilbert SA,FR7316493289802714872717833,967.77,EUR,2025-04-09,2025-04-16,PO536569,U015,CC113,6132,False,none
INV00002077,800439735,Breton Durand SA SA,FR5358752568065625904599080,7315.59,EUR,2024-05-15,2024-05-15,,U006,CC488,6135,False,none
INV00001186,788191485,Royer S.A. SASU,FR9390018513279724572308481,2680.25,EUR,2024-03-17,2024-03-21,PO957011,U009,CC806,6061,False,none
INV00002509,432225913,Ruiz Rémy SA SASU,FR8391090326714949819421794,1585.08,EUR,2025-07-15,2025-07-18,PO894996,U018,CC748,6181,False,none
INV00000056,019380262,Blanc Pinto S.A. SCI,FR0220696942152910867713334,2084.99,EUR,2024-08-03,2024-08-06,PO990742,U019,CC111,6181,False,none
INV00001309,903521356,Joseph SCI,FR8891872401078356743000389,712.28,EUR,2025-07-23,2025-07-28,PO660245,U000,CC148,6132,False,none
INV00000695,618091901,Poulain SARL,FR9160858167046861114576832,1635.13,EUR,2025-03-29,2025-03-31,PO238722,U012,CC139,6132,False,none
INV00004336,737530011,Martineau Paris SA SASU,FR5433337320430977688936289,257.26,EUR,2024-01-31,2024-01-31,PO229944,U025,CC258,6065,False,none
INV00001831,004786863,Boulay et Fils SAS,FR9374907539989354492683158,239.41,EUR,2025-08-20,2025-08-27,PO406884,U020,CC523,6065,False,none
INV00002389,532787747,Faivre SASU,FR2129751702814069375150939,342.38,EUR,2024-02-07,2024-02-11,PO956686,U022,CC799,6181,False,none
INV00003455,775901751,Lambert SA,FR9251405468356521568182096,327.09,EUR,2024-10-31,2024-11-07,PO262774,U005,CC387,6065,False,none
INV00003786,413836702,Gonzalez EURL,FR3938497916202232883774419,727.33,EUR,2024-06-12,2024-06-17,PO195813,U021,CC826,6061,False,none
INV00002002,886101581,Thomas Richard S.A.S. SASU,FR5457666567491601692364587,3053.09,EUR,2024-02-14,2024-02-21,PO227614,U000,CC660,6063,False,none
INV00001945,299228092,Reynaud Bègue SA SARL,FR0826351004627765725659202,1517.93,EUR,2025-12-24,2025-12-25,PO232935,U022,CC364,6061,False,none
INV00000319,233095849,Jacob Humbert S.A.S. SASU,FR3488788361968931350305872,1391.46,EUR,2024-10-24,2024-10-30,PO829765,U015,CC702,6061,False,none
INV00002441,356159514,Étienne SARL SASU,FR1135733221418880592962229,44.64,EUR,2024-04-03,2024-04-09,PO152797,U012,CC684,6068,False,none
INV00001589,571775140,Martel EURL,FR6524082226940539672757844,115.33,EUR,2025-04-09,2025-04-16,,U010,CC118,6181,False,none
INV00000682,970283857,Gillet SASU,FR4365565033349114152085076,738.66,EUR,2025-01-05,2025-01-12,PO654797,U016,CC257,6181,False,none
INV00002471,379237474,Richard SCI,FR8299861622999119148564679,577.1,EUR,2024-12-06,2024-12-08,PO757610,U013,CC170,6135,False,none
INV00003433,743953394,Leduc SA SCI,FR2245444328309652074466609,53.49,EUR,2024-01-26,2024-01-31,PO856055,U023,CC362,6135,False,none
INV00000479,571775140,Martel EURL,FR6524082226940539672757844,521.95,EUR,2024-09-19,2024-09-19,PO955697,U021,CC555,6063,False,none
INV00003745,852772217,Leclerc S.A.S. SA,FR9185424932149587020701601,766.85,EUR,2024-01-21,2024-01-21,PO282069,U012,CC154,6061,False,none
INV00003046,974801624,François EURL,FR9661064628792326487049478,310.8,EUR,2025-03-17,2025-03-17,PO232332,U026,CC463,6061,False,none
INV00000286,165726284,Gaudin Charpentier S.A. EURL,FR6595995342836440892687056,1776.69,EUR,2024-10-01,2024-10-04,PO320034,U004,CC180,6181,False,none
INV00003063,259526949,Carre Picard S.A.S. SASU,FR3113875927125663836151718,130.37,EUR,2024-03-19,2024-03-26,PO812772,U029,CC552,6061,False,none
INV00004103,869222196,Ollivier Ribeiro SA SAS,FR7808989921722332061632945,297.3,EUR,2024-04-30,2024-05-06,PO480276,U019,CC309,6132,False,none
INV00002357,688444310,Pascal S.A.R.L. SAS,FR5152057563983652037583094,6294.75,EUR,2025-04-26,2025-04-26,PO658121,U019,CC667,6135,False,none
INV00002574,234138999,Pages Valette S.A.R.L. SA,FR3040412091179112442117536,2593.12,EUR,2024-04-09,2024-04-10,PO914355,U026,CC406,6068,False,none
INV00004595,616928451,Lemaître S.A.S. SCI,FR6208514036965666683272386,1521.95,EUR,2025-05-11,2025-05-11,PO619923,U010,CC146,6228,False,none
INV00001921,223253672,Imbert SA,FR2304120092820667849843624,6181.56,EUR,2025-12-15,2025-12-22,PO491956,U014,CC111,6065,False,none
INV00003737,161369681,Lacombe SA,FR4596475987622023413261117,1531.8,EUR,2024-06-11,2024-06-14,PO902271,U015,CC723,6181,False,none
INV00001598,199410137,Pages SCI,FR5820377107044964104967066,1146.29,EUR,2025-07-31,2025-08-01,PO885813,U023,CC364,6065,False,none
INV00003814,231665876,Leroux Millet S.A.S. EURL,FR2753278774701687339500479,388.81,EUR,2024-05-15,2024-05-18,,U009,CC876,6135,False,none
INV00002217,187026217,Hoareau Le Gall et Fils EURL,FR7442209690295939172513552,1849.19,EUR,2024-04-24,2024-04-29,PO758510,U021,CC959,6228,False,none
INV00000736,135290965,Carlier S.A.S. SARL,FR3288718981312920875102932,699.17,EUR,2025-12-30,2026-01-05,PO799686,U021,CC408,6132,False,none
INV00001942,980686508,Dupont Da Silva S.A.R.L. SAS,FR2209505560571219881927788,5124.51,EUR,2024-09-20,2024-09-24,PO619665,U004,CC368,6063,False,none
INV00000336,508821009,Guillot Joseph S.A.S. SCI,FR5271690618120546475489547,2884.86,EUR,2025-11-01,2025-11-05,PO526777,U028,CC472,6063,False,none
INV00003240,910651801,Petitjean Klein et Fils SAS,FR2587125521376037548214565,492.3,EUR,2025-07-06,2025-07-07,PO306041,U001,CC360,6132,False,none
INV00004756,833016571,Joubert S.A. SCI,FR8676064413432756041776561,1830.69,EUR,2025-03-23,2025-03-25,PO421792,U006,CC158,6065,False,none
INV00002819,980686508,Dupont Da Silva S.A.R.L. SAS,FR2209505560571219881927788,2788.31,EUR,2024-12-30,2025-01-01,PO651403,U020,CC659,6228,False,none
INV00004542,244935348,Berger SASU,FR5993183933529042284210205,3501.18,EUR,2024-07-12,2024-07-15,PO452560,U011,CC441,6228,False,none
INV00001071,353465549,Hamel Legrand et Fils SARL,FR9247725129578606940960035,105.82,EUR,2025-09-05,2025-09-07,PO497735,U022,CC393,6065,False,none
INV00002445,717565512,Collet SCI,FR8703761379180552696582710,39496.53,EUR,2025-05-30,2025-05-31,PO308983,U023,CC844,6228,False,none
INV00001872,109324808,Thibault EURL,FR0449375973832060385050641,2764.84,EUR,2024-10-16,2024-10-22,PO247441,U029,CC445,6061,False,none
INV00003113,949299556,Vasseur Guyot SA SA,FR9534699673311677269608437,6594.39,EUR,2024-07-16,2024-07-16,PO129448,U010,CC649,6068,False,none
INV00003084,880592962,Lemonnier SASU,FR0614770538338848792069804,114.76,EUR,2024-07-29,2024-08-03,PO295083,U004,CC906,6068,False,none
INV00004180,663193149,Ramos SCI,FR4364039106518017046226567,348.79,EUR,2024-10-13,2024-10-19,PO435721,U018,CC114,6065,False,none
INV00004244,931746120,Fournier Charpentier SARL SA,FR2156110022557941552166746,2229.1,EUR,2025-04-03,2025-04-03,PO784046,U017,CC918,6132,False,none
INV00000081,758181412,Gonzalez SARL,FR3767722330604633312797573,854.14,EUR,2024-08-06,2024-08-08,PO907455,U004,CC771,6065,False,none
INV00002577,691251778,Allain S.A. EURL,FR2311426258273902196207100,507.77,EUR,2024-02-03,2024-02-04,,U025,CC483,6135,False,none
INV00003944,210470952,Cousin Pereira S.A.R.L. SCI,FR2248251353465549471709991,1009.52,EUR,2024-10-03,2024-10-06,PO500173,U016,CC546,6132,False,none
INV00001714,792499125,Gillet S.A.R.L. SA,FR9743356708604145456350200,4065.94,EUR,2025-03-14,2025-03-14,PO495618,U010,CC583,6228,False,none
INV00001488,121003236,Klein Dumont S.A.S. EURL,FR6871114837537458438458810,4351.32,EUR,2024-04-13,2024-04-16,PO401599,U015,CC891,6063,False,none
INV00000498,399091699,Huet et Fils SASU,FR9543161172400504556238692,587.49,EUR,2025-02-10,2025-02-11,PO158500,U017,CC153,6132,False,none
INV00004482,779071416,Barre SA,FR3851584826691362483550542,82.82,EUR,2025-08-18,2025-08-23,PO830482,U024,CC427,6063,False,none
INV00002095,511686854,Colin SA,FR1068171516025298670766046,128.58,EUR,2025-09-09,2025-09-09,PO910682,U010,CC342,6228,False,none
INV00002728,762120216,Guillou Gérard S.A.R.L. SCI,FR6390814415298217392957867,762.91,EUR,2025-02-28,2025-03-05,,U022,CC344,6065,False,none
INV00002843,725217525,Gay et Fils SASU,FR6831670450232902822700934,4717.76,EUR,2025-04-27,2025-05-03,PO616049,U009,CC621,6061,False,none
INV00003119,235116155,Guillon SA,FR5453287101226916697848018,2435.36,EUR,2025-02-25,2025-02-27,PO457535,U006,CC261,6228,False,none
INV00003247,513338726,Lebreton SCI,FR1549649909133412328120679,320.24,EUR,2025-06-11,2025-06-12,PO970427,U017,CC780,6065,False,none
INV00002266,375564641,Laroche S.A.S. SA,FR1830165712082677345401938,19241.84,EUR,2024-04-15,2024-04-21,PO259000,U018,CC425,6135,False,none
INV00001610,869222196,Ollivier Ribeiro SA SAS,FR7808989921722332061632945,1492.65,EUR,2025-11-02,2025-11-05,,U011,CC117,6135,False,none
INV00004459,474687234,Vincent EURL,FR3185977034824771093248086,239.55,EUR,2024-07-29,2024-08-02,PO868682,U025,CC292,6181,False,none
INV00003668,798552414,Boulay Bertin SARL SAS,FR9375749490228403595442947,742.22,EUR,2025-11-07,2025-11-10,,U012,CC718,6228,False,none
INV00004053,004786863,Boulay et Fils SAS,FR9374907539989354492683158,1237.45,EUR,2025-05-18,2025-05-24,PO873499,U023,CC345,6061,False,none
INV00002174,434558122,Guillet SARL,FR8764710276773592555625881,1180.72,EUR,2024-03-22,2024-03-27,PO686039,U009,CC890,6063,False,none
INV00001022,653287101,Le Roux S.A. SASU,FR0242786801128059826204505,15143.68,EUR,2024-03-20,2024-03-22,,U018,CC911,6181,False,none
INV00002437,466574374,Schmitt SCI,FR0894841312840333997718051,675.96,EUR,2024-12-25,2024-12-31,PO683010,U013,CC910,6181,False,none
INV00005037,982708086,Guyon S.A.S. S.C.I.,FR7246376604655866525483744,13269.23,EUR,2025-07-17,2025-07-19,PO282544,U015,CC656,6228,True,duplicate_fuzzy
INV00002146,432445107,Meyer SAS,FR2011179080759579472846392,3401.38,EUR,2024-05-25,2024-06-01,,U015,CC298,6065,False,none
INV00004002,100225579,Menard Brunel S.A. SARL,FR8520715116966672521452647,3974.84,EUR,2025-02-26,2025-03-01,PO937825,U008,CC706,6135,False,none
INV00003274,321334803,Fontaine Perret SA SASU,FR5621288665268341559991015,405.8,EUR,2025-11-11,2025-11-11,PO727373,U007,CC386,6063,False,none
INV00003478,611254573,Étienne SARL SA,FR2742340163611284971859484,220.65,EUR,2025-09-15,2025-09-20,PO939598,U018,CC278,6065,False,none
INV00000665,412528669,Daniel SAS,FR5611082555989534396112910,334.68,EUR,2024-01-29,2024-02-02,PO150293,U005,CC425,6181,False,none
INV00004953,870021765,Leclerc EURL,FR2634672994938743027169385,4241.93,EUR,2025-04-07,2025-04-14,PO750475,U023,CC396,6065,False,none
INV00004743,646471543,Chevalier Cousin SA SAS,FR4814150937710040901380698,1227.58,EUR,2024-04-14,2024-04-20,PO598958,U029,CC556,6135,False,none
INV00001552,525534192,Pereira et Fils EURL,FR4956670106513338726247317,2648.79,EUR,2025-12-13,2025-12-16,PO966042,U028,CC255,6181,False,none
INV00004401,341036971,Georges SA,FR1814586833901981794695489,74.5,EUR,2025-01-09,2025-01-16,PO910131,U002,CC282,6063,False,none
INV00003817,754558845,Ledoux S.A.R.L. SARL,FR1131139500168094149150762,675.78,EUR,2024-11-28,2024-12-05,PO140869,U025,CC874,6063,False,none
INV00001017,182037788,Renaud SA SCI,FR5531096789940539103717058,1469.83,EUR,2024-04-09,2024-04-11,PO447605,U013,CC320,6068,False,none
INV00000557,270866882,Mary Gros SARL SA,FR2428914161284639855474355,1488.27,EUR,2025-09-22,2025-09-22,,U022,CC791,6228,False,none
INV00002755,170999173,Roche Leleu S.A. EURL,FR4842108902851553334264335,8888.39,EUR,2025-05-22,2025-05-28,,U017,CC408,6061,False,none
INV00001207,464887719,Costa Royer SARL SCI,FR2945892975001701277063242,621.42,EUR,2025-10-14,2025-10-17,PO612867,U023,CC719,6135,False,none
INV00004422,591846386,Vasseur Menard S.A.R.L. EURL,FR6918856669541329715066626,262.68,EUR,2024-06-14,2024-06-14,PO848041,U026,CC363,6132,False,none
INV00002835,996846081,Bailly Dias SARL EURL,FR2337976627051157942387367,623.33,EUR,2025-06-16,2025-06-23,PO865659,U002,CC563,6061,False,none
INV00003483,249985698,Dufour Letellier S.A.R.L. SARL,FR0684245088210099688143536,587.36,EUR,2024-03-24,2024-03-25,PO791287,U008,CC810,6228,False,none
INV00001510,223253672,Imbert SA,FR2304120092820667849843624,868.92,EUR,2024-07-21,2024-07-25,PO230614,U003,CC352,6181,False,none
INV00002236,684602235,Alexandre SARL,FR6536911289812317955633185,1658.61,EUR,2024-07-24,2024-07-24,PO772928,U011,CC315,6061,False,none
INV00003990,643815614,Baron EURL,FR2693769042681818451848947,2196.23,EUR,2024-07-14,2024-07-21,,U006,CC715,6181,False,none
INV00001684,638546785,Hoarau SAS,FR3973505831997179110065120,4663.0,EUR,2025-07-28,2025-07-28,,U001,CC102,6132,False,none
INV00000245,662702895,Lefebvre Laine S.A.R.L. EURL,FR3759325250029218515691545,142.35,EUR,2024-10-03,2024-10-10,,U012,CC283,6132,False,none
INV00001163,435175183,Ledoux SAS,FR9681180715695620175370304,414.33,EUR,2024-05-11,2024-05-12,PO919370,U001,CC426,6063,False,none
INV00002845,855744431,Pottier SARL EURL,FR9890250392614293968562185,6642.0,EUR,2025-04-14,2025-04-20,,U022,CC731,6132,False,none
INV00003065,327104054,Gaillard Hardy et Fils SCI,FR5870562271043318751097921,344.51,EUR,2025-09-17,2025-09-24,PO473015,U018,CC259,6063,False,none
INV00000266,074466609,Germain SAS,FR0483398741132579706734996,13677.55,EUR,2025-05-17,2025-05-21,PO863364,U028,CC534,6181,False,none
INV00002523,931746120,Fournier Charpentier SARL SA,FR2156110022557941552166746,866.23,EUR,2025-02-19,2025-02-19,,U029,CC209,6181,False,none
INV00001114,479851583,Ruiz SA SASU,FR5425376576927789431910090,24129.74,EUR,2025-10-24,2025-10-27,PO417929,U019,CC626,6068,False,none
INV00000063,327104054,Gaillard Hardy et Fils SCI,FR5870562271043318751097921,239.61,EUR,2025-05-30,2025-05-31,PO533672,U013,CC474,6135,False,none
INV00003138,031051834,Germain SCI,FR0473545494808313678377701,1076.1,EUR,2025-03-06,2025-03-07,PO969064,U029,CC255,6181,False,none
INV00004449,588153714,Simon S.A. SAS,FR7785695579887749242437540,3659.07,EUR,2025-09-18,2025-09-21,PO984057,U010,CC282,6181,False,none
INV00002815,788191485,Royer S.A. SASU,FR9390018513279724572308481,572.79,EUR,2024-09-11,2024-09-16,PO117074,U000,CC816,6063,False,none
INV00002945,135521570,Durand SA,FR4365817390637579145211823,717.62,EUR,2025-02-15,2025-02-19,PO327098,U009,CC290,6181,False,none
INV00004050,853615305,Breton EURL,FR4102793714521117518689268,336.36,EUR,2025-09-01,2025-09-04,PO963305,U005,CC532,6132,False,none
INV00003290,901627204,Jean SASU,FR5443757584419866524041574,158.72,EUR,2024-09-30,2024-10-03,PO226389,U025,CC957,6068,False,none
INV00004749,698485833,Laporte Robert et Fils SAS,FR6644210175096170159591945,1804.5,EUR,2025-09-03,2025-09-08,PO864504,U026,CC611,6181,False,none
INV00003078,115542622,Weber SARL,FR2664911110961798178904633,517.81,EUR,2025-12-11,2025-12-15,PO970801,U003,CC122,6132,False,none
INV00002413,474367136,Giraud S.A. EURL,FR8430307053457861035797279,185.82,EUR,2024-05-23,2024-05-25,PO181923,U015,CC962,6132,False,none
INV00002195,865890260,Royer et Fils SAS,FR3684148460191344389982780,567.47,EUR,2025-02-14,2025-02-18,PO193351,U013,CC935,6068,False,none
INV00004122,694097499,Pages SARL,FR4749946579678427114773201,718.45,EUR,2024-04-26,2024-05-03,PO882116,U004,CC523,6132,False,none
INV00004464,564139537,Parent S.A. SARL,FR0619399091699854353462475,467.62,EUR,2024-09-18,2024-09-25,PO302324,U011,CC385,6065,False,none
INV00001784,348434437,Gilles SARL SAS,FR3446853664987820829737489,139.69,EUR,2025-05-14,2025-05-16,,U018,CC242,6135,False,none
INV00001237,518233749,Martinez SAS,FR9547735866296194311426265,1848.12,EUR,2025-09-13,2025-09-16,PO308328,U023,CC862,6135,False,none
INV00000103,618091901,Poulain SARL,FR9160858167046861114576832,131.93,EUR,2025-07-30,2025-08-06,PO106029,U019,CC605,6068,False,none
INV00002225,412528669,Daniel SAS,FR5611082555989534396112910,134.91,EUR,2025-10-02,2025-10-07,PO247711,U018,CC981,6132,False,none
INV00003456,058651850,Bernard Boulay SA SASU,FR7178686337524310690331190,106.13,EUR,2024-09-10,2024-09-13,PO795015,U019,CC271,6228,False,none
INV00000272,357332214,Berger Guérin SARL SAS,FR0665911665535590425979270,14095.39,EUR,2025-10-29,2025-11-05,PO798260,U028,CC394,6181,False,none
INV00000508,596401658,Blin S.A.R.L. SCI,FR7012847818913718949058077,1981.63,EUR,2025-04-11,2025-04-18,PO447231,U027,CC692,6135,False,none
INV00003779,175354083,Morel Chevallier S.A. SAS,FR1413695727908335090254257,2457.42,EUR,2024-11-30,2024-11-30,PO479053,U012,CC355,6061,False,none
INV00005084,669849027,Martins S.A.R.L. SARL,FR9481187233351040961497315,49569.49,EUR,2024-06-15,2024-06-22,PO383542,U014,CC102,6132,True,under_threshold
INV00004995,274205493,Gomes Gallet S.A.R.L. SA,FR5328703203207427617075877,7493.75,EUR,2024-04-17,2024-04-23,PO385340,U015,CC896,6061,False,none
INV00000865,193466766,Goncalves SASU,FR8549561213773062604235973,300.08,EUR,2025-06-18,2025-06-21,PO814544,U002,CC270,6065,False,none
INV00002594,313237058,Clément SASU,FR6173203093761847870050506,2040.92,EUR,2024-03-15,2024-03-18,PO246353,U003,CC695,6063,False,none
INV00000908,262244472,Royer Bouvet S.A. SASU,FR6364027011686462252237281,7244.92,EUR,2025-02-13,2025-02-18,PO690503,U010,CC570,6065,False,none
INV00005040,669849027,Martins S.A.R.L. SARL,FR9481187233351040961497315,4952.11,EUR,2024-06-15,2024-06-22,PO383542,U014,CC102,6132,True,under_threshold
INV00003050,588153714,Simon S.A. SAS,FR7785695579887749242437540,333.52,EUR,2025-11-07,2025-11-14,,U001,CC102,6061,False,none
INV00001303,944869594,Lebon Maury S.A.R.L. EURL,FR7144391649701693429291320,2375.07,EUR,2024-12-23,2024-12-30,PO791703,U022,CC872,6063,False,none
INV00001627,363745458,Charrier Blondel et Fils EURL,FR7985725459606339912971024,522.57,EUR,2025-02-12,2025-02-15,PO349468,U001,CC540,6068,False,none
INV00004290,356588043,Marion SAS,FR9698795098221040164818804,1765.79,EUR,2024-09-07,2024-09-13,PO329031,U018,CC212,6065,False,none
INV00001522,226838851,Rocher S.A.S. EURL,FR8550036915594284347955276,44.67,EUR,2025-06-14,2025-06-21,PO329781,U027,CC699,6068,False,none
INV00000835,466711684,Martel SCI,FR4166205634111595034281139,2843.73,EUR,2024-05-15,2024-05-21,PO556346,U010,CC932,6135,False,none
INV00000358,474687234,Vincent EURL,FR3185977034824771093248086,328.81,EUR,2025-12-05,2025-12-09,PO485792,U005,CC680,6063,False,none
INV00000138,799702462,Weber S.A.S. EURL,FR5915466024161394498830597,1254.5,EUR,2025-10-01,2025-10-02,PO892453,U024,CC576,6065,False,none
INV00000299,177739260,Lemonnier Reynaud S.A.R.L. SA,FR7784466345337220109121722,874.65,EUR,2025-07-25,2025-08-01,PO485290,U005,CC113,6228,False,none
INV00001556,207501102,Gillet SCI,FR2553970548739610290871827,35.19,EUR,2024-04-02,2024-04-07,PO442394,U016,CC259,6132,False,none
INV00001003,099861622,Marie EURL,FR6426861205943897607401775,871.73,EUR,2024-06-19,2024-06-21,,U022,CC369,6181,False,none
INV00000382,562328588,Meunier SA,FR8621752500743292712966667,5679.24,EUR,2024-03-17,2024-03-21,PO158232,U023,CC172,6181,False,none
INV00000941,356588043,Marion SAS,FR9698795098221040164818804,765.9,EUR,2025-01-02,2025-01-07,PO406900,U027,CC769,6068,False,none
INV00002615,474687234,Vincent EURL,FR3185977034824771093248086,1291.59,EUR,2025-04-12,2025-04-13,PO357541,U011,CC881,6068,False,none
INV00004003,841459332,Gérard EURL,FR5743864908108186617945491,8088.21,EUR,2024-07-12,2024-07-12,PO180334,U008,CC631,6228,False,none
INV00000761,226838851,Rocher S.A.S. EURL,FR8550036915594284347955276,1342.22,EUR,2024-09-20,2024-09-21,PO692232,U001,CC677,6228,False,none
INV00002302,975001701,Guérin S.A. SAS,FR8474747219705466927589551,3693.18,EUR,2024-05-09,2024-05-13,PO621644,U005,CC852,6061,False,none
INV00003349,074329271,Goncalves SA SARL,FR8234654950050702608698221,2851.67,EUR,2025-07-06,2025-07-12,PO415468,U016,CC908,6063,False,none
INV00004347,949299556,Vasseur Guyot SA SA,FR9534699673311677269608437,296.36,EUR,2024-10-04,2024-10-05,PO540647,U001,CC636,6135,False,none
INV00002220,097289623,Loiseau SCI,FR9611877347784858800616756,700.19,EUR,2025-09-17,2025-09-20,PO677482,U011,CC149,6068,False,none
INV00004121,706324241,Charpentier S.A.R.L. EURL,FR5896136715778711216636515,521.56,EUR,2024-08-12,2024-08-13,,U000,CC409,6181,False,none
INV00000898,901627204,Jean SASU,FR5443757584419866524041574,2289.59,EUR,2024-10-08,2024-10-09,PO359214,U006,CC206,6228,False,none
INV00004597,765991624,Cousin SAS,FR7310424624561851744600452,652.9,EUR,2024-03-03,2024-03-05,PO394124,U022,CC818,6228,False,none
INV00004543,223253672,Imbert SA,FR2304120092820667849843624,1197.03,EUR,2024-01-15,2024-01-19,PO855762,U015,CC878,6065,False,none
INV00001402,935889163,Costa Leclerc S.A.S. SASU,FR9290063140352635602293946,1445.3,EUR,2024-01-25,2024-01-30,PO161888,U015,CC352,6068,False,none
INV00004162,239431290,Diaz SAS,FR7139527536749785249141686,407.1,EUR,2025-06-04,2025-06-07,PO744435,U027,CC723,6068,False,none
INV00004484,171339596,Lévêque SA,FR4414754102252677119642152,3514.04,EUR,2024-08-24,2024-08-28,PO278450,U002,CC933,6063,False,none
INV00004524,970283857,Gillet SASU,FR4365565033349114152085076,1200.29,EUR,2025-01-16,2025-01-16,PO451456,U023,CC131,6132,False,none
INV00003970,870021765,Leclerc EURL,FR2634672994938743027169385,3667.47,EUR,2024-05-04,2024-05-05,PO499477,U011,CC722,6181,False,none
INV00001512,127799799,Jacquet SCI,FR8284631224179749735020802,2459.07,EUR,2025-10-17,2025-10-21,PO728848,U027,CC495,6228,False,none
INV00001188,347955276,Ledoux SA,FR7929384401348087354378826,6894.6,EUR,2024-12-07,2024-12-14,PO325247,U005,CC428,6228,False,none
INV00003761,038567700,Rémy SAS,FR1374223196463004023693626,707.76,EUR,2025-01-31,2025-02-06,PO206639,U005,CC489,6068,False,none
INV00003299,332061632,Perrot S.A.R.L. SAS,FR9390392355580996132730346,1163.83,EUR,2024-12-20,2024-12-23,PO139135,U003,CC812,6181,False,none
INV00005134,805310033,Daniel SARL SARL,FR8988728743152742054932966,137065.46,EUR,2025-07-01,2025-07-01,PO365406,U000,CC569,6228,True,amount_outlier
INV00004775,532787747,Faivre SASU,FR2129751702814069375150939,15115.02,EUR,2025-06-10,2025-06-16,PO953284,U017,CC495,6228,False,none
INV00002627,866618892,Payet SCI,FR0660880501716445561857906,446.3,EUR,2025-03-13,2025-03-17,PO147188,U026,CC384,6181,False,none
INV00000108,522675289,Alexandre SA,FR7004735047639283199529800,705.33,EUR,2024-12-12,2024-12-14,PO885734,U018,CC468,6061,False,none
INV00003402,555439878,Chauvin et Fils SAS,FR8000767620901447340433700,73.2,EUR,2025-03-10,2025-03-12,,U010,CC258,6228,False,none
INV00002463,143866322,Cousin SA SAS,FR2584993231234266980690872,2336.4,EUR,2025-11-19,2025-11-25,PO656666,U011,CC612,6063,False,none
INV00000430,505830033,Millet Briand SARL SCI,FR1629060320203265097753967,23880.47,EUR,2025-08-30,2025-09-01,PO160617,U020,CC830,6132,False,none
INV00000058,051531952,Ramos Da Silva S.A.R.L. SCI,FR4181040915701840943533448,407.97,EUR,2025-03-28,2025-03-28,PO511967,U014,CC870,6063,False,none
INV00000076,313237058,Clément SASU,FR6173203093761847870050506,530.77,EUR,2025-03-19,2025-03-23,PO756190,U008,CC999,6181,False,none
INV00000796,901627204,Jean SASU,FR5443757584419866524041574,4395.12,EUR,2025-08-05,2025-08-10,PO723789,U005,CC655,6181,False,none
INV00000368,799650752,Le Roux Bailly SA SAS,FR6031739363854678544587717,6354.18,EUR,2025-04-20,2025-04-22,PO628216,U015,CC447,6228,False,none
INV00005056,669849027,Martins S.A.R.L. SARL,FR9481187233351040961497315,4942.52,EUR,2024-06-15,2024-06-22,PO383542,U014,CC102,6132,True,under_threshold
INV00000785,547812914,Poulain EURL,FR3972239898306503121980418,2621.06,EUR,2024-06-16,2024-06-23,PO650269,U006,CC785,6132,False,none
INV00002181,524310690,Benoit EURL,FR8615869886497677622827728,1227.36,EUR,2025-02-28,2025-03-07,PO293842,U001,CC588,6061,False,none
INV00002222,346578713,Hubert SCI,FR0310033092327193745299124,1955.76,EUR,2025-11-03,2025-11-10,PO378001,U013,CC312,6063,False,none
INV00002127,591846386,Vasseur Menard S.A.R.L. EURL,FR6918856669541329715066626,6391.43,EUR,2024-02-22,2024-02-27,PO482384,U017,CC341,6068,False,none
INV00002157,155216674,Hardy SARL SCI,FR9490805120800564099512397,464.08,EUR,2025-06-04,2025-06-07,PO854069,U011,CC730,6135,False,none
INV00001892,793341016,Riou EURL,FR8212182097023164334817058,2663.1,EUR,2024-02-01,2024-02-01,PO951796,U023,CC786,6135,False,none
INV00002244,796114351,Peron SARL SAS,FR5864493699951679335055738,973.57,EUR,2024-12-10,2024-12-13,PO562113,U004,CC907,6228,False,none
INV00003771,694097499,Pages SARL,FR4749946579678427114773201,2106.82,EUR,2024-06-09,2024-06-09,PO299503,U010,CC620,6132,False,none
INV00003127,863840666,Peron SCI,FR9838843660443240061572768,1111.1,EUR,2025-08-11,2025-08-13,PO392194,U004,CC298,6132,False,none
INV00004435,304637454,Boulanger SA SA,FR9197592304501896164236103,737.09,EUR,2025-10-11,2025-10-17,PO129539,U015,CC560,6068,False,none
INV00000121,057202590,Gros SA,FR3823945354614707986321061,3978.81,EUR,2024-09-29,2024-10-03,PO811141,U010,CC668,6061,False,none
INV00002329,452288515,Dupont Blot SARL SASU,FR9377567772266025626506229,867.22,EUR,2025-05-23,2025-05-28,PO140495,U012,CC245,6065,False,none
INV00002526,527047743,Aubry EURL,FR3775955872096289365435884,625.88,EUR,2025-03-27,2025-03-30,PO744312,U027,CC437,6068,False,none
INV00003891,199410137,Pages SCI,FR5820377107044964104967066,2451.39,EUR,2024-09-02,2024-09-06,PO802221,U001,CC435,6063,False,none
INV00000910,210469632,Renard Gomez SA SAS,FR6859274523805525782841067,7028.61,EUR,2024-06-02,2024-06-04,PO631607,U024,CC774,6132,False,none
INV00000124,533963605,Laporte EURL,FR0993213348039652239559059,108.46,EUR,2025-04-28,2025-05-02,PO429776,U022,CC132,6132,False,none
INV00002649,977008860,Bigot SCI,FR5865754602734151488814311,3305.61,EUR,2025-08-16,2025-08-23,PO123334,U026,CC514,6228,False,none
INV00002124,567982507,Delahaye EURL,FR7667146283143598926256609,794.25,EUR,2024-09-28,2024-09-29,PO527361,U004,CC754,6068,False,none
INV00004830,029333346,Guillon Bailly S.A. EURL,FR4004588679252985856728727,3472.42,EUR,2025-03-28,2025-04-02,PO775631,U022,CC286,6132,False,none
INV00001586,616928451,Lemaître S.A.S. SCI,FR6208514036965666683272386,5472.08,EUR,2025-02-05,2025-02-08,PO448670,U021,CC774,6132,False,none
INV00001257,909275326,Guillou Jacquet SARL SASU,FR2644630600025895529638639,260.55,EUR,2024-04-26,2024-04-27,PO223179,U024,CC344,6135,False,none
INV00003676,661771159,Pascal EURL,FR1993466766506180919015814,1452.18,EUR,2025-12-16,2025-12-23,PO119323,U021,CC304,6063,False,none
INV00003717,686879374,Ribeiro SARL,FR9738166496902824983922501,2117.86,EUR,2024-08-13,2024-08-13,PO515841,U007,CC189,6061,False,none
INV00003615,869261796,Bodin Lelièvre S.A.R.L. SCI,FR7421753540838663177971775,882.56,EUR,2025-02-19,2025-02-19,PO743179,U029,CC685,6061,False,none
INV00001178,754558845,Ledoux S.A.R.L. SARL,FR1131139500168094149150762,201.39,EUR,2024-02-26,2024-02-28,PO904308,U008,CC119,6068,False,none
INV00002902,010393087,Hebert S.A.R.L. EURL,FR5941241513152854781506185,127.53,EUR,2024-01-25,2024-01-25,PO367539,U026,CC675,6068,False,none
INV00003125,855744431,Pottier SARL EURL,FR9890250392614293968562185,1289.12,EUR,2024-12-14,2024-12-19,PO868069,U015,CC768,6181,False,none
INV00003706,651827553,Alexandre SARL SARL,FR4121269428946420362586314,6153.81,EUR,2024-04-19,2024-04-20,PO458409,U029,CC187,6068,False,none
INV00004805,547812914,Poulain EURL,FR3972239898306503121980418,4549.84,EUR,2024-10-11,2024-10-15,PO553310,U014,CC339,6061,False,none
INV00004414,782489638,Vasseur SAS,FR3167065627298069901627204,662.8,EUR,2025-09-13,2025-09-20,,U023,CC376,6228,False,none
INV00000442,911914856,Delattre SASU,FR1875409150863218122764579,302.33,EUR,2025-07-04,2025-07-05,,U028,CC233,6228,False,none
INV00002091,016400524,Blanchet SA,FR0417839084700766177115921,8235.83,EUR,2025-12-04,2025-12-09,PO649907,U025,CC227,6228,False,none
INV00003066,231491357,Jacquet SA,FR0433399948532089532638902,5845.61,EUR,2025-07-23,2025-07-27,PO485492,U013,CC325,6228,False,none
INV00000925,000257872,David et Fils SASU,FR4990714014011939325012495,7222.42,EUR,2024-06-15,2024-06-20,,U027,CC261,6132,False,none
INV00002488,464887719,Costa Royer SARL SCI,FR2945892975001701277063242,350.87,EUR,2024-04-23,2024-04-25,,U012,CC775,6132,False,none
INV00002721,142939685,Labbé SARL EURL,FR9575230837081647090063353,1244.29,EUR,2024-12-01,2024-12-06,,U013,CC188,6065,False,none
INV00002476,034505415,Berthelot SA,FR5814876963938276153966958,1227.1,EUR,2024-05-10,2024-05-13,PO424143,U015,CC965,6065,False,none
INV00004919,569092755,Le Goff SA SA,FR3492766372395041027674783,2043.09,EUR,2024-08-07,2024-08-09,PO265342,U007,CC858,6135,False,none
INV00001411,792499125,Gillet S.A.R.L. SA,FR9743356708604145456350200,901.35,EUR,2024-09-23,2024-09-23,PO777724,U010,CC505,6065,False,none
INV00003703,466574374,Schmitt SCI,FR0894841312840333997718051,387.49,EUR,2025-05-02,2025-05-07,PO496744,U021,CC792,6065,False,none
INV00004946,435346247,Jacques SA,FR0607482175946474367136959,428.13,EUR,2025-06-13,2025-06-13,PO314817,U012,CC684,6065,False,none
INV00001509,746807154,Briand EURL,FR2461889241418328569146303,458.9,EUR,2024-08-04,2024-08-10,PO746233,U000,CC264,6063,False,none
INV00001227,321334803,Fontaine Perret SA SASU,FR5621288665268341559991015,241.94,EUR,2024-11-20,2024-11-22,PO992074,U001,CC865,6181,False,none
INV00003846,569092755,Le Goff SA SA,FR3492766372395041027674783,271.16,EUR,2024-03-02,2024-03-02,PO256024,U001,CC141,6181,False,none
INV00002512,663177971,Daniel Descamps et Fils SCI,FR3107139848228501168809255,1037.29,EUR,2024-08-06,2024-08-11,PO588135,U027,CC612,6061,False,none
INV00003750,599293784,Hervé SARL SCI,FR4773244913421388209088307,14808.94,EUR,2024-02-19,2024-02-19,PO819950,U028,CC825,6181,False,none
INV00002287,662702895,Lefebvre Laine S.A.R.L. EURL,FR3759325250029218515691545,1098.77,EUR,2024-10-22,2024-10-23,,U020,CC147,6135,False,none
INV00003504,725217525,Gay et Fils SASU,FR6831670450232902822700934,1162.77,EUR,2025-03-17,2025-03-21,PO732921,U014,CC977,6132,False,none
INV00000324,445187053,Potier EURL,FR9459234268344149782661287,1066.92,EUR,2024-04-02,2024-04-03,PO386643,U002,CC680,6228,False,none
INV00004176,738347359,Bonnet SCI,FR0546084325621689363926495,3677.49,EUR,2024-04-14,2024-04-14,PO476529,U014,CC980,6228,False,none
INV00004806,746807154,Briand EURL,FR2461889241418328569146303,2750.95,EUR,2024-09-11,2024-09-15,,U021,CC926,6135,False,none
INV00002351,991241904,Bazin Faivre S.A.S. SAS,FR6918785191088398225871397,1285.43,EUR,2025-06-02,2025-06-09,PO528441,U010,CC951,6068,False,none
INV00004026,262244472,Royer Bouvet S.A. SASU,FR6364027011686462252237281,640.35,EUR,2024-08-05,2024-08-06,PO382438,U008,CC918,6063,False,none
INV00003523,688937346,Seguin Buisson S.A. EURL,FR8795269495888794705516940,1207.23,EUR,2024-01-16,2024-01-18,PO668016,U006,CC498,6061,False,none
INV00003245,866618892,Payet SCI,FR0660880501716445561857906,4427.45,EUR,2025-12-04,2025-12-07,PO818111,U022,CC570,6135,False,none
INV00001498,805310033,Daniel SARL SARL,FR8988728743152742054932966,695.86,EUR,2025-12-16,2025-12-19,PO928317,U020,CC950,6135,False,none
INV00001502,384309883,Lagarde SARL,FR7382073651189394065578201,41.7,EUR,2024-06-26,2024-06-30,PO540919,U006,CC372,6061,False,none
INV00001006,376137918,Leduc SARL,FR9415847768634234619942376,403.62,EUR,2025-11-14,2025-11-15,PO891634,U024,CC394,6181,False,none
INV00002337,001338908,Henry EURL,FR6461559407816184959310341,3367.91,EUR,2025-11-14,2025-11-17,PO790395,U005,CC193,6063,False,none
INV00002899,226838851,Rocher S.A.S. EURL,FR8550036915594284347955276,5455.12,EUR,2024-01-11,2024-01-12,PO563421,U000,CC444,6061,False,none
INV00003754,982620450,Hervé S.A.S. SA,FR9851983273158514936899809,1391.62,EUR,2024-05-05,2024-05-07,PO122010,U013,CC318,6063,False,none
INV00001467,731121965,Blondel SCI,FR6563128196482531106092098,73.0,EUR,2024-08-29,2024-08-29,PO566018,U002,CC614,6065,False,none
INV00001225,527177449,De Oliveira SCI,FR1475705120461872346013673,867.67,EUR,2025-12-16,2025-12-17,PO362847,U005,CC847,6132,False,none
INV00003096,848947697,Benard Bouvier S.A.R.L. SARL,FR6918444218299874781224890,6171.09,EUR,2024-06-01,2024-06-07,PO876015,U020,CC187,6068,False,none
INV00002309,466711684,Martel SCI,FR4166205634111595034281139,1587.6,EUR,2025-08-27,2025-09-02,PO689756,U000,CC666,6228,False,none
INV00002664,877169472,Grondin SA,FR9325523561781703211920613,5256.6,EUR,2024-03-08,2024-03-11,PO417180,U021,CC755,6061,False,none
INV00004866,353465549,Hamel Legrand et Fils SARL,FR9247725129578606940960035,649.44,EUR,2025-03-20,2025-03-22,PO991779,U014,CC733,6181,False,none
INV00001216,074466609,Germain SAS,FR0483398741132579706734996,2342.44,EUR,2025-11-13,2025-11-18,PO214705,U025,CC266,6061,False,none
INV00004490,980500978,Guillet SARL,FR4837826398214658404499727,324.63,EUR,2025-11-07,2025-11-11,PO557011,U019,CC615,6181,False,none
INV00003865,656272980,Bazin Berger SA SARL,FR4113075626368970283857865,430.57,EUR,2025-03-18,2025-03-18,PO335228,U000,CC591,6063,False,none
INV00000420,332061632,Perrot S.A.R.L. SAS,FR9390392355580996132730346,27362.81,EUR,2025-05-07,2025-05-14,PO892476,U003,CC208,6063,False,none
INV00003656,779071416,Barre SA,FR3851584826691362483550542,1580.45,EUR,2024-02-19,2024-02-21,,U019,CC675,6181,False,none
INV00000006,909275326,Guillou Jacquet SARL SASU,FR2644630600025895529638639,217.7,EUR,2024-11-18,2024-11-24,PO770593,U017,CC417,6135,False,none
INV00000932,547772522,Lefort Mary SARL SCI,FR3903342342583230241026153,446.78,EUR,2025-05-26,2025-05-29,,U001,CC126,6068,False,none
INV00001691,384309883,Lagarde SARL,FR7382073651189394065578201,62385.1,EUR,2025-06-10,2025-06-11,PO365095,U026,CC641,6063,False,none
INV00000439,528168505,Brunet Girard et Fils SCI,FR3367998136462251790864168,4481.95,EUR,2025-05-03,2025-05-03,PO347565,U025,CC863,6068,False,none
INV00001313,223253672,Imbert SA,FR2304120092820667849843624,439.63,EUR,2024-02-27,2024-02-27,,U012,CC310,6063,False,none
INV00000678,447962757,Descamps SA,FR0821267969278687653269097,2725.21,EUR,2024-05-30,2024-05-31,PO606592,U009,CC371,6068,False,none
INV00001943,792524191,Blanchard SARL,FR0476502412095790737100943,15193.04,EUR,2025-05-08,2025-05-09,PO781874,U001,CC993,6068,False,none
INV00002072,544948126,Lacroix Hubert SA SAS,FR3221260650191792025213109,1354.61,EUR,2024-02-18,2024-02-18,PO549286,U029,CC944,6061,False,none
INV00004163,400504556,Chauvin SCI,FR0674186256527047743490211,189.7,EUR,2025-08-31,2025-08-31,PO474527,U018,CC995,6228,False,none
INV00004792,229612018,Lacombe et Fils SARL,FR0309818063565126944869594,12680.36,EUR,2024-11-05,2024-11-12,PO176263,U010,CC391,6228,False,none
INV00002042,569092755,Le Goff SA SA,FR3492766372395041027674783,2278.74,EUR,2025-04-16,2025-04-23,PO533501,U026,CC850,6063,False,none
INV00005061,669849027,Martins S.A.R.L. SARL,FR9481187233351040961497315,9923.98,EUR,2024-06-15,2024-06-22,PO383542,U014,CC102,6132,True,under_threshold
INV00002422,482814893,Chauvet Colas SARL SARL,FR4380443699577738721489513,1470.51,EUR,2024-12-08,2024-12-15,,U024,CC897,6061,False,none
INV00004776,356588043,Marion SAS,FR9698795098221040164818804,41233.27,EUR,2025-08-25,2025-08-29,PO733414,U028,CC360,6061,False,none
INV00003647,731121965,Blondel SCI,FR6563128196482531106092098,226.14,EUR,2024-05-20,2024-05-22,PO490344,U027,CC189,6065,False,none
INV00003008,754558845,Ledoux S.A.R.L. SARL,FR1131139500168094149150762,209.34,EUR,2024-02-14,2024-02-20,PO161860,U021,CC378,6063,False,none
INV00002600,841459332,Gérard EURL,FR5743864908108186617945491,277.95,EUR,2025-09-20,2025-09-23,PO345868,U024,CC274,6181,False,none
INV00001086,639208678,Dias S.A. SA,FR2098036577449160936595201,10964.32,EUR,2024-11-12,2024-11-14,PO926874,U001,CC192,6132,False,none
INV00001064,210388629,Launay Martins et Fils EURL,FR8151448811210314217518878,10221.13,EUR,2024-05-28,2024-06-02,PO796773,U012,CC526,6061,False,none
INV00004378,327104054,Gaillard Hardy et Fils SCI,FR5870562271043318751097921,241.84,EUR,2024-01-12,2024-01-19,PO486566,U004,CC151,6068,False,none
INV00003311,727875588,Gérard SASU,FR9599934768701462638380657,159.45,EUR,2025-04-13,2025-04-16,PO423528,U028,CC114,6063,False,none
INV00002818,596401658,Blin S.A.R.L. SCI,FR7012847818913718949058077,315.44,EUR,2025-01-22,2025-01-29,,U016,CC892,6065,False,none
INV00000194,547772522,Lefort Mary SARL SCI,FR3903342342583230241026153,91.47,EUR,2024-09-15,2024-09-16,PO103468,U012,CC805,6228,False,none
INV00001474,971870728,Guillou Vasseur S.A.S. SAS,FR9159724665729341722329716,91.0,EUR,2024-11-12,2024-11-18,,U016,CC810,6135,False,none
INV00004221,639208678,Dias S.A. SA,FR2098036577449160936595201,3119.52,EUR,2024-06-09,2024-06-12,PO267958,U005,CC290,6068,False,none
INV00003734,444713247,Adam SA,FR5709178513854457702992959,633.79,EUR,2025-04-03,2025-04-06,PO951220,U017,CC942,6135,False,none
INV00003039,327648350,Vallée SCI,FR8736026064746872343098050,4103.09,EUR,2024-04-29,2024-05-01,PO486843,U014,CC162,6068,False,none
INV00001211,532931839,Cousin SARL,FR4322698485833394522885158,940.36,EUR,2025-05-23,2025-05-24,PO949524,U012,CC996,6228,False,none
INV00002598,511686854,Colin SA,FR1068171516025298670766046,2498.23,EUR,2024-10-26,2024-10-31,PO665917,U025,CC212,6065,False,none
INV00001657,578759856,Garnier S.A. SCI,FR2889868180978875439435353,106.82,EUR,2024-03-17,2024-03-17,PO613329,U026,CC321,6181,False,none
INV00001972,935889163,Costa Leclerc S.A.S. SASU,FR9290063140352635602293946,1023.48,EUR,2025-12-04,2025-12-10,,U023,CC213,6065,False,none
INV00002882,943969078,Pelletier Collet S.A. SCI,FR3710742799077262570165804,6167.59,EUR,2025-10-20,2025-10-21,PO426488,U002,CC415,6228,False,none
INV00004279,103865719,Albert SA,FR9896094097052774025883586,5034.53,EUR,2024-02-08,2024-02-14,PO405504,U029,CC504,6228,False,none
INV00002887,529042284,Bourgeois SARL SAS,FR9324420438057198386384066,1747.86,EUR,2025-02-06,2025-02-10,PO758047,U008,CC465,6181,False,none
INV00002369,934835642,Durand SAS,FR3839488488269131196425856,152.34,EUR,2024-11-06,2024-11-07,PO739374,U015,CC954,6063,False,none
INV00004358,468862392,Perret Pires S.A. EURL,FR0992518812520566474231220,1039.36,EUR,2024-06-24,2024-07-01,PO303554,U024,CC800,6065,False,none
INV00002063,908740640,Andre SARL EURL,FR8719318374550842891077119,3465.75,EUR,2025-12-12,2025-12-17,,U009,CC144,6228,False,none
INV00001130,662961943,Boulay SASU,FR7091025743263039752450864,280.86,EUR,2025-09-07,2025-09-13,PO586449,U009,CC945,6228,False,none
INV00001461,565574313,Bouvet SA SA,FR5259025176298334774332683,357.83,EUR,2025-04-29,2025-04-29,PO133049,U015,CC427,6135,False,none
INV00000276,588153714,Simon S.A. SAS,FR7785695579887749242437540,176.54,EUR,2025-10-16,2025-10-20,PO161352,U004,CC427,6228,False,none
INV00004670,972965902,Voisin et Fils EURL,FR9691815899886834527346666,1319.6,EUR,2024-11-21,2024-11-21,PO922014,U008,CC850,6063,False,none
INV00002372,477752047,Mallet SASU,FR7165193982807374167243426,278.95,EUR,2024-07-07,2024-07-13,PO331746,U026,CC908,6135,False,none
INV00002487,167014508,Pires EURL,FR6708031499825080046358068,63.87,EUR,2025-07-10,2025-07-16,PO733970,U023,CC869,6135,False,none
INV00002451,996846081,Bailly Dias SARL EURL,FR2337976627051157942387367,292.33,EUR,2024-09-15,2024-09-18,PO618491,U006,CC567,6228,False,none
INV00001302,447962757,Descamps SA,FR0821267969278687653269097,1116.94,EUR,2024-10-21,2024-10-28,PO523923,U001,CC466,6061,False,none
INV00002683,413836702,Gonzalez EURL,FR3938497916202232883774419,2960.18,EUR,2025-12-22,2025-12-24,PO450232,U016,CC796,6228,False,none
INV00000222,869222196,Ollivier Ribeiro SA SAS,FR7808989921722332061632945,1038.16,EUR,2025-12-05,2025-12-08,PO441974,U007,CC200,6068,False,none
INV00004784,685160481,Pruvost S.A.S. SCI,FR0715064890901001676184723,7801.49,EUR,2024-12-25,2024-12-27,,U020,CC256,6068,False,none
INV00000048,892268018,Meunier Riou SARL SAS,FR3076329092791456083318195,4822.19,EUR,2024-10-21,2024-10-27,,U001,CC391,6061,False,none
INV00000573,135521570,Durand SA,FR4365817390637579145211823,98.51,EUR,2025-03-17,2025-03-19,PO766216,U024,CC804,6135,False,none
INV00001236,468862392,Perret Pires S.A. EURL,FR0992518812520566474231220,200.54,EUR,2025-12-04,2025-12-05,PO629241,U005,CC507,6068,False,none
INV00003785,398225871,Da Silva SASU,FR8067899730806958146717957,1204.42,EUR,2024-11-13,2024-11-15,PO832102,U013,CC880,6068,False,none
INV00003591,528168505,Brunet Girard et Fils SCI,FR3367998136462251790864168,140.0,EUR,2024-07-04,2024-07-09,PO170069,U012,CC382,6228,False,none
INV00003861,369155942,Paul et Fils SCI,FR9212600308356691062715312,1207.2,EUR,2025-02-03,2025-02-08,PO281029,U001,CC157,6068,False,none
INV00003552,326033230,Martin SA,FR0948439910622723626693351,2366.27,EUR,2024-05-20,2024-05-26,PO109846,U012,CC386,6068,False,none
INV00001334,783613407,Laurent Dumas S.A.R.L. SARL,FR3025436172131451951510922,838.37,EUR,2025-02-26,2025-03-05,PO776111,U012,CC389,6181,False,none
INV00004637,544948126,Lacroix Hubert SA SAS,FR3221260650191792025213109,199.98,EUR,2024-07-25,2024-07-31,PO237788,U007,CC314,6063,False,none
INV00002622,059304078,Texier SAS,FR2176392836929445511668297,2001.09,EUR,2024-12-03,2024-12-04,PO307856,U025,CC520,6063,False,none
INV00000418,788191485,Royer S.A. SASU,FR9390018513279724572308481,1306.61,EUR,2024-02-15,2024-02-20,PO906747,U001,CC888,6132,False,none
INV00000267,855744431,Pottier SARL EURL,FR9890250392614293968562185,975.1,EUR,2024-04-23,2024-04-24,PO417960,U015,CC988,6135,False,none
INV00002859,786103579,Delattre SARL SA,FR1881980770460568761124912,295.69,EUR,2024-12-24,2024-12-26,PO596770,U003,CC561,6061,False,none
INV00001104,671902294,Alves et Fils SARL,FR0589113529096561014388899,32968.8,EUR,2025-10-24,2025-10-28,PO952319,U019,CC845,6228,False,none
INV00000257,952111790,Pages SAS,FR0979050404333353849516321,840.91,EUR,2024-04-29,2024-05-06,PO263633,U000,CC856,6135,False,none
INV00000295,646471543,Chevalier Cousin SA SAS,FR4814150937710040901380698,469.34,EUR,2024-06-03,2024-06-06,PO898395,U010,CC226,6228,False,none
INV00002518,576615654,Baron EURL,FR2352577754781291428341108,32.66,EUR,2025-05-28,2025-06-02,PO248937,U002,CC429,6061,False,none
INV00001935,432445107,Meyer SAS,FR2011179080759579472846392,482.81,EUR,2024-11-27,2024-12-03,PO626184,U007,CC728,6061,False,none
INV00000386,842579913,Durand SASU,FR6349079388413685283061537,816.35,EUR,2024-11-12,2024-11-13,PO637555,U006,CC601,6228,False,none
INV00004241,109324808,Thibault EURL,FR0449375973832060385050641,4670.86,EUR,2025-01-04,2025-01-11,PO548444,U016,CC604,6228,False,none
INV00004997,168784991,Klein SA,FR2518321928554451895202845,1414.17,EUR,2024-07-18,2024-07-19,PO737949,U025,CC578,6061,False,none
INV00003270,853615305,Breton EURL,FR4102793714521117518689268,69.81,EUR,2024-09-15,2024-09-21,PO606500,U029,CC122,6068,False,none
INV00002399,663193149,Ramos SCI,FR4364039106518017046226567,86.1,EUR,2024-03-04,2024-03-11,PO306093,U000,CC757,6181,False,none
INV00004472,933472122,Hamon SASU,FR8116517680866281372143308,1434.63,EUR,2025-06-30,2025-07-06,PO829564,U005,CC247,6068,False,none
INV00003753,159399824,Besnard EURL,FR4194620726629250817760299,2254.98,EUR,2025-07-04,2025-07-09,PO173617,U019,CC241,6065,False,none
INV00004991,229014767,Mendès SARL,FR4002770384309883920530214,16502.61,EUR,2025-04-09,2025-04-15,PO311001,U019,CC349,6063,False,none
INV00004522,743953394,Leduc SA SCI,FR2245444328309652074466609,541.54,EUR,2025-09-15,2025-09-16,,U013,CC609,6132,False,none
INV00001563,303911718,Besnard SA,FR0743455812236231665876036,16372.05,EUR,2025-06-10,2025-06-15,PO223969,U009,CC341,6228,False,none
INV00003659,241724825,Adam SASU,FR3302166670808509608587495,1676.26,EUR,2024-09-30,2024-09-30,PO182467,U029,CC391,6181,False,none
INV00001400,560466183,Rocher et Fils SASU,FR0824972439920116691836264,3008.42,EUR,2025-11-04,2025-11-06,PO185257,U016,CC602,6228,False,none
INV00000712,731121965,Blondel SCI,FR6563128196482531106092098,425.98,EUR,2024-07-16,2024-07-23,PO855582,U016,CC365,6132,False,none
INV00003007,382997376,Benard EURL,FR4374443135182337498941343,972.61,EUR,2024-06-14,2024-06-21,PO207591,U028,CC105,6061,False,none
INV00003559,648408588,Gimenez SARL,FR4629236161880819048235715,85.23,EUR,2025-06-15,2025-06-19,PO153964,U014,CC708,6135,False,none
INV00000209,731121965,Blondel SCI,FR6563128196482531106092098,4734.71,EUR,2025-05-24,2025-05-26,PO226610,U008,CC244,6181,False,none
INV00000909,523124329,Meyer SA,FR2200825478077406493085368,2406.08,EUR,2024-10-14,2024-10-18,PO171523,U029,CC959,6228,False,none
INV00001289,988516560,Laroche S.A. SARL,FR6656770051844989266591846,15247.68,EUR,2024-03-20,2024-03-22,PO130919,U020,CC606,6063,False,none
INV00003732,347955276,Ledoux SA,FR7929384401348087354378826,989.11,EUR,2024-12-03,2024-12-10,PO576504,U006,CC681,6132,False,none
INV00002906,775901751,Lambert SA,FR9251405468356521568182096,829.74,EUR,2025-05-15,2025-05-17,PO297769,U013,CC486,6228,False,none
INV00001842,121003236,Klein Dumont S.A.S. EURL,FR6871114837537458438458810,667.36,EUR,2025-11-19,2025-11-22,PO925451,U022,CC845,6068,False,none
INV00004223,944064090,Jourdan Jean et Fils SA,FR3946800722903494466574374,569.12,EUR,2024-05-17,2024-05-18,PO867385,U028,CC855,6068,False,none
INV00003249,895798687,Bigot SASU,FR0482911467866912517785289,1619.78,EUR,2024-05-31,2024-06-04,PO103063,U003,CC340,6065,False,none
INV00000958,404157473,Mace S.A.R.L. SAS,FR9500159416516231981898471,24049.16,EUR,2025-04-03,2025-04-07,PO678235,U010,CC165,6228,False,none
INV00001793,687339500,Prévost SARL,FR4598056265650455478137674,1972.82,EUR,2025-09-15,2025-09-16,PO166564,U023,CC742,6228,False,none
INV00000331,043581128,Lemonnier Chrétien S.A. EURL,FR4008172143643813000413211,101.1,EUR,2025-05-26,2025-06-01,PO400988,U020,CC264,6132,False,none
INV00004959,144914766,Pascal SASU,FR2671296180332426050801849,881.74,EUR,2024-03-31,2024-04-05,PO533144,U004,CC777,6063,False,none
INV00002929,312038750,Auger SAS,FR4474969033373634669254812,3676.47,EUR,2025-03-20,2025-03-26,PO208931,U025,CC115,6228,False,none
INV00002572,880592962,Lemonnier SASU,FR0614770538338848792069804,1974.53,EUR,2024-12-13,2024-12-20,PO890141,U013,CC966,6061,False,none
INV00001774,374741124,Hervé Sanchez S.A.S. SA,FR2338984690819740056435023,4282.6,EUR,2024-09-29,2024-10-01,PO302779,U008,CC631,6181,False,none
INV00002536,474367136,Giraud S.A. EURL,FR8430307053457861035797279,5055.84,EUR,2024-11-10,2024-11-11,PO944637,U008,CC872,6228,False,none
INV00002803,374741124,Hervé Sanchez S.A.S. SA,FR2338984690819740056435023,625.38,EUR,2024-01-15,2024-01-22,PO411963,U023,CC154,6065,False,none
INV00004126,890250392,Pinto SA SA,FR2776563600412577711837274,3604.01,EUR,2025-07-21,2025-07-26,PO686392,U003,CC114,6132,False,none
INV00004420,478985625,Philippe et Fils SA,FR2858929880858382521293289,335.56,EUR,2025-10-16,2025-10-21,PO965397,U018,CC185,6181,False,none
INV00002847,034505415,Berthelot SA,FR5814876963938276153966958,10570.78,EUR,2024-04-27,2024-05-01,PO118415,U014,CC295,6132,False,none
INV00002775,532931839,Cousin SARL,FR4322698485833394522885158,1087.69,EUR,2024-01-29,2024-01-30,PO948259,U003,CC423,6181,False,none
INV00003927,527047743,Aubry EURL,FR3775955872096289365435884,376.15,EUR,2024-04-24,2024-04-27,PO361300,U016,CC717,6061,False,none
INV00003811,863840666,Peron SCI,FR9838843660443240061572768,226.56,EUR,2025-06-25,2025-06-27,PO330881,U011,CC819,6135,False,none
INV00001366,467741862,Blanc SARL,FR6212125902035713432406424,425.29,EUR,2025-03-21,2025-03-27,PO458747,U004,CC454,6132,False,none
INV00000173,479851583,Ruiz SA SASU,FR5425376576927789431910090,236.01,EUR,2025-01-03,2025-01-10,PO533007,U024,CC492,6068,False,none
INV00003044,526965827,Lebreton S.A. SA,FR0284964985601256253135525,1767.15,EUR,2024-11-26,2024-11-30,,U014,CC654,6065,False,none
INV00003558,786103579,Delattre SARL SA,FR1881980770460568761124912,2605.98,EUR,2024-12-01,2024-12-02,PO505816,U000,CC977,6135,False,none
INV00003295,496499091,Lombard EURL,FR9026609379660334191825537,63.47,EUR,2025-10-20,2025-10-27,PO868100,U006,CC718,6065,False,none
INV00001952,435346247,Jacques SA,FR0607482175946474367136959,4312.33,EUR,2025-05-03,2025-05-08,PO500021,U028,CC811,6061,False,none
INV00002528,942788165,Hamel SAS,FR4686287203195419666450573,1358.65,EUR,2024-03-31,2024-04-06,PO263020,U015,CC617,6181,False,none
INV00002036,038567700,Rémy SAS,FR1374223196463004023693626,4395.14,EUR,2024-02-23,2024-02-24,PO548165,U002,CC865,6061,False,none
INV00002927,980500978,Guillet SARL,FR4837826398214658404499727,2809.66,EUR,2024-05-16,2024-05-21,PO162678,U003,CC840,6228,False,none
INV00004992,259526949,Carre Picard S.A.S. SASU,FR3113875927125663836151718,1080.4,EUR,2024-04-22,2024-04-27,PO546386,U028,CC662,6228,False,none
INV00004246,146303161,Barbe S.A.S. SCI,FR2997745731441583311703037,209.95,EUR,2024-11-16,2024-11-23,PO220566,U011,CC986,6061,False,none
INV00000000,906120347,Perrin SASU,FR7123859514346823948400273,489.69,EUR,2025-07-09,2025-07-09,PO346024,U021,CC357,6063,False,none
INV00001356,746807154,Briand EURL,FR2461889241418328569146303,1339.26,EUR,2024-12-23,2024-12-28,PO713302,U018,CC286,6228,False,none
INV00003625,496513709,Mahe S.A. SA,FR1234835642087375300119721,375.43,EUR,2024-12-12,2024-12-17,PO872760,U008,CC559,6132,False,none
INV00002384,599293784,Hervé SARL SCI,FR4773244913421388209088307,1149.48,EUR,2025-10-30,2025-11-05,PO351038,U018,CC599,6065,False,none
INV00002932,584419866,Gay EURL,FR4351364424936312303477866,307.0,EUR,2025-11-30,2025-11-30,PO548595,U026,CC692,6068,False,none
INV00000396,853615305,Breton EURL,FR4102793714521117518689268,293.93,EUR,2024-06-16,2024-06-23,PO377950,U010,CC992,6065,False,none
INV00004989,975001701,Guérin S.A. SAS,FR8474747219705466927589551,20686.0,EUR,2025-01-12,2025-01-12,PO791381,U027,CC433,6228,False,none
INV00002517,267658617,Brun S.A. EURL,FR3210672872866041644859592,3773.27,EUR,2025-03-18,2025-03-23,,U019,CC806,6063,False,none
INV00001812,210470952,Cousin Pereira S.A.R.L. SCI,FR2248251353465549471709991,682.45,EUR,2025-08-17,2025-08-21,PO442640,U026,CC435,6068,False,none
INV00004069,599293784,Hervé SARL SCI,FR4773244913421388209088307,695.26,EUR,2025-02-04,2025-02-10,PO120477,U004,CC654,6181,False,none
INV00003337,953428364,Hamel Ollivier S.A.S. SASU,FR4618204339718956907056260,13411.0,EUR,2024-04-12,2024-04-12,PO211664,U014,CC817,6061,False,none
INV00000816,527177449,De Oliveira SCI,FR1475705120461872346013673,1026.04,EUR,2025-04-29,2025-04-30,PO478952,U029,CC958,6068,False,none
INV00001572,792524191,Blanchard SARL,FR0476502412095790737100943,1451.36,EUR,2025-10-31,2025-11-04,PO584795,U019,CC972,6132,False,none
INV00005145,060385050,Boutin S.A. SAS,FR6828723244079311029181331,168093.03,EUR,2024-10-23,2024-10-27,PO104792,U017,CC341,6068,True,amount_outlier
INV00001800,193466766,Goncalves SASU,FR8549561213773062604235973,517.61,EUR,2025-07-05,2025-07-11,PO513209,U006,CC243,6135,False,none
INV00004082,134316117,Seguin Gay S.A. SASU,FR0315336884443106987205061,473.68,EUR,2024-10-24,2024-10-26,,U013,CC283,6181,False,none
INV00003871,977236929,Moreau EURL,FR7191767993593744039464083,117.97,EUR,2025-12-15,2025-12-19,PO837870,U013,CC474,6135,False,none
INV00003372,229959001,Fernandez Bouchet S.A.S. SASU,FR3939774063356939290600780,1196.57,EUR,2025-08-15,2025-08-18,PO236455,U013,CC540,6061,False,none
INV00004461,400504556,Chauvin SCI,FR0674186256527047743490211,301.39,EUR,2024-11-18,2024-11-21,PO526704,U017,CC486,6228,False,none
INV00004951,010393087,Hebert S.A.R.L. EURL,FR5941241513152854781506185,91.85,EUR,2025-11-26,2025-12-01,PO507168,U000,CC530,6065,False,none
INV00004265,578759856,Garnier S.A. SCI,FR2889868180978875439435353,810.38,EUR,2024-10-14,2024-10-20,PO902386,U027,CC459,6181,False,none
INV00002696,754558845,Ledoux S.A.R.L. SARL,FR1131139500168094149150762,13149.91,EUR,2025-09-29,2025-10-01,PO152950,U008,CC290,6181,False,none
INV00003229,910651801,Petitjean Klein et Fils SAS,FR2587125521376037548214565,8114.67,EUR,2024-01-29,2024-02-04,PO735833,U019,CC165,6063,False,none
INV00004055,680876038,Neveu S.A. SARL,FR5802758842524105648149177,196554.41,EUR,2024-06-13,2024-06-16,PO467635,U024,CC253,6068,False,none
INV00000554,887947055,Torres SASU,FR7873864631752071678112669,960.39,EUR,2025-11-26,2025-11-28,PO758592,U017,CC398,6063,False,none
INV00001159,159399824,Besnard EURL,FR4194620726629250817760299,2271.96,EUR,2024-03-09,2024-03-09,PO648351,U007,CC350,6132,False,none
INV00001213,171339596,Lévêque SA,FR4414754102252677119642152,782.15,EUR,2024-07-01,2024-07-01,PO263324,U004,CC811,6228,False,none
INV00003586,199488375,Jacques S.A.R.L. SARL,FR9383625366677767555628333,2125.47,EUR,2024-03-21,2024-03-26,PO282117,U018,CC937,6063,False,none
INV00003844,855744431,Pottier SARL EURL,FR9890250392614293968562185,3074.3,EUR,2025-10-09,2025-10-16,PO406204,U013,CC911,6135,False,none
INV00002607,717565512,Collet SCI,FR8703761379180552696582710,304.45,EUR,2025-12-08,2025-12-10,PO467382,U000,CC873,6063,False,none
INV00004871,717565512,Collet SCI,FR8703761379180552696582710,16282.36,EUR,2025-04-30,2025-05-05,PO843112,U027,CC714,6132,False,none
INV00000700,980500978,Guillet SARL,FR4837826398214658404499727,567.89,EUR,2024-03-21,2024-03-25,PO735984,U003,CC541,6065,False,none
INV00003375,103712938,Lévêque Humbert S.A.R.L. SARL,FR2082659608931992550272751,1089.4,EUR,2024-10-27,2024-11-01,PO181575,U002,CC714,6181,False,none
INV00003279,029593917,Traore Dupuy SA SASU,FR0518600892196394568044731,134.09,EUR,2024-10-06,2024-10-13,PO864515,U025,CC956,6132,False,none
INV00003536,034043842,Morin SASU,FR2227223972404226931216376,489.05,EUR,2025-09-15,2025-09-17,PO587112,U000,CC573,6132,False,none
INV00001455,374741124,Hervé Sanchez S.A.S. SA,FR2338984690819740056435023,341.76,EUR,2024-03-02,2024-03-09,PO827651,U028,CC871,6068,False,none
INV00004328,825128682,Diallo SARL,FR2041085628843188485200894,343.64,EUR,2025-07-14,2025-07-21,PO573983,U020,CC608,6228,False,none
INV00004359,421689421,Adam Leblanc S.A.R.L. SA,FR8087158415608213711842547,1542.67,EUR,2025-12-17,2025-12-24,PO555180,U013,CC345,6228,False,none
INV00004305,428699041,Mace Arnaud S.A.R.L. SAS,FR1205595501783325848689993,788.31,EUR,2025-09-16,2025-09-18,PO727170,U021,CC737,6181,False,none
INV00000866,034505415,Berthelot SA,FR5814876963938276153966958,2050.98,EUR,2025-08-17,2025-08-17,PO548709,U010,CC121,6065,False,none
INV00001644,641605297,Bouchet SA SCI,FR7593998245587716947225699,3268.52,EUR,2024-12-01,2024-12-05,PO121285,U002,CC680,6063,False,none
INV00003150,743953394,Leduc SA SCI,FR2245444328309652074466609,2283.38,EUR,2025-12-16,2025-12-17,PO783359,U006,CC847,6061,False,none
INV00002592,863794026,Leconte Da Costa et Fils SCI,FR7019283276483503056413953,522.49,EUR,2024-01-19,2024-01-23,PO244104,U008,CC162,6068,False,none
INV00001490,261891411,Lecoq SCI,FR4223885652715598354116597,469.66,EUR,2024-11-28,2024-12-04,PO781749,U025,CC449,6132,False,none
INV00002319,738347359,Bonnet SCI,FR0546084325621689363926495,306.97,EUR,2024-12-16,2024-12-19,PO872688,U015,CC368,6063,False,none
INV00000729,193466766,Goncalves SASU,FR8549561213773062604235973,929.25,EUR,2024-06-26,2024-06-27,PO603762,U024,CC676,6228,False,none
INV00002900,952111790,Pages SAS,FR0979050404333353849516321,1710.21,EUR,2025-07-15,2025-07-16,PO678616,U002,CC761,6132,False,none
INV00004434,218515691,Collet SCI,FR5331467536127515627796304,579.55,EUR,2025-10-28,2025-11-03,PO205441,U003,CC676,6135,False,none
INV00001936,942788165,Hamel SAS,FR4686287203195419666450573,26.23,EUR,2025-02-15,2025-02-21,PO889467,U016,CC555,6063,False,none
INV00001110,261990623,Georges SASU,FR9029884259959961002311775,57.08,EUR,2024-10-21,2024-10-26,PO822460,U019,CC349,6228,False,none
INV00004196,341108099,Grondin SA SASU,FR2609248762303911142817852,2831.56,EUR,2024-06-21,2024-06-23,PO418491,U001,CC874,6065,False,none
INV00004612,866618892,Payet SCI,FR0660880501716445561857906,426.59,EUR,2024-08-08,2024-08-13,PO868654,U016,CC996,6063,False,none
INV00001185,888067065,Munoz SASU,FR6850461735743842150317807,769.27,EUR,2025-07-24,2025-07-30,PO257726,U018,CC406,6068,False,none
INV00002007,869222196,Ollivier Ribeiro SA SAS,FR7808989921722332061632945,4095.13,EUR,2024-03-12,2024-03-12,PO888106,U012,CC286,6061,False,none
INV00000193,432445107,Meyer SAS,FR2011179080759579472846392,2964.67,EUR,2024-04-20,2024-04-22,PO510339,U018,CC103,6228,False,none
INV00001515,392827229,Dumas S.A.R.L. SARL,FR7176775372603214505766194,11786.87,EUR,2024-09-17,2024-09-24,PO649386,U010,CC429,6061,False,none
INV00000578,432830965,Guibert SCI,FR2664347452455574696606065,1880.56,EUR,2024-08-18,2024-08-23,PO897435,U001,CC633,6181,False,none
INV00002123,522675289,Alexandre SA,FR7004735047639283199529800,8097.76,EUR,2024-12-01,2024-12-03,PO639688,U027,CC625,6061,False,none
INV00001429,233095849,Jacob Humbert S.A.S. SASU,FR3488788361968931350305872,444.26,EUR,2024-01-26,2024-01-30,PO124969,U009,CC112,6068,False,none
INV00003835,532787747,Faivre SASU,FR2129751702814069375150939,1045.26,EUR,2024-06-28,2024-07-05,PO963828,U006,CC413,6061,False,none
INV00005103,625394185,Barbier SA,FR4259570861993145843456631,18402.85,EUR,2025-06-22,2025-06-25,PO563324,U009,CC474,6181,True,shared_iban_ring
INV00001846,268117758,Gonzalez Dijoux SA SARL,FR7582688615335554398780157,524.66,EUR,2024-04-03,2024-04-05,PO481359,U022,CC350,6068,False,none
INV00000131,269166978,Pasquier Laurent S.A. SCI,FR6256342160733754330365414,1619.17,EUR,2024-08-18,2024-08-22,PO320039,U010,CC305,6068,False,none
INV00000178,974801624,François EURL,FR9661064628792326487049478,231.93,EUR,2024-11-04,2024-11-04,,U017,CC752,6135,False,none
INV00004607,639208678,Dias S.A. SA,FR2098036577449160936595201,159.16,EUR,2025-12-24,2025-12-26,PO932583,U003,CC823,6228,False,none
INV00002877,569961125,Sanchez SCI,FR3984449029502648016440373,727.54,EUR,2025-06-22,2025-06-25,PO824059,U014,CC113,6228,False,none
INV00002688,988516560,Laroche S.A. SARL,FR6656770051844989266591846,230.29,EUR,2025-07-14,2025-07-21,,U029,CC872,6132,False,none
INV00003151,942788165,Hamel SAS,FR4686287203195419666450573,253.58,EUR,2025-05-14,2025-05-17,PO435825,U028,CC530,6068,False,none
INV00002804,299228092,Reynaud Bègue SA SARL,FR0826351004627765725659202,836.74,EUR,2025-08-24,2025-08-30,PO895461,U011,CC618,6065,False,none
INV00002073,315869232,Arnaud S.A. SAS,FR4661201836675254599102290,1009.52,EUR,2024-09-20,2024-09-26,PO600695,U008,CC145,6068,False,none
INV00000658,779071416,Barre SA,FR3851584826691362483550542,606.33,EUR,2025-01-25,2025-01-26,PO382486,U020,CC813,6068,False,none
INV00001896,829221699,François EURL,FR9393110059129751910231211,2720.56,EUR,2024-11-18,2024-11-22,PO309185,U025,CC510,6065,False,none
INV00003543,038567700,Rémy SAS,FR1374223196463004023693626,185.22,EUR,2024-06-03,2024-06-08,PO603335,U009,CC446,6132,False,none
INV00003828,100225579,Menard Brunel S.A. SARL,FR8520715116966672521452647,845.19,EUR,2025-04-27,2025-05-01,PO424751,U008,CC212,6061,False,none
INV00000342,918255371,Masson Aubert SARL SARL,FR9626650237416787256862110,166.88,EUR,2025-08-20,2025-08-24,PO251950,U011,CC586,6135,False,none
INV00003221,223253672,Imbert SA,FR2304120092820667849843624,803.88,EUR,2025-06-23,2025-06-26,,U026,CC541,6068,False,none
INV00000727,478985625,Philippe et Fils SA,FR2858929880858382521293289,883.95,EUR,2024-12-31,2024-12-31,PO907526,U002,CC374,6065,False,none
INV00004040,675254599,Becker EURL,FR1462137213865890260127961,9740.41,EUR,2025-09-20,2025-09-21,PO478233,U001,CC656,6063,False,none
INV00000976,796114351,Peron SARL SAS,FR5864493699951679335055738,103.96,EUR,2025-02-11,2025-02-17,PO798249,U004,CC720,6132,False,none
INV00002492,616928451,Lemaître S.A.S. SCI,FR6208514036965666683272386,368.32,EUR,2024-08-11,2024-08-13,PO653894,U016,CC383,6181,False,none
INV00003182,934835642,Durand SAS,FR3839488488269131196425856,1966.35,EUR,2025-10-12,2025-10-13,PO257208,U010,CC748,6061,False,none
INV00001928,656272980,Bazin Berger SA SARL,FR4113075626368970283857865,848.39,EUR,2025-03-14,2025-03-17,PO397918,U021,CC927,6068,False,none
INV00002789,210469632,Renard Gomez SA SAS,FR6859274523805525782841067,107.56,EUR,2025-10-31,2025-11-02,PO560635,U015,CC342,6065,False,none
INV00003460,182688615,Briand Traore SARL SASU,FR0346040142473107201137984,6157.58,EUR,2024-11-09,2024-11-16,PO492930,U025,CC639,6181,False,none
INV00001299,726149331,Guilbert Courtois et Fils SAS,FR4543127102676720957992707,8804.94,EUR,2025-10-02,2025-10-06,PO213010,U011,CC799,6065,False,none
INV00003196,160648422,Brunet Dos Santos S.A.S. SASU,FR1956608470681039033970519,246.36,EUR,2024-09-07,2024-09-13,PO642727,U010,CC346,6065,False,none
INV00004741,399091699,Huet et Fils SASU,FR9543161172400504556238692,946.93,EUR,2024-02-15,2024-02-18,PO887071,U011,CC323,6061,False,none
INV00000660,724004991,Lejeune Rodrigues SA EURL,FR6043973597107256366941180,1864.48,EUR,2024-06-17,2024-06-23,PO732928,U007,CC179,6132,False,none
INV00001790,199410137,Pages SCI,FR5820377107044964104967066,3348.08,EUR,2024-01-11,2024-01-18,PO887663,U029,CC136,6228,False,none
INV00002552,005162713,De Oliveira Grenier S.A.S. EURL,FR0629635339055044817766558,998.73,EUR,2025-12-28,2026-01-01,PO289716,U015,CC315,6181,False,none
INV00003882,628900287,Dupont SA,FR1072311127128524648449411,2092.02,EUR,2024-05-08,2024-05-14,PO594875,U027,CC691,6135,False,none
INV00004112,144914766,Pascal SASU,FR2671296180332426050801849,475.23,EUR,2024-12-22,2024-12-23,PO693472,U024,CC510,6068,False,none
INV00004988,662961943,Boulay SASU,FR7091025743263039752450864,1786.74,EUR,2024-09-28,2024-10-03,PO101007,U014,CC755,6063,False,none
INV00004810,464887719,Costa Royer SARL SCI,FR2945892975001701277063242,275.82,EUR,2024-06-13,2024-06-20,PO343987,U025,CC608,6132,False,none
INV00002885,901627204,Jean SASU,FR5443757584419866524041574,8120.71,EUR,2024-12-13,2024-12-18,PO512660,U026,CC895,6063,False,none
INV00003841,798552414,Boulay Bertin SARL SAS,FR9375749490228403595442947,2705.6,EUR,2025-10-26,2025-10-28,PO902138,U004,CC941,6181,False,none
INV00003410,596401658,Blin S.A.R.L. SCI,FR7012847818913718949058077,2526.83,EUR,2025-07-04,2025-07-05,PO869384,U025,CC205,6061,False,none
INV00001278,841459332,Gérard EURL,FR5743864908108186617945491,139.77,EUR,2025-12-18,2025-12-21,PO474419,U002,CC809,6065,False,none
INV00004215,594013990,Toussaint EURL,FR2536110371293870051627136,152.82,EUR,2025-12-02,2025-12-08,PO590107,U000,CC194,6061,False,none
INV00001621,725217525,Gay et Fils SASU,FR6831670450232902822700934,45.32,EUR,2024-04-13,2024-04-13,PO540581,U002,CC773,6135,False,none
INV00004661,315869232,Arnaud S.A. SAS,FR4661201836675254599102290,382.27,EUR,2024-12-09,2024-12-11,PO105095,U000,CC665,6135,False,none
INV00003132,418328569,Lagarde SARL,FR4663213580040104145964229,213.51,EUR,2025-03-11,2025-03-14,PO916818,U008,CC116,6061,False,none
INV00000067,327648350,Vallée SCI,FR8736026064746872343098050,71.01,EUR,2025-03-29,2025-04-03,PO216683,U009,CC560,6228,False,none
INV00002754,988516560,Laroche S.A. SARL,FR6656770051844989266591846,366.95,EUR,2025-06-06,2025-06-12,PO480949,U007,CC113,6065,False,none
INV00004192,359782071,Allard SASU,FR4570862095935186387829456,640.95,EUR,2025-03-18,2025-03-20,PO845650,U003,CC106,6063,False,none
INV00004048,754558845,Ledoux S.A.R.L. SARL,FR1131139500168094149150762,4653.6,EUR,2024-08-06,2024-08-07,PO568534,U006,CC377,6132,False,none
INV00000820,805310033,Daniel SARL SARL,FR8988728743152742054932966,90097.68,EUR,2024-05-30,2024-06-06,PO729138,U017,CC105,6065,False,none
INV00001226,852772217,Leclerc S.A.S. SA,FR9185424932149587020701601,747.41,EUR,2025-12-14,2025-12-18,PO238104,U010,CC532,6135,False,none
INV00003429,315869232,Arnaud S.A. SAS,FR4661201836675254599102290,1001.25,EUR,2025-07-06,2025-07-09,PO155015,U013,CC762,6065,False,none
INV00004321,798552414,Boulay Bertin SARL SAS,FR9375749490228403595442947,383.46,EUR,2024-06-13,2024-06-18,PO374519,U023,CC613,6228,False,none
INV00004656,669849027,Martins S.A.R.L. SARL,FR9481187233351040961497315,24881.07,EUR,2024-06-15,2024-06-22,PO383542,U014,CC102,6132,False,none
INV00003601,171339596,Lévêque SA,FR4414754102252677119642152,169.33,EUR,2024-03-27,2024-04-02,PO988168,U015,CC785,6065,False,none
INV00005053,669849027,Martins S.A.R.L. SARL,FR9481187233351040961497315,24814.51,EUR,2024-06-15,2024-06-22,PO383542,U014,CC102,6132,True,under_threshold
INV00004405,754558845,Ledoux S.A.R.L. SARL,FR1131139500168094149150762,420.63,EUR,2024-02-18,2024-02-19,PO538937,U010,CC584,6061,False,none
INV00003576,539621851,Leclercq Rémy SARL SASU,FR0977027278576084958803955,1536.61,EUR,2025-01-04,2025-01-05,PO460326,U007,CC593,6061,False,none
INV00001143,842498182,Legrand Georges S.A.S. SCI,FR1606239726527354352090421,1438.01,EUR,2024-06-07,2024-06-13,PO636409,U020,CC765,6228,False,none
INV00000397,562328588,Meunier SA,FR8621752500743292712966667,491.01,EUR,2024-04-03,2024-04-05,,U019,CC365,6063,False,none
INV00003624,788728743,Hernandez SA,FR2552809242875721586241502,119.04,EUR,2024-03-24,2024-03-24,PO647045,U008,CC228,6068,False,none
INV00004437,671902294,Alves et Fils SARL,FR0589113529096561014388899,6078.8,EUR,2024-07-01,2024-07-01,PO955590,U028,CC964,6063,False,none
INV00004478,432830965,Guibert SCI,FR2664347452455574696606065,4285.75,EUR,2025-02-08,2025-02-10,PO211876,U015,CC446,6181,False,none
INV00001398,527047743,Aubry EURL,FR3775955872096289365435884,1408.09,EUR,2024-04-27,2024-05-02,PO700073,U029,CC334,6068,False,none
INV00001659,955439376,Vaillant S.A.R.L. SASU,FR2592082832308981388158814,1858.34,EUR,2025-04-17,2025-04-22,PO683309,U022,CC268,6061,False,none
INV00000979,724004991,Lejeune Rodrigues SA EURL,FR6043973597107256366941180,904.44,EUR,2025-04-30,2025-05-04,PO845937,U029,CC581,6063,False,none
INV00001298,475412126,Alves S.A.R.L. SARL,FR6327768962706614982824674,5097.78,EUR,2024-03-26,2024-03-26,PO663703,U028,CC912,6063,False,none
INV00002417,423536937,Delorme EURL,FR0759465217073033793375636,3967.3,EUR,2025-12-23,2025-12-23,PO518755,U014,CC811,6065,False,none
INV00000082,104328986,Girard Gonzalez S.A. SARL,FR5850209945101622499982795,5287.49,EUR,2024-07-11,2024-07-12,PO980303,U028,CC249,6061,False,none
INV00004920,475412126,Alves S.A.R.L. SARL,FR6327768962706614982824674,356.87,EUR,2025-11-22,2025-11-23,PO672730,U005,CC649,6132,False,none
INV00002623,525534192,Pereira et Fils EURL,FR4956670106513338726247317,2420.73,EUR,2025-09-10,2025-09-14,PO197678,U013,CC406,6065,False,none
INV00005073,669849027,Martins S.A.R.L. SARL,FR9481187233351040961497315,24820.74,EUR,2024-06-15,2024-06-22,PO383542,U014,CC102,6132,True,under_threshold
INV00004038,353875842,Lucas SASU,FR4715622949381735984884021,2129.89,EUR,2025-02-01,2025-02-04,PO790089,U025,CC995,6061,False,none
INV00004259,029593917,Traore Dupuy SA SASU,FR0518600892196394568044731,1131.17,EUR,2025-10-14,2025-10-21,PO947642,U005,CC847,6181,False,none
INV00000423,496499091,Lombard EURL,FR9026609379660334191825537,6164.87,EUR,2024-05-06,2024-05-11,PO244464,U003,CC968,6068,False,none
INV00004476,019380262,Blanc Pinto S.A. SCI,FR0220696942152910867713334,11543.9,EUR,2025-12-25,2025-12-26,,U018,CC892,6135,False,none
INV00001904,074329271,Goncalves SA SARL,FR8234654950050702608698221,2068.24,EUR,2025-12-19,2025-12-26,PO798914,U014,CC227,6132,False,none
INV00004679,991241904,Bazin Faivre S.A.S. SAS,FR6918785191088398225871397,625.0,EUR,2025-01-26,2025-01-31,PO124967,U000,CC572,6063,False,none
INV00004676,392827229,Dumas S.A.R.L. SARL,FR7176775372603214505766194,1154.39,EUR,2024-03-08,2024-03-09,PO733719,U016,CC612,6228,False,none
INV00003316,774348734,Perrot Paul SARL SCI,FR4914384249818299229959001,684.34,EUR,2025-12-20,2025-12-21,PO590165,U001,CC427,6132,False,none
INV00001565,199867980,Lopez SARL SCI,FR9828127358573065240778487,1049.01,EUR,2024-02-01,2024-02-04,PO272904,U010,CC263,6135,False,none
INV00004772,093204899,Berger Dos Santos SA EURL,FR6524968549822749545089203,9802.36,EUR,2024-09-04,2024-09-08,PO301784,U024,CC788,6068,False,none
INV00000839,509839301,Moreno SA SARL,FR7886518506716572628498776,1136.14,EUR,2025-06-11,2025-06-11,PO117062,U002,CC581,6063,False,none
INV00000500,239431290,Diaz SAS,FR7139527536749785249141686,207.21,EUR,2025-08-08,2025-08-08,PO586758,U025,CC538,6063,False,none
INV00000141,972965902,Voisin et Fils EURL,FR9691815899886834527346666,2951.15,EUR,2024-02-07,2024-02-12,PO131734,U002,CC586,6063,False,none
INV00001377,021158693,Bigot Coste SARL SASU,FR7696905150267551254278207,1267.22,EUR,2024-05-11,2024-05-12,PO179460,U006,CC291,6135,False,none
INV00003980,093204899,Berger Dos Santos SA EURL,FR6524968549822749545089203,216.22,EUR,2025-04-21,2025-04-25,PO126970,U016,CC848,6065,False,none
INV00002282,848947697,Benard Bouvier S.A.R.L. SARL,FR6918444218299874781224890,61.82,EUR,2025-06-18,2025-06-19,,U027,CC729,6228,False,none
INV00001138,363745458,Charrier Blondel et Fils EURL,FR7985725459606339912971024,395.98,EUR,2024-07-06,2024-07-13,PO935456,U005,CC572,6063,False,none
INV00002715,942788165,Hamel SAS,FR4686287203195419666450573,436.96,EUR,2024-10-22,2024-10-22,,U021,CC473,6068,False,none
INV00001787,207501102,Gillet SCI,FR2553970548739610290871827,2483.16,EUR,2025-03-07,2025-03-12,PO734563,U022,CC847,6068,False,none
INV00003800,805310033,Daniel SARL SARL,FR8988728743152742054932966,506.44,EUR,2024-10-13,2024-10-13,PO945208,U013,CC730,6181,False,none
INV00000550,434266179,Klein SCI,FR8533305912662015720185962,462.1,EUR,2024-04-21,2024-04-28,PO704118,U001,CC854,6063,False,none
INV00003313,341232812,Maillet Munoz SARL SCI,FR0591251341252866929662782,628.77,EUR,2024-10-21,2024-10-21,PO393088,U007,CC927,6135,False,none
INV00002019,383028439,Ollivier EURL,FR9092287772519966365807412,4924.86,EUR,2025-09-29,2025-10-01,PO417430,U002,CC666,6061,False,none
INV00000948,944064090,Jourdan Jean et Fils SA,FR3946800722903494466574374,246.42,EUR,2025-11-18,2025-11-18,PO132826,U017,CC881,6135,False,none
INV00002414,628900287,Dupont SA,FR1072311127128524648449411,2240.52,EUR,2024-08-14,2024-08-18,PO827603,U020,CC789,6068,False,none
INV00000532,187026217,Hoareau Le Gall et Fils EURL,FR7442209690295939172513552,282.13,EUR,2024-04-25,2024-04-29,,U009,CC388,6135,False,none
INV00002897,554665905,Paul Pereira SA SAS,FR0938633839288619576122868,193.55,EUR,2025-01-30,2025-02-05,PO843460,U008,CC498,6065,False,none
INV00001829,927065379,Mercier S.A.R.L. SAS,FR1845104636815798123878003,1349.54,EUR,2025-04-10,2025-04-14,PO650284,U019,CC492,6181,False,none
INV00004010,527858549,Roussel EURL,FR3635785294563718344049639,11994.68,EUR,2025-09-30,2025-10-06,PO733964,U007,CC981,6065,False,none
INV00004557,043581128,Lemonnier Chrétien S.A. EURL,FR4008172143643813000413211,1854.28,EUR,2024-01-21,2024-01-27,PO108842,U004,CC155,6228,False,none
INV00004114,043898364,Renard SCI,FR5940299015579980284139080,235.54,EUR,2024-04-07,2024-04-11,,U017,CC676,6135,False,none
INV00001602,244935348,Berger SASU,FR5993183933529042284210205,1713.15,EUR,2025-05-11,2025-05-15,PO218877,U024,CC562,6135,False,none
INV00002238,669346547,Neveu Costa S.A.S. SASU,FR8327490728012342893113253,394.8,EUR,2025-08-04,2025-08-07,PO930895,U004,CC147,6065,False,none
INV00000639,669849027,Martins S.A.R.L. SARL,FR9481187233351040961497315,179.06,EUR,2024-05-01,2024-05-01,,U015,CC283,6061,False,none
INV00004982,650609835,Colin SA,FR2730147195979647158904290,3342.46,EUR,2024-08-20,2024-08-24,,U020,CC570,6061,False,none
INV00000967,943969078,Pelletier Collet S.A. SCI,FR3710742799077262570165804,688.48,EUR,2024-01-29,2024-01-29,PO257352,U029,CC705,6061,False,none
INV00004371,890250392,Pinto SA SA,FR2776563600412577711837274,856.71,EUR,2025-05-03,2025-05-06,,U008,CC906,6135,False,none
INV00002802,765277584,Le Gall Lebon SA EURL,FR0519657013290227846997335,576.96,EUR,2025-11-04,2025-11-08,PO401637,U002,CC845,6061,False,none
INV00001683,438057198,Jacob S.A. SCI,FR9751877941763425073305597,240.08,EUR,2025-01-04,2025-01-08,PO926602,U001,CC421,6181,False,none
INV00004740,270866882,Mary Gros SARL SA,FR2428914161284639855474355,72.99,EUR,2024-05-02,2024-05-09,PO435132,U021,CC593,6063,False,none
INV00002498,081219136,Bertrand SAS,FR8076627028951718702621745,2805.2,EUR,2024-10-29,2024-10-29,PO311439,U003,CC708,6228,False,none
INV00000155,795687833,Fischer SAS,FR7559779452321941680061027,953.5,EUR,2025-01-15,2025-01-21,PO846348,U012,CC515,6181,False,none
INV00002653,655852398,Delattre S.A.R.L. SARL,FR8812075452798524013223423,334.9,EUR,2024-01-13,2024-01-20,PO700457,U013,CC309,6132,False,none
INV00003930,367837770,Mercier Neveu S.A. SARL,FR2338750997700886008484086,599.54,EUR,2025-10-19,2025-10-22,PO165119,U025,CC576,6061,False,none
INV00001089,398225871,Da Silva SASU,FR8067899730806958146717957,499.62,EUR,2024-04-29,2024-04-30,PO261625,U021,CC668,6135,False,none
INV00002834,748217594,Morel SARL,FR6653074505444713247546913,52.69,EUR,2025-03-06,2025-03-12,,U024,CC338,6135,False,none
INV00004374,038567700,Rémy SAS,FR1374223196463004023693626,801.54,EUR,2025-02-19,2025-02-21,PO768154,U023,CC590,6181,False,none
INV00000288,165667010,Diaz Chrétien S.A.R.L. SARL,FR6109477752047116719022941,1235.92,EUR,2024-05-17,2024-05-17,PO365302,U001,CC167,6132,False,none
INV00000930,928565431,Pereira S.A.S. SARL,FR1856945441496739385258001,32910.67,EUR,2025-12-27,2025-12-28,PO602028,U004,CC377,6061,False,none
INV00002704,177739260,Lemonnier Reynaud S.A.R.L. SA,FR7784466345337220109121722,482.55,EUR,2025-12-27,2026-01-01,PO653522,U023,CC294,6063,False,none
INV00002416,509839301,Moreno SA SARL,FR7886518506716572628498776,1784.03,EUR,2024-07-26,2024-08-01,,U012,CC320,6061,False,none
INV00004621,005162713,De Oliveira Grenier S.A.S. EURL,FR0629635339055044817766558,484.99,EUR,2024-06-23,2024-06-28,PO651434,U022,CC238,6228,False,none
INV00002525,943969078,Pelletier Collet S.A. SCI,FR3710742799077262570165804,656.32,EUR,2024-07-14,2024-07-15,PO854655,U011,CC881,6181,False,none
INV00003516,119079030,Lemaître S.A.S. SAS,FR8908215454470229604432701,7488.28,EUR,2024-11-04,2024-11-08,PO490386,U022,CC319,6065,False,none
INV00000942,434266179,Klein SCI,FR8533305912662015720185962,2863.48,EUR,2024-03-02,2024-03-03,,U028,CC520,6228,False,none
INV00004104,786103579,Delattre SARL SA,FR1881980770460568761124912,5775.77,EUR,2024-09-17,2024-09-20,PO699959,U001,CC326,6228,False,none
INV00004808,337543303,Garnier EURL,FR0859696641605297516136968,453.15,EUR,2024-06-30,2024-07-01,,U010,CC128,6228,False,none
INV00001698,547812914,Poulain EURL,FR3972239898306503121980418,4217.34,EUR,2024-07-07,2024-07-13,PO886739,U011,CC875,6132,False,none
INV00004856,567982507,Delahaye EURL,FR7667146283143598926256609,206.6,EUR,2024-07-11,2024-07-17,PO423526,U006,CC862,6061,False,none
INV00003158,887947055,Torres SASU,FR7873864631752071678112669,4890.64,EUR,2024-02-16,2024-02-16,PO950158,U002,CC243,6065,False,none
INV00002741,814141397,Philippe EURL,FR3406791766512215001418842,493.44,EUR,2024-07-10,2024-07-13,PO459185,U023,CC527,6065,False,none
INV00003002,795687833,Fischer SAS,FR7559779452321941680061027,46.58,EUR,2024-12-18,2024-12-24,PO481746,U024,CC616,6132,False,none
INV00004511,737530011,Martineau Paris SA SASU,FR5433337320430977688936289,497.67,EUR,2024-09-29,2024-10-06,PO547195,U016,CC121,6228,False,none
INV00000985,186999386,Duval SAS,FR1461125457387571775140105,125.18,EUR,2024-11-28,2024-11-28,PO487840,U021,CC764,6228,False,none
INV00002960,996504773,Bertrand SASU,FR7136497189241956252571509,1090.0,EUR,2025-09-19,2025-09-19,PO206187,U012,CC848,6065,False,none
INV00004573,578759856,Garnier S.A. SCI,FR2889868180978875439435353,3908.67,EUR,2024-07-07,2024-07-11,PO950263,U021,CC161,6068,False,none
INV00005021,731781080,Lamy Noël S.A.S. S.A.,FR8424210249947174648877190,5318.03,EUR,2025-12-11,2025-12-09,PO827505,U006,CC858,6181,True,duplicate_fuzzy
INV00004926,890250392,Pinto SA SA,FR2776563600412577711837274,324.64,EUR,2025-06-19,2025-06-26,PO925714,U002,CC614,6228,False,none
INV00000981,842579913,Durand SASU,FR6349079388413685283061537,157.62,EUR,2024-06-11,2024-06-17,PO521860,U022,CC670,6068,False,none
INV00002658,303911718,Besnard SA,FR0743455812236231665876036,496.0,EUR,2024-09-22,2024-09-22,PO521757,U024,CC266,6061,False,none
INV00004392,299228092,Reynaud Bègue SA SARL,FR0826351004627765725659202,1979.49,EUR,2024-07-04,2024-07-10,PO577914,U009,CC447,6068,False,none
INV00003379,466574374,Schmitt SCI,FR0894841312840333997718051,2997.4,EUR,2024-05-03,2024-05-09,PO782516,U027,CC900,6181,False,none
INV00004628,016400524,Blanchet SA,FR0417839084700766177115921,470.85,EUR,2025-09-27,2025-09-30,PO127625,U011,CC285,6061,False,none
INV00003765,533645257,Fischer Garnier S.A.S. SARL,FR6862633556434369709317069,599.41,EUR,2025-07-04,2025-07-05,,U025,CC327,6068,False,none
INV00002531,852772217,Leclerc S.A.S. SA,FR9185424932149587020701601,67.66,EUR,2025-05-26,2025-05-27,PO721045,U011,CC883,6228,False,none
INV00004098,435175183,Ledoux SAS,FR9681180715695620175370304,1242.13,EUR,2024-10-02,2024-10-07,PO820459,U021,CC216,6228,False,none
INV00001457,074329271,Goncalves SA SARL,FR8234654950050702608698221,1106.9,EUR,2025-09-11,2025-09-17,PO319408,U017,CC753,6063,False,none
INV00001395,596401658,Blin S.A.R.L. SCI,FR7012847818913718949058077,5759.2,EUR,2025-02-21,2025-02-26,PO234357,U011,CC678,6228,False,none
INV00000264,980686508,Dupont Da Silva S.A.R.L. SAS,FR2209505560571219881927788,542.42,EUR,2025-05-20,2025-05-26,PO490941,U000,CC391,6135,False,none
INV00002554,770348247,Richard S.A. SASU,FR7875622086353654195180238,2301.21,EUR,2024-05-20,2024-05-21,PO178655,U026,CC575,6135,False,none
INV00000929,796114351,Peron SARL SAS,FR5864493699951679335055738,1709.48,EUR,2024-07-12,2024-07-12,PO176453,U025,CC677,6061,False,none
INV00003271,532787747,Faivre SASU,FR2129751702814069375150939,16030.02,EUR,2024-04-06,2024-04-09,,U008,CC654,6068,False,none
INV00005003,074329271,Goncalves SA SARL,FR8234654950050702608698221,2200.66,EUR,2024-12-16,2024-12-16,PO805225,U005,CC715,6135,True,duplicate_exact
INV00002178,731781080,Lamy Noël S.A.S. SA,FR8424210249947174648877190,551.69,EUR,2025-02-04,2025-02-05,PO756627,U021,CC168,6135,False,none
INV00002874,312038750,Auger SAS,FR4474969033373634669254812,1544.41,EUR,2025-10-11,2025-10-13,PO736166,U028,CC336,6068,False,none
INV00000246,347955276,Ledoux SA,FR7929384401348087354378826,2098.42,EUR,2025-11-03,2025-11-07,PO255141,U015,CC254,6068,False,none
INV00003834,842498182,Legrand Georges S.A.S. SCI,FR1606239726527354352090421,325.37,EUR,2025-02-26,2025-03-01,PO621015,U010,CC526,6063,False,none
INV00001758,881435368,Lombard EURL,FR3344983553935435864496392,581.25,EUR,2024-07-22,2024-07-29,PO757433,U004,CC151,6135,False,none
INV00005015,511686854,Colin S.A.,FR1068171516025298670766046,1615.42,EUR,2025-05-04,2025-05-05,PO554483,U007,CC611,6061,True,duplicate_fuzzy
INV00003001,475412126,Alves S.A.R.L. SARL,FR6327768962706614982824674,613.33,EUR,2025-09-18,2025-09-21,PO132113,U011,CC208,6135,False,none
INV00000923,544948126,Lacroix Hubert SA SAS,FR3221260650191792025213109,217.88,EUR,2025-08-29,2025-08-30,PO642372,U009,CC203,6063,False,none
INV00004665,584419866,Gay EURL,FR4351364424936312303477866,334.91,EUR,2025-01-04,2025-01-04,PO315523,U000,CC307,6132,False,none
INV00000268,244935348,Berger SASU,FR5993183933529042284210205,6054.79,EUR,2025-06-24,2025-06-30,,U013,CC754,6132,False,none
INV00000669,971870728,Guillou Vasseur S.A.S. SAS,FR9159724665729341722329716,25.86,EUR,2025-01-11,2025-01-16,PO626625,U009,CC382,6181,False,none
INV00004625,414586850,Marty SA,FR6823124329212779979955271,521.42,EUR,2025-03-10,2025-03-15,PO112498,U004,CC488,6061,False,none
INV00001910,327104054,Gaillard Hardy et Fils SCI,FR5870562271043318751097921,3147.46,EUR,2025-07-07,2025-07-11,PO500560,U003,CC252,6068,False,none
INV00004005,511686854,Colin SA,FR1068171516025298670766046,1490.1,EUR,2024-07-19,2024-07-26,PO178896,U026,CC486,6068,False,none
INV00001152,121277561,Gonzalez SASU,FR0687339785598217661912841,1600.0,EUR,2025-08-25,2025-08-29,PO112652,U008,CC472,6181,False,none
INV00004966,010393087,Hebert S.A.R.L. EURL,FR5941241513152854781506185,992.36,EUR,2024-02-27,2024-02-29,PO875568,U010,CC229,6228,False,none
INV00003690,353875842,Lucas SASU,FR4715622949381735984884021,74.65,EUR,2024-03-25,2024-03-26,PO182640,U021,CC477,6061,False,none
INV00004375,229014767,Mendès SARL,FR4002770384309883920530214,1664.31,EUR,2025-04-23,2025-04-27,PO376790,U006,CC524,6068,False,none
INV00001781,210469632,Renard Gomez SA SAS,FR6859274523805525782841067,406.72,EUR,2025-08-23,2025-08-25,,U026,CC275,6065,False,none
INV00002307,038567700,Rémy SAS,FR1374223196463004023693626,3301.39,EUR,2025-03-03,2025-03-05,PO737355,U000,CC555,6132,False,none
INV00002313,466574374,Schmitt SCI,FR0894841312840333997718051,1908.06,EUR,2025-06-23,2025-06-24,PO407198,U024,CC698,6061,False,none
INV00003370,432830965,Guibert SCI,FR2664347452455574696606065,4466.07,EUR,2024-10-05,2024-10-11,PO630831,U004,CC347,6132,False,none
INV00001915,540331739,Paris SAS,FR1487758030468750635190361,409.73,EUR,2025-08-17,2025-08-17,PO959636,U028,CC653,6065,False,none
INV00000612,231491357,Jacquet SA,FR0433399948532089532638902,37.5,EUR,2025-02-14,2025-02-17,PO748388,U021,CC774,6228,False,none
INV00003364,363495788,Da Costa SA,FR8561567933410166687002176,107.83,EUR,2025-05-02,2025-05-09,PO925451,U008,CC999,6061,False,none
INV00002267,666676008,Langlois S.A.R.L. SASU,FR7942585917793238223116491,4348.47,EUR,2025-06-15,2025-06-21,PO356233,U014,CC784,6065,False,none
INV00003768,230461849,Lemaire S.A. EURL,FR3699660577980660392051460,453.39,EUR,2024-07-18,2024-07-20,PO656423,U015,CC724,6061,False,none
INV00001898,278681447,Fontaine Laurent S.A.S. SCI,FR5109391119269212447174654,203.99,EUR,2024-02-29,2024-03-05,PO837576,U013,CC710,6132,False,none
INV00001649,932525002,Aubry Lelièvre S.A. SA,FR8627423183061789320649693,10220.38,EUR,2024-03-23,2024-03-28,,U015,CC739,6068,False,none
INV00002614,016400524,Blanchet SA,FR0417839084700766177115921,352.44,EUR,2024-03-17,2024-03-17,,U007,CC729,6063,False,none
INV00000258,199410137,Pages SCI,FR5820377107044964104967066,707.43,EUR,2024-10-11,2024-10-15,PO890795,U018,CC782,6065,False,none
INV00000847,121277561,Gonzalez SASU,FR0687339785598217661912841,53.46,EUR,2025-07-22,2025-07-29,PO647108,U016,CC346,6228,False,none
INV00004386,910430068,Collin SARL SARL,FR3438318491966553307704611,2870.96,EUR,2025-12-05,2025-12-12,PO786097,U024,CC953,6132,False,none
INV00001233,522395590,Robert Allain S.A.S. EURL,FR8676572894134750988986456,1076.29,EUR,2024-12-26,2024-12-27,PO459006,U024,CC631,6132,False,none
INV00001127,676320163,Marchal SCI,FR8220297021355690927557192,15.94,EUR,2025-04-18,2025-04-24,PO216006,U018,CC396,6065,False,none
INV00003048,880592962,Lemonnier SASU,FR0614770538338848792069804,43.25,EUR,2024-06-24,2024-06-29,,U004,CC146,6181,False,none
INV00001967,000257872,David et Fils SASU,FR4990714014011939325012495,768.98,EUR,2025-02-07,2025-02-07,PO285469,U008,CC826,6063,False,none
INV00000558,974801624,François EURL,FR9661064628792326487049478,500.37,EUR,2024-09-20,2024-09-23,PO111258,U008,CC217,6065,False,none
INV00000904,435175183,Ledoux SAS,FR9681180715695620175370304,306.05,EUR,2025-07-11,2025-07-11,PO225961,U018,CC498,6061,False,none
INV00000484,803397401,Michaud SARL,FR7526329676291603248413768,6703.77,EUR,2024-11-28,2024-12-01,,U026,CC753,6181,False,none
INV00002211,513542784,Pascal SAS,FR6316048175496513709859317,2110.75,EUR,2025-09-12,2025-09-14,PO601992,U024,CC144,6228,False,none
INV00001320,375564641,Laroche S.A.S. SA,FR1830165712082677345401938,4195.82,EUR,2024-12-27,2024-12-28,PO443281,U005,CC857,6132,False,none
INV00004088,991241904,Bazin Faivre S.A.S. SAS,FR6918785191088398225871397,5177.58,EUR,2025-03-30,2025-04-02,PO763619,U018,CC707,6061,False,none
INV00000007,312038750,Auger SAS,FR4474969033373634669254812,351.55,EUR,2025-06-22,2025-06-25,PO563324,U009,CC474,6181,False,none
INV00002315,051531952,Ramos Da Silva S.A.R.L. SCI,FR4181040915701840943533448,1327.49,EUR,2025-08-02,2025-08-04,PO132924,U005,CC508,6065,False,none
INV00003503,060715969,Huet SCI,FR8166322702672885744890612,859.62,EUR,2025-03-06,2025-03-07,PO341679,U025,CC453,6063,False,none
INV00003408,074466609,Germain SAS,FR0483398741132579706734996,2424.56,EUR,2024-02-14,2024-02-18,PO418322,U003,CC901,6065,False,none
INV00001450,051238282,Gaillard S.A.S. SARL,FR8414870682778816093068538,231.58,EUR,2024-01-13,2024-01-15,PO930763,U006,CC944,6181,False,none
INV00001201,895798687,Bigot SASU,FR0482911467866912517785289,160.47,EUR,2024-04-03,2024-04-03,PO985730,U001,CC898,6065,False,none
INV00001814,423536937,Delorme EURL,FR0759465217073033793375636,680.92,EUR,2024-12-21,2024-12-22,PO546955,U014,CC971,6135,False,none
INV00000773,478985625,Philippe et Fils SA,FR2858929880858382521293289,1734.05,EUR,2025-12-07,2025-12-14,PO247269,U003,CC682,6228,False,none
INV00002274,970283857,Gillet SASU,FR4365565033349114152085076,1038.9,EUR,2025-11-23,2025-11-24,PO374877,U017,CC650,6061,False,none
INV00001011,926442209,Regnier SAS,FR1328634255638300081867024,955.01,EUR,2024-11-24,2024-11-29,PO948330,U014,CC535,6181,False,none
INV00004840,375564641,Laroche S.A.S. SA,FR1830165712082677345401938,886.62,EUR,2025-01-06,2025-01-07,PO823216,U006,CC361,6135,False,none
INV00002610,935889163,Costa Leclerc S.A.S. SASU,FR9290063140352635602293946,5722.19,EUR,2024-09-15,2024-09-16,PO701251,U005,CC708,6061,False,none
INV00001991,903521356,Joseph SCI,FR8891872401078356743000389,2359.06,EUR,2024-02-25,2024-03-01,PO724695,U003,CC250,6228,False,none
INV00001277,060385050,Boutin S.A. SAS,FR6828723244079311029181331,2138.74,EUR,2025-09-28,2025-10-04,PO841076,U025,CC472,6132,False,none
INV00001783,327648350,Vallée SCI,FR8736026064746872343098050,443.49,EUR,2025-10-13,2025-10-18,PO569009,U029,CC207,6132,False,none
INV00003320,170999173,Roche Leleu S.A. EURL,FR4842108902851553334264335,25.71,EUR,2025-10-16,2025-10-16,PO282976,U007,CC591,6181,False,none
INV00000446,911914856,Delattre SASU,FR1875409150863218122764579,31.66,EUR,2025-03-22,2025-03-23,PO577555,U015,CC133,6065,False,none
INV00000880,646519398,Chevallier Briand SARL SA,FR8552899316087524377294209,7441.69,EUR,2024-02-09,2024-02-11,PO402262,U002,CC918,6132,False,none
INV00004600,078161849,Guillou Gautier et Fils SA,FR1389325288095701543039117,297.33,EUR,2024-12-08,2024-12-10,PO672875,U013,CC228,6228,False,none
INV00000781,901627204,Jean SASU,FR5443757584419866524041574,1956.23,EUR,2025-04-03,2025-04-07,PO671559,U004,CC581,6065,False,none
INV00001749,327648350,Vallée SCI,FR8736026064746872343098050,286.0,EUR,2024-12-03,2024-12-10,PO203025,U021,CC950,6065,False,none
INV00003622,149864300,Verdier Lecomte S.A.S. SAS,FR1613044881898484160461540,3030.27,EUR,2024-10-21,2024-10-28,PO845269,U003,CC870,6228,False,none
INV00004693,748217594,Morel SARL,FR6653074505444713247546913,778.99,EUR,2025-08-26,2025-08-26,PO938966,U027,CC189,6132,False,none
INV00005032,143866322,Cousin SA S.A.S.,FR2584993231234266980690872,1707.63,EUR,2024-06-03,2024-06-06,PO367054,U026,CC974,6068,True,duplicate_fuzzy
INV00004458,786801128,Bègue et Fils SCI,FR6283673657661565452711116,600.03,EUR,2025-11-08,2025-11-08,PO247558,U028,CC570,6065,False,none
INV00000883,473121727,Besnard Muller S.A.R.L. SASU,FR8896271286391741011947072,1108.02,EUR,2024-08-04,2024-08-08,PO626378,U021,CC887,6065,False,none
INV00003259,675254599,Becker EURL,FR1462137213865890260127961,5202.95,EUR,2024-02-26,2024-03-02,PO595568,U004,CC731,6181,False,none
INV00001091,932525002,Aubry Lelièvre S.A. SA,FR8627423183061789320649693,1316.35,EUR,2024-09-28,2024-10-04,PO840529,U007,CC881,6063,False,none
INV00003137,765277584,Le Gall Lebon SA EURL,FR0519657013290227846997335,1460.51,EUR,2024-08-30,2024-09-06,PO715245,U003,CC184,6135,False,none
INV00000531,034505415,Berthelot SA,FR5814876963938276153966958,2959.19,EUR,2024-01-30,2024-02-02,PO362168,U009,CC863,6132,False,none
INV00002780,505830033,Millet Briand SARL SCI,FR1629060320203265097753967,378.58,EUR,2024-01-28,2024-02-03,PO879715,U029,CC407,6181,False,none
INV00004187,186999386,Duval SAS,FR1461125457387571775140105,1703.06,EUR,2025-07-30,2025-08-04,PO509236,U026,CC134,6061,False,none
INV00003550,148951343,Lucas SAS,FR0358527722170430305486874,3107.89,EUR,2024-12-04,2024-12-07,PO761857,U017,CC704,6135,False,none
INV00004228,706324241,Charpentier S.A.R.L. EURL,FR5896136715778711216636515,1738.64,EUR,2024-01-30,2024-02-05,PO663279,U005,CC592,6132,False,none
INV00002290,079911838,Diallo SARL,FR4339533942104709521456232,210.81,EUR,2025-01-07,2025-01-13,PO579606,U024,CC546,6068,False,none
INV00001727,327104054,Gaillard Hardy et Fils SCI,FR5870562271043318751097921,6946.43,EUR,2024-09-25,2024-10-02,,U023,CC317,6063,False,none
INV00000610,779071416,Barre SA,FR3851584826691362483550542,442.31,EUR,2024-10-21,2024-10-21,PO446297,U025,CC202,6061,False,none
INV00000570,525534192,Pereira et Fils EURL,FR4956670106513338726247317,333.54,EUR,2025-05-16,2025-05-17,PO391983,U020,CC738,6135,False,none
INV00003024,522675289,Alexandre SA,FR7004735047639283199529800,5241.72,EUR,2025-06-01,2025-06-02,PO202075,U007,CC943,6228,False,none
INV00004981,783613407,Laurent Dumas S.A.R.L. SARL,FR3025436172131451951510922,2850.98,EUR,2024-06-08,2024-06-13,PO893554,U018,CC874,6068,False,none
INV00000343,996846081,Bailly Dias SARL EURL,FR2337976627051157942387367,2914.73,EUR,2025-01-23,2025-01-27,,U028,CC720,6061,False,none
INV00003208,438057198,Jacob S.A. SCI,FR9751877941763425073305597,1432.03,EUR,2025-09-06,2025-09-11,PO936225,U023,CC842,6063,False,none
INV00003357,562328588,Meunier SA,FR8621752500743292712966667,1383.13,EUR,2025-05-01,2025-05-05,PO918815,U019,CC486,6068,False,none
INV00000434,527047743,Aubry EURL,FR3775955872096289365435884,259.39,EUR,2025-09-04,2025-09-10,PO416178,U002,CC137,6135,False,none
INV00001903,432445107,Meyer SAS,FR2011179080759579472846392,459.22,EUR,2025-12-07,2025-12-13,PO205032,U009,CC438,6061,False,none
INV00004062,754558845,Ledoux S.A.R.L. SARL,FR1131139500168094149150762,4797.23,EUR,2025-11-06,2025-11-09,,U018,CC568,6135,False,none
INV00002543,547772522,Lefort Mary SARL SCI,FR3903342342583230241026153,1866.96,EUR,2024-05-23,2024-05-24,PO840721,U006,CC446,6068,False,none
INV00002069,369155942,Paul et Fils SCI,FR9212600308356691062715312,1664.33,EUR,2024-12-11,2024-12-14,PO453171,U028,CC730,6065,False,none
INV00001537,662961943,Boulay SASU,FR7091025743263039752450864,278.19,EUR,2025-12-18,2025-12-25,PO138185,U006,CC175,6135,False,none
INV00002404,003791769,Bernier SAS,FR7565277584161692845115447,1118.71,EUR,2025-01-13,2025-01-13,PO218192,U011,CC297,6181,False,none
INV00003209,656272980,Bazin Berger SA SARL,FR4113075626368970283857865,5465.01,EUR,2025-02-08,2025-02-10,PO469720,U018,CC129,6132,False,none
INV00001517,526965827,Lebreton S.A. SA,FR0284964985601256253135525,1026.74,EUR,2024-06-01,2024-06-07,PO523631,U006,CC323,6135,False,none
INV00000965,982620450,Hervé S.A.S. SA,FR9851983273158514936899809,1021.13,EUR,2024-10-07,2024-10-13,PO250029,U000,CC434,6135,False,none
INV00004544,327104054,Gaillard Hardy et Fils SCI,FR5870562271043318751097921,451.64,EUR,2025-01-22,2025-01-27,PO826085,U014,CC233,6063,False,none
INV00000528,375899757,Blanchard SARL,FR2718749603358268627036924,358.57,EUR,2025-07-02,2025-07-02,PO345147,U008,CC760,6063,False,none
INV00000176,880592962,Lemonnier SASU,FR0614770538338848792069804,37.74,EUR,2025-02-27,2025-03-02,PO839883,U012,CC585,6132,False,none
INV00004280,127799799,Jacquet SCI,FR8284631224179749735020802,566.48,EUR,2024-01-30,2024-02-05,PO881783,U001,CC353,6068,False,none
INV00004205,560466183,Rocher et Fils SASU,FR0824972439920116691836264,1173.69,EUR,2025-12-01,2025-12-08,PO374722,U014,CC506,6228,False,none
INV00004909,305548851,Gomes SARL,FR6298011100051553234159597,6977.0,EUR,2025-07-12,2025-07-16,PO908995,U023,CC839,6063,False,none
INV00000572,774348734,Perrot Paul SARL SCI,FR4914384249818299229959001,615.2,EUR,2024-12-06,2024-12-08,PO199346,U019,CC432,6181,False,none
INV00005052,669849027,Martins S.A.R.L. SARL,FR9481187233351040961497315,24847.16,EUR,2024-06-15,2024-06-22,PO383542,U014,CC102,6132,True,under_threshold
INV00004730,142626551,Dijoux SARL,FR3427017130232129833816742,1781.47,EUR,2025-02-12,2025-02-19,PO325672,U022,CC952,6063,False,none
INV00004288,404157473,Mace S.A.R.L. SAS,FR9500159416516231981898471,11161.61,EUR,2024-04-19,2024-04-19,PO653498,U015,CC442,6181,False,none
INV00003877,187851910,Dufour Garcia S.A. SASU,FR2703037236831472760122777,146.21,EUR,2024-02-11,2024-02-12,PO744687,U016,CC612,6228,False,none
INV00002374,143866322,Cousin SA SAS,FR2584993231234266980690872,1080.28,EUR,2025-07-22,2025-07-27,PO806042,U012,CC120,6063,False,none
INV00003431,257905072,Gonzalez Bernard S.A. SAS,FR1739087884434481230834024,334.87,EUR,2025-11-10,2025-11-16,,U008,CC593,6132,False,none
INV00004538,727875588,Gérard SASU,FR9599934768701462638380657,1173.6,EUR,2025-01-26,2025-02-02,PO995521,U000,CC314,6065,False,none
INV00002208,978403690,Couturier SCI,FR8833565880434165182755394,11479.05,EUR,2025-11-26,2025-11-28,PO150063,U018,CC436,6181,False,none
INV00004466,904210202,Neveu SASU,FR7228123567983631462491271,5083.67,EUR,2025-08-18,2025-08-19,PO263183,U024,CC967,6068,False,none
INV00002943,961586578,Rousseau S.A.R.L. SA,FR3662676586179327104054115,3222.32,EUR,2025-12-19,2025-12-22,PO481280,U005,CC629,6181,False,none
INV00000383,148951343,Lucas SAS,FR0358527722170430305486874,162.95,EUR,2025-10-23,2025-10-29,PO351742,U024,CC986,6181,False,none
INV00000852,421689421,Adam Leblanc S.A.R.L. SA,FR8087158415608213711842547,8650.77,EUR,2025-12-06,2025-12-08,PO210793,U029,CC233,6068,False,none
INV00001880,482814893,Chauvet Colas SARL SARL,FR4380443699577738721489513,3031.3,EUR,2024-04-16,2024-04-16,PO479398,U019,CC265,6228,False,none
INV00000370,375564641,Laroche S.A.S. SA,FR1830165712082677345401938,244.17,EUR,2024-05-18,2024-05-25,PO975355,U008,CC865,6135,False,none
INV00002535,518233749,Martinez SAS,FR9547735866296194311426265,74.56,EUR,2024-02-03,2024-02-03,PO562991,U003,CC127,6228,False,none
INV00003282,167014508,Pires EURL,FR6708031499825080046358068,519.66,EUR,2025-06-27,2025-06-28,PO660502,U021,CC204,6061,False,none
INV00004460,909275326,Guillou Jacquet SARL SASU,FR2644630600025895529638639,732.66,EUR,2025-09-07,2025-09-12,PO295510,U028,CC726,6132,False,none
INV00001105,187851910,Dufour Garcia S.A. SASU,FR2703037236831472760122777,1272.65,EUR,2025-10-11,2025-10-11,PO141779,U003,CC988,6228,False,none
INV00004764,527858549,Roussel EURL,FR3635785294563718344049639,165.78,EUR,2025-07-16,2025-07-16,PO559592,U016,CC259,6132,False,none
INV00002361,086353654,Rémy SAS,FR9096443098591679541072728,7895.75,EUR,2025-10-14,2025-10-21,PO559318,U005,CC674,6135,False,none
INV00004151,294019655,Garnier SA,FR9019986798079359782071518,1686.26,EUR,2024-09-13,2024-09-19,PO616376,U002,CC594,6061,False,none
INV00001336,728080100,Olivier Rossi S.A.R.L. SASU,FR3655963099384253042897317,2221.53,EUR,2025-01-27,2025-02-01,PO400798,U020,CC848,6065,False,none
INV00002189,779071416,Barre SA,FR3851584826691362483550542,5195.49,EUR,2025-12-13,2025-12-17,PO731890,U002,CC745,6181,False,none
INV00004895,786801128,Bègue et Fils SCI,FR6283673657661565452711116,3537.8,EUR,2025-09-16,2025-09-19,PO737819,U027,CC593,6181,False,none
INV00002978,527177449,De Oliveira SCI,FR1475705120461872346013673,6178.57,EUR,2024-01-11,2024-01-15,,U001,CC172,6181,False,none
INV00003616,478985625,Philippe et Fils SA,FR2858929880858382521293289,1609.21,EUR,2025-03-30,2025-03-30,PO231450,U009,CC582,6181,False,none
INV00003128,926442209,Regnier SAS,FR1328634255638300081867024,858.45,EUR,2024-12-09,2024-12-09,PO790641,U015,CC969,6228,False,none
INV00004998,382997376,Benard EURL,FR4374443135182337498941343,23827.11,EUR,2024-01-18,2024-01-18,PO136618,U014,CC314,6135,False,none
INV00001171,202970213,Bonnet SCI,FR5879290490471281442944401,1703.86,EUR,2025-05-02,2025-05-04,PO213992,U024,CC337,6068,False,none
INV00002767,663193149,Ramos SCI,FR4364039106518017046226567,9015.76,EUR,2024-10-18,2024-10-18,PO226642,U022,CC661,6181,False,none
INV00002876,896118367,Imbert EURL,FR9114141397552314913577594,997.4,EUR,2024-10-06,2024-10-13,PO635856,U019,CC523,6068,False,none
INV00001422,532931839,Cousin SARL,FR4322698485833394522885158,948.06,EUR,2025-01-22,2025-01-23,PO485999,U016,CC948,6065,False,none
INV00002497,863794026,Leconte Da Costa et Fils SCI,FR7019283276483503056413953,643.8,EUR,2024-07-26,2024-07-29,PO205361,U022,CC847,6181,False,none
INV00002829,551884422,Buisson et Fils SCI,FR0377661830671985546015851,5550.23,EUR,2025-04-22,2025-04-23,PO280510,U008,CC581,6181,False,none
INV00004287,688680589,Diallo SASU,FR7917647501111783099974192,1910.63,EUR,2025-07-30,2025-08-02,PO124040,U025,CC452,6065,False,none
INV00001464,423536937,Delorme EURL,FR0759465217073033793375636,1087.53,EUR,2024-02-09,2024-02-12,PO850369,U020,CC196,6228,False,none
INV00000874,303911718,Besnard SA,FR0743455812236231665876036,1189.66,EUR,2025-07-27,2025-08-02,PO880523,U002,CC298,6181,False,none
INV00002297,688680589,Diallo SASU,FR7917647501111783099974192,732.16,EUR,2025-11-24,2025-12-01,PO901378,U023,CC817,6061,False,none
INV00002480,089899217,Le Gall EURL,FR6323361328507251786376731,3605.71,EUR,2025-06-30,2025-07-06,PO997503,U004,CC382,6063,False,none
INV00004477,669096705,Roux SAS,FR0683584168784991216558523,2384.36,EUR,2025-07-17,2025-07-23,PO239944,U002,CC365,6063,False,none
INV00001251,505830033,Millet Briand SARL SCI,FR1629060320203265097753967,381.72,EUR,2024-05-23,2024-05-27,PO208055,U002,CC849,6135,False,none
INV00002505,869261796,Bodin Lelièvre S.A.R.L. SCI,FR7421753540838663177971775,720.05,EUR,2025-04-19,2025-04-24,PO840471,U003,CC123,6228,False,none
INV00000840,800439735,Breton Durand SA SA,FR5358752568065625904599080,2268.94,EUR,2025-12-10,2025-12-14,PO462623,U012,CC181,6135,False,none
INV00004124,599293784,Hervé SARL SCI,FR4773244913421388209088307,301.33,EUR,2024-10-22,2024-10-27,PO392964,U002,CC595,6181,False,none
INV00000581,375265479,Chartier SASU,FR8312871539915668633414111,6253.88,EUR,2025-11-02,2025-11-07,PO760374,U000,CC166,6228,False,none
INV00000204,587717535,Maréchal SA,FR7596399076769915078593110,5552.57,EUR,2024-09-14,2024-09-17,PO236878,U000,CC276,6061,False,none
INV00001641,062962015,Breton SA EURL,FR4128767548138666754858193,205.14,EUR,2024-07-30,2024-08-03,PO509568,U008,CC264,6228,False,none
INV00002014,532787747,Faivre SASU,FR2129751702814069375150939,186.67,EUR,2025-04-17,2025-04-23,PO736415,U014,CC903,6061,False,none
INV00000905,706324241,Charpentier S.A.R.L. EURL,FR5896136715778711216636515,2285.61,EUR,2025-11-23,2025-11-27,,U020,CC772,6228,False,none
INV00000631,079911838,Diallo SARL,FR4339533942104709521456232,1050.05,EUR,2025-08-05,2025-08-10,PO851583,U006,CC968,6068,False,none
INV00003307,685160481,Pruvost S.A.S. SCI,FR0715064890901001676184723,160.43,EUR,2024-02-18,2024-02-25,PO549621,U014,CC129,6228,False,none
INV00001974,202970213,Bonnet SCI,FR5879290490471281442944401,1310.13,EUR,2024-03-21,2024-03-27,PO658146,U001,CC572,6135,False,none
INV00000162,484219933,Meunier Gautier S.A. SASU,FR3347649078515867342575409,5670.2,EUR,2025-05-03,2025-05-03,PO695748,U015,CC821,6135,False,none
INV00004334,304637454,Boulanger SA SA,FR9197592304501896164236103,4524.53,EUR,2025-12-15,2025-12-20,PO791002,U027,CC600,6063,False,none
INV00004533,522675289,Alexandre SA,FR7004735047639283199529800,1016.6,EUR,2024-02-23,2024-02-23,,U026,CC645,6063,False,none
INV00005030,675254599,Becker E.U.R.L.,FR1462137213865890260127961,635.47,EUR,2025-12-09,2025-12-16,PO931106,U023,CC750,6132,True,duplicate_fuzzy
INV00000617,165726284,Gaudin Charpentier S.A. EURL,FR6595995342836440892687056,3892.95,EUR,2024-10-23,2024-10-30,PO415986,U026,CC789,6228,False,none
INV00000875,374741124,Hervé Sanchez S.A.S. SA,FR2338984690819740056435023,10936.1,EUR,2025-11-11,2025-11-12,PO757343,U021,CC657,6228,False,none
INV00001431,259526949,Carre Picard S.A.S. SASU,FR3113875927125663836151718,3446.4,EUR,2025-06-02,2025-06-04,PO603500,U017,CC711,6132,False,none
INV00000547,776945314,Neveu SASU,FR6070866882634351751830469,1931.09,EUR,2024-07-09,2024-07-12,PO957626,U022,CC780,6228,False,none
INV00003802,773592555,Lacombe EURL,FR6784795137116241124127238,1925.47,EUR,2025-12-12,2025-12-14,PO931712,U017,CC149,6135,False,none
INV00004687,852772217,Leclerc S.A.S. SA,FR9185424932149587020701601,1268.26,EUR,2024-06-02,2024-06-07,PO174039,U015,CC472,6061,False,none
INV00004356,432830965,Guibert SCI,FR2664347452455574696606065,3033.39,EUR,2025-06-06,2025-06-07,PO295399,U023,CC884,6181,False,none
INV00004914,795687833,Fischer SAS,FR7559779452321941680061027,5469.7,EUR,2024-12-26,2024-12-26,PO395112,U022,CC208,6135,False,none
INV00002846,060715969,Huet SCI,FR8166322702672885744890612,6059.0,EUR,2024-11-18,2024-11-18,PO194396,U011,CC643,6065,False,none
INV00002643,662782827,Bertrand Rodriguez S.A. SASU,FR0484855716176880294240903,209.8,EUR,2024-06-13,2024-06-14,PO411358,U028,CC810,6063,False,none
INV00004210,003791769,Bernier SAS,FR7565277584161692845115447,893.19,EUR,2024-07-30,2024-08-03,PO186192,U008,CC909,6132,False,none
INV00001861,721811437,Lebrun Boutin S.A. SCI,FR8889218785193583749079779,9781.07,EUR,2025-03-18,2025-03-23,PO196967,U009,CC303,6228,False,none
INV00000640,805310033,Daniel SARL SARL,FR8988728743152742054932966,8211.83,EUR,2025-11-23,2025-11-29,PO757428,U023,CC513,6068,False,none
INV00003193,462638380,Bazin SARL,FR7716420595565749025042901,25077.59,EUR,2025-01-28,2025-02-03,PO662518,U021,CC942,6181,False,none
INV00000637,299228092,Reynaud Bègue SA SARL,FR0826351004627765725659202,681.06,EUR,2024-06-14,2024-06-16,PO943430,U023,CC300,6061,False,none
INV00003755,434266179,Klein SCI,FR8533305912662015720185962,199.43,EUR,2024-06-29,2024-07-05,PO227469,U015,CC493,6063,False,none
INV00003694,434266179,Klein SCI,FR8533305912662015720185962,113.16,EUR,2025-07-25,2025-08-01,PO135279,U018,CC670,6181,False,none
INV00002308,060385050,Boutin S.A. SAS,FR6828723244079311029181331,104.26,EUR,2025-05-02,2025-05-08,PO419304,U002,CC882,6228,False,none
INV00003289,218501631,Vasseur SA SCI,FR3822068155839386613315520,574.88,EUR,2025-05-04,2025-05-05,PO617736,U011,CC293,6065,False,none
INV00002096,567982507,Delahaye EURL,FR7667146283143598926256609,1355.94,EUR,2024-09-06,2024-09-09,,U012,CC723,6065,False,none
INV00002788,533963605,Laporte EURL,FR0993213348039652239559059,9336.4,EUR,2024-12-29,2025-01-03,PO271825,U026,CC504,6228,False,none
INV00004442,886101581,Thomas Richard S.A.S. SASU,FR5457666567491601692364587,26.37,EUR,2025-05-15,2025-05-22,PO350355,U011,CC984,6135,False,none
INV00004618,616928451,Lemaître S.A.S. SCI,FR6208514036965666683272386,788.28,EUR,2025-07-23,2025-07-25,PO342647,U016,CC181,6063,False,none
INV00003932,754558845,Ledoux S.A.R.L. SARL,FR1131139500168094149150762,1278.71,EUR,2024-03-19,2024-03-21,PO571346,U020,CC406,6068,False,none
INV00000921,187026217,Hoareau Le Gall et Fils EURL,FR7442209690295939172513552,1225.2,EUR,2025-09-15,2025-09-18,PO596744,U016,CC460,6135,False,none
INV00000546,259526949,Carre Picard S.A.S. SASU,FR3113875927125663836151718,1594.09,EUR,2025-11-23,2025-11-29,PO172103,U012,CC986,6068,False,none
INV00003916,254629148,Rey Boucher SARL SCI,FR8996931572791940961055661,491.7,EUR,2024-09-01,2024-09-08,PO674683,U027,CC204,6065,False,none
INV00001900,218515691,Collet SCI,FR5331467536127515627796304,2446.04,EUR,2025-08-19,2025-08-25,PO949206,U029,CC550,6132,False,none
INV00002028,058651850,Bernard Boulay SA SASU,FR7178686337524310690331190,2320.96,EUR,2024-04-17,2024-04-17,PO118939,U023,CC150,6063,False,none
INV00002301,375564641,Laroche S.A.S. SA,FR1830165712082677345401938,442.19,EUR,2024-06-09,2024-06-16,PO828543,U003,CC460,6181,False,none
INV00001885,988516560,Laroche S.A. SARL,FR6656770051844989266591846,17856.09,EUR,2025-05-30,2025-05-30,PO746066,U011,CC515,6228,False,none
INV00001642,931746120,Fournier Charpentier SARL SA,FR2156110022557941552166746,548.12,EUR,2025-03-05,2025-03-08,PO503263,U007,CC664,6065,False,none
INV00003747,668516122,Roy Bouvet S.A.S. SASU,FR4449939089261371504165915,131.24,EUR,2024-02-08,2024-02-09,PO987187,U018,CC570,6068,False,none
INV00004958,887676772,Germain EURL,FR4284269450053424089164983,106.65,EUR,2024-05-12,2024-05-12,PO975356,U017,CC103,6181,False,none
INV00002097,886101581,Thomas Richard S.A.S. SASU,FR5457666567491601692364587,126.45,EUR,2025-08-29,2025-09-05,PO942746,U016,CC382,6135,False,none
INV00004821,413836702,Gonzalez EURL,FR3938497916202232883774419,3257.8,EUR,2024-12-18,2024-12-19,PO923581,U025,CC360,6061,False,none
INV00003804,268117758,Gonzalez Dijoux SA SARL,FR7582688615335554398780157,570.55,EUR,2024-03-25,2024-03-25,PO992163,U022,CC413,6228,False,none
INV00004635,680876038,Neveu S.A. SARL,FR5802758842524105648149177,4516.92,EUR,2024-04-26,2024-04-26,PO758773,U015,CC187,6065,False,none
INV00005118,106678845,Goncalves Peltier S.A. EURL,FR2202453012398472303420284,43934.74,EUR,2025-02-05,2025-02-07,PO490188,U023,CC403,6063,True,shared_iban_ring
INV00000836,869222196,Ollivier Ribeiro SA SAS,FR7808989921722332061632945,2496.67,EUR,2024-02-23,2024-03-01,,U008,CC531,6063,False,none
INV00000601,807374167,Auger Lacroix et Fils SCI,FR8530276420865675661844386,51791.2,EUR,2024-12-18,2024-12-24,PO868650,U013,CC274,6065,False,none
INV00002184,779071416,Barre SA,FR3851584826691362483550542,1498.37,EUR,2025-05-21,2025-05-27,PO750436,U012,CC573,6228,False,none
INV00004108,315410067,Gosselin S.A.R.L. SAS,FR0264520599604387875357788,956.24,EUR,2024-11-02,2024-11-07,,U013,CC544,6181,False,none
INV00002647,725217525,Gay et Fils SASU,FR6831670450232902822700934,160.97,EUR,2024-12-30,2025-01-05,,U028,CC137,6068,False,none
INV00004443,462638380,Bazin SARL,FR7716420595565749025042901,3752.06,EUR,2024-06-01,2024-06-05,PO346621,U011,CC495,6228,False,none
INV00001582,524310690,Benoit EURL,FR8615869886497677622827728,2530.19,EUR,2025-05-02,2025-05-08,PO888019,U018,CC988,6065,False,none
INV00004402,527047743,Aubry EURL,FR3775955872096289365435884,73.93,EUR,2024-11-14,2024-11-21,PO727916,U006,CC929,6065,False,none
INV00002702,904210202,Neveu SASU,FR7228123567983631462491271,3631.05,EUR,2025-05-01,2025-05-07,,U003,CC352,6132,False,none
INV00004481,187851910,Dufour Garcia S.A. SASU,FR2703037236831472760122777,243.48,EUR,2024-04-02,2024-04-08,PO942655,U000,CC243,6135,False,none
INV00001070,294019655,Garnier SA,FR9019986798079359782071518,12134.56,EUR,2024-09-01,2024-09-05,PO773518,U028,CC985,6068,False,none
INV00001775,746807154,Briand EURL,FR2461889241418328569146303,2675.9,EUR,2024-03-30,2024-04-04,PO615171,U025,CC848,6228,False,none
INV00004957,165726284,Gaudin Charpentier S.A. EURL,FR6595995342836440892687056,463.57,EUR,2024-07-22,2024-07-25,PO979810,U013,CC182,6063,False,none
INV00001283,177739260,Lemonnier Reynaud S.A.R.L. SA,FR7784466345337220109121722,831.17,EUR,2024-07-07,2024-07-12,PO840618,U004,CC165,6135,False,none
INV00003260,569092755,Le Goff SA SA,FR3492766372395041027674783,277.66,EUR,2024-01-19,2024-01-21,PO622732,U002,CC341,6228,False,none
INV00003499,097289623,Loiseau SCI,FR9611877347784858800616756,1580.43,EUR,2024-07-18,2024-07-20,PO936896,U011,CC692,6068,False,none
INV00004902,267736026,Verdier SAS,FR1827874296717565512567468,2808.17,EUR,2025-04-23,2025-04-26,,U026,CC482,6132,False,none
INV00001836,375265479,Chartier SASU,FR8312871539915668633414111,1136.87,EUR,2025-08-19,2025-08-21,PO679596,U014,CC453,6061,False,none
INV00004376,594013990,Toussaint EURL,FR2536110371293870051627136,295.46,EUR,2025-04-27,2025-04-28,PO555494,U011,CC297,6132,False,none
INV00001019,527177449,De Oliveira SCI,FR1475705120461872346013673,1382.45,EUR,2025-09-01,2025-09-05,,U020,CC890,6068,False,none
INV00003425,165667010,Diaz Chrétien S.A.R.L. SARL,FR6109477752047116719022941,77.1,EUR,2025-10-30,2025-10-30,PO187484,U020,CC614,6135,False,none
INV00001326,786103579,Delattre SARL SA,FR1881980770460568761124912,517.16,EUR,2024-07-07,2024-07-09,PO362985,U029,CC279,6135,False,none
INV00000475,565574313,Bouvet SA SA,FR5259025176298334774332683,739.63,EUR,2025-09-04,2025-09-08,PO842133,U014,CC379,6068,False,none
INV00003683,663177971,Daniel Descamps et Fils SCI,FR3107139848228501168809255,893.88,EUR,2024-08-12,2024-08-16,PO330434,U024,CC787,6061,False,none
INV00001651,803397401,Michaud SARL,FR7526329676291603248413768,1683.26,EUR,2025-10-26,2025-10-29,PO689756,U000,CC806,6063,False,none
INV00004790,235116155,Guillon SA,FR5453287101226916697848018,559.39,EUR,2025-10-05,2025-10-06,PO494493,U027,CC450,6068,False,none
INV00004421,418328569,Lagarde SARL,FR4663213580040104145964229,25.52,EUR,2025-11-03,2025-11-06,PO782056,U002,CC599,6068,False,none
INV00004692,155216674,Hardy SARL SCI,FR9490805120800564099512397,947.15,EUR,2025-06-18,2025-06-24,PO246478,U009,CC524,6181,False,none
INV00002642,229612018,Lacombe et Fils SARL,FR0309818063565126944869594,9535.31,EUR,2024-01-13,2024-01-15,PO506532,U024,CC339,6181,False,none
INV00002757,267736026,Verdier SAS,FR1827874296717565512567468,6797.8,EUR,2025-09-09,2025-09-14,PO154351,U012,CC342,6061,False,none
INV00001373,001338908,Henry EURL,FR6461559407816184959310341,4991.07,EUR,2025-09-05,2025-09-11,PO344397,U006,CC151,6063,False,none
INV00000739,341036971,Georges SA,FR1814586833901981794695489,275.07,EUR,2025-04-07,2025-04-09,PO856383,U025,CC904,6228,False,none
INV00003864,074329271,Goncalves SA SARL,FR8234654950050702608698221,738.17,EUR,2024-11-21,2024-11-22,PO265204,U018,CC486,6065,False,none
INV00002743,478985625,Philippe et Fils SA,FR2858929880858382521293289,1495.78,EUR,2024-12-12,2024-12-18,PO630148,U023,CC719,6228,False,none
INV00000867,569961125,Sanchez SCI,FR3984449029502648016440373,695.3,EUR,2024-03-27,2024-03-31,PO279018,U021,CC878,6061,False,none
INV00001140,235116155,Guillon SA,FR5453287101226916697848018,1076.5,EUR,2024-04-12,2024-04-18,PO593050,U027,CC494,6063,False,none
INV00000997,535218188,Ruiz SA,FR9334722820055778487282997,1722.91,EUR,2024-02-17,2024-02-24,PO637756,U021,CC895,6063,False,none
INV00001337,267288574,Dijoux Seguin S.A. SARL,FR2495382804056129965082695,741.43,EUR,2024-08-31,2024-09-06,PO268104,U011,CC857,6061,False,none
INV00000541,974801624,François EURL,FR9661064628792326487049478,427.56,EUR,2024-10-26,2024-10-29,PO166803,U017,CC495,6068,False,none
INV00001099,928565431,Pereira S.A.S. SARL,FR1856945441496739385258001,857.81,EUR,2025-04-18,2025-04-19,PO524121,U025,CC926,6061,False,none
INV00001132,478985625,Philippe et Fils SA,FR2858929880858382521293289,473.9,EUR,2025-04-08,2025-04-09,PO784829,U013,CC528,6181,False,none
INV00005002,121003236,Klein Dumont S.A.S. EURL,FR6871114837537458438458810,451.56,EUR,2025-07-05,2025-07-11,PO264748,U028,CC680,6068,True,duplicate_exact
INV00004327,728326842,Chevallier Lenoir et Fils SARL,FR3381228217819236534606056,6207.95,EUR,2024-10-09,2024-10-09,PO846382,U004,CC779,6065,False,none
INV00002258,308488725,Brun Rousseau S.A.R.L. SASU,FR1123959473721329016204787,1371.63,EUR,2025-05-18,2025-05-25,PO708290,U029,CC438,6061,False,none
INV00004673,547812914,Poulain EURL,FR3972239898306503121980418,203.41,EUR,2025-02-20,2025-02-21,PO601229,U022,CC601,6132,False,none
INV00000059,711382675,Arnaud SA,FR1865902771670145089935889,1080.39,EUR,2024-05-06,2024-05-12,PO513477,U004,CC235,6135,False,none
INV00003227,473647102,Jacob SARL SCI,FR8290552818325381793355486,1058.19,EUR,2024-05-20,2024-05-23,PO484059,U001,CC979,6065,False,none
INV00001938,474517123,Moreau Labbé SA SAS,FR7233542168942104478985625,2176.35,EUR,2024-04-01,2024-04-04,PO892189,U019,CC755,6065,False,none
INV00002750,423536937,Delorme EURL,FR0759465217073033793375636,362.91,EUR,2024-04-11,2024-04-15,PO861695,U022,CC908,6061,False,none
INV00005087,669849027,Martins S.A.R.L. SARL,FR9481187233351040961497315,988.33,EUR,2024-06-15,2024-06-22,PO383542,U014,CC102,6132,True,under_threshold
INV00001078,799371240,Hoareau SCI,FR3905510762091843579786305,671.96,EUR,2024-05-26,2024-05-28,PO438680,U011,CC677,6181,False,none
INV00003116,527177449,De Oliveira SCI,FR1475705120461872346013673,2354.98,EUR,2025-12-24,2025-12-26,,U028,CC895,6228,False,none
INV00004049,270866882,Mary Gros SARL SA,FR2428914161284639855474355,1222.94,EUR,2025-07-24,2025-07-28,PO434416,U018,CC288,6068,False,none
INV00002654,315410067,Gosselin S.A.R.L. SAS,FR0264520599604387875357788,2530.23,EUR,2024-10-24,2024-10-31,PO125239,U023,CC964,6135,False,none
INV00000940,451983273,Buisson et Fils SASU,FR2432225913651777392603029,2644.32,EUR,2024-04-05,2024-04-10,PO330987,U014,CC830,6132,False,none
INV00001080,349361832,Henry SCI,FR7934074517133959629233095,360.34,EUR,2024-03-20,2024-03-21,PO475394,U009,CC266,6228,False,none
INV00000187,100167618,Chartier Costa et Fils SARL,FR6360144485645101739739641,1945.34,EUR,2025-01-31,2025-02-06,PO800007,U024,CC888,6135,False,none
INV00002813,544964759,Sanchez Garcia S.A. SA,FR4717982134862985797363831,125.87,EUR,2024-09-27,2024-10-01,PO206356,U004,CC203,6065,False,none
INV00002085,539621851,Leclercq Rémy SARL SASU,FR0977027278576084958803955,509.96,EUR,2024-10-19,2024-10-21,,U018,CC854,6181,False,none
INV00002249,232719374,Jacob SASU,FR1774549904530174268414593,249.62,EUR,2024-11-05,2024-11-12,PO144002,U007,CC813,6135,False,none
INV00004580,435346247,Jacques SA,FR0607482175946474367136959,3305.87,EUR,2024-11-05,2024-11-12,PO864241,U026,CC258,6135,False,none
INV00005041,669849027,Martins S.A.R.L. SARL,FR9481187233351040961497315,24735.09,EUR,2024-06-15,2024-06-22,PO383542,U014,CC102,6132,True,under_threshold
INV00002023,676320163,Marchal SCI,FR8220297021355690927557192,147.17,EUR,2024-09-11,2024-09-13,PO738112,U022,CC706,6181,False,none
INV00003142,870021765,Leclerc EURL,FR2634672994938743027169385,4883.44,EUR,2024-09-02,2024-09-03,PO522491,U015,CC683,6063,False,none
INV00001492,168784991,Klein SA,FR2518321928554451895202845,1242.36,EUR,2025-04-23,2025-04-25,PO195407,U022,CC601,6135,False,none
INV00003852,462638380,Bazin SARL,FR7716420595565749025042901,1011.92,EUR,2025-03-26,2025-04-01,PO539611,U017,CC811,6135,False,none
INV00000226,748217594,Morel SARL,FR6653074505444713247546913,912.56,EUR,2024-11-09,2024-11-09,PO216506,U027,CC576,6228,False,none
INV00003529,788191485,Royer S.A. SASU,FR9390018513279724572308481,717.14,EUR,2025-12-19,2025-12-19,PO207980,U016,CC499,6068,False,none
INV00001929,034505415,Berthelot SA,FR5814876963938276153966958,1529.3,EUR,2024-05-02,2024-05-08,PO916872,U029,CC571,6181,False,none
INV00004473,544948126,Lacroix Hubert SA SAS,FR3221260650191792025213109,9734.68,EUR,2024-05-08,2024-05-12,,U026,CC980,6063,False,none
INV00004630,599293784,Hervé SARL SCI,FR4773244913421388209088307,5076.91,EUR,2024-02-26,2024-02-26,PO319773,U026,CC338,6228,False,none
INV00001404,155216674,Hardy SARL SCI,FR9490805120800564099512397,920.37,EUR,2024-02-24,2024-02-29,PO662361,U006,CC943,6068,False,none
INV00002179,656482366,Lelièvre SA,FR6535977468862392407581814,2475.92,EUR,2025-10-05,2025-10-11,PO380670,U002,CC179,6135,False,none
INV00000697,807374167,Auger Lacroix et Fils SCI,FR8530276420865675661844386,580.6,EUR,2024-09-19,2024-09-23,PO342669,U007,CC444,6181,False,none
INV00001124,927065379,Mercier S.A.R.L. SAS,FR1845104636815798123878003,799.07,EUR,2025-07-19,2025-07-26,,U019,CC698,6065,False,none
INV00002986,484086211,Aubert SASU,FR3292840445669078263337389,5859.27,EUR,2025-10-06,2025-10-07,PO669948,U012,CC160,6063,False,none
INV00003505,594013990,Toussaint EURL,FR2536110371293870051627136,1285.69,EUR,2025-12-20,2025-12-27,PO744335,U007,CC542,6181,False,none
INV00001778,532931839,Cousin SARL,FR4322698485833394522885158,277.46,EUR,2024-05-14,2024-05-14,PO836959,U018,CC657,6181,False,none
INV00004802,902787429,Muller Laporte S.A.S. SA,FR3892753269731121965652341,3877.03,EUR,2024-01-28,2024-01-28,PO894252,U002,CC510,6228,False,none
INV00001037,691373678,Pereira S.A.R.L. SA,FR9831942268653694551588863,237.79,EUR,2024-04-25,2024-04-29,PO744979,U028,CC480,6065,False,none
INV00004307,978403690,Couturier SCI,FR8833565880434165182755394,1442.38,EUR,2025-08-30,2025-08-30,PO130777,U014,CC711,6063,False,none
INV00002256,327104054,Gaillard Hardy et Fils SCI,FR5870562271043318751097921,2206.54,EUR,2024-10-09,2024-10-15,PO301701,U029,CC299,6061,False,none
INV00000313,259526949,Carre Picard S.A.S. SASU,FR3113875927125663836151718,615.27,EUR,2024-07-01,2024-07-05,PO496149,U019,CC792,6135,False,none
INV00002281,014388899,Menard SARL SARL,FR1284872975859883103032432,1643.6,EUR,2024-02-04,2024-02-07,PO218245,U009,CC850,6228,False,none
INV00002547,109324808,Thibault EURL,FR0449375973832060385050641,295.66,EUR,2025-12-28,2025-12-28,PO918069,U011,CC896,6068,False,none
INV00001416,903521356,Joseph SCI,FR8891872401078356743000389,1868.1,EUR,2024-03-03,2024-03-04,PO570284,U005,CC218,6132,False,none
INV00001036,493759738,Faivre S.A. SASU,FR8443985298940626078701041,1863.83,EUR,2024-12-22,2024-12-28,PO411166,U003,CC545,6132,False,none
INV00002159,064317139,Auger Maillot SA SA,FR4860917798270808697829221,305.85,EUR,2024-09-08,2024-09-11,PO732700,U019,CC278,6061,False,none
INV00004295,432445107,Meyer SAS,FR2011179080759579472846392,1301.48,EUR,2025-10-29,2025-10-29,PO577174,U016,CC309,6132,False,none
INV00001754,799088117,Pages SAS,FR0391122528837505661863239,1600.56,EUR,2025-04-28,2025-04-28,PO900329,U012,CC615,6068,False,none
INV00003693,099861622,Marie EURL,FR6426861205943897607401775,120.47,EUR,2024-05-20,2024-05-21,PO328075,U018,CC230,6228,False,none
INV00004008,562718750,Chauvin Laporte S.A.R.L. SASU,FR2809263223998213745561140,3130.77,EUR,2025-10-05,2025-10-11,PO315769,U001,CC534,6181,False,none
INV00002880,908740640,Andre SARL EURL,FR8719318374550842891077119,932.89,EUR,2025-01-22,2025-01-24,PO650290,U015,CC732,6068,False,none
INV00002520,315869232,Arnaud S.A. SAS,FR4661201836675254599102290,27122.49,EUR,2025-04-15,2025-04-18,PO148675,U026,CC764,6132,False,none
INV00003427,060385050,Boutin S.A. SAS,FR6828723244079311029181331,4185.57,EUR,2024-09-05,2024-09-10,PO241072,U007,CC627,6228,False,none
INV00004207,980893246,Leclercq EURL,FR9610713966055830344144885,2799.55,EUR,2025-02-06,2025-02-13,,U021,CC232,6061,False,none
INV00003665,728080100,Olivier Rossi S.A.R.L. SASU,FR3655963099384253042897317,553.05,EUR,2025-09-29,2025-10-01,PO112615,U015,CC259,6228,False,none
INV00001506,474367136,Giraud S.A. EURL,FR8430307053457861035797279,8045.26,EUR,2025-01-21,2025-01-21,,U010,CC739,6132,False,none
INV00001923,800439735,Breton Durand SA SA,FR5358752568065625904599080,401.72,EUR,2024-01-13,2024-01-15,PO498720,U018,CC187,6132,False,none
INV00000448,688937346,Seguin Buisson S.A. EURL,FR8795269495888794705516940,4114.72,EUR,2025-04-24,2025-04-24,PO223461,U011,CC412,6135,False,none
INV00003716,160648422,Brunet Dos Santos S.A.S. SASU,FR1956608470681039033970519,518.29,EUR,2024-03-19,2024-03-25,PO572824,U011,CC339,6063,False,none
INV00004701,149864300,Verdier Lecomte S.A.S. SAS,FR1613044881898484160461540,1071.47,EUR,2025-05-07,2025-05-13,PO359462,U021,CC308,6135,False,none
INV00005120,407110729,Lombard SASU,FR5240507648717754619924065,19993.4,EUR,2025-10-05,2025-10-11,PO380670,U002,CC179,6135,True,shared_iban_ring
INV00003961,379660334,Marty et Fils SASU,FR9565016731882617024376545,422.5,EUR,2025-08-03,2025-08-08,PO587844,U029,CC806,6228,False,none
INV00000361,144914766,Pascal SASU,FR2671296180332426050801849,2783.28,EUR,2025-04-03,2025-04-06,PO964119,U009,CC844,6068,False,none
INV00002183,676320163,Marchal SCI,FR8220297021355690927557192,2471.21,EUR,2025-02-15,2025-02-17,PO194167,U004,CC414,6063,False,none
INV00001134,376137918,Leduc SARL,FR9415847768634234619942376,299.92,EUR,2025-10-11,2025-10-11,PO362081,U005,CC682,6228,False,none
INV00004119,691373678,Pereira S.A.R.L. SA,FR9831942268653694551588863,35.42,EUR,2024-12-28,2024-12-30,PO865160,U006,CC391,6228,False,none
INV00002155,991241904,Bazin Faivre S.A.S. SAS,FR6918785191088398225871397,342.24,EUR,2025-01-16,2025-01-19,PO462663,U011,CC826,6065,False,none
INV00001830,005162713,De Oliveira Grenier S.A.S. EURL,FR0629635339055044817766558,216.73,EUR,2025-12-06,2025-12-08,PO991648,U022,CC327,6181,False,none
INV00001053,887676772,Germain EURL,FR4284269450053424089164983,3546.98,EUR,2024-02-08,2024-02-14,PO286659,U000,CC986,6135,False,none
INV00002460,795687833,Fischer SAS,FR7559779452321941680061027,137.84,EUR,2025-02-12,2025-02-13,,U004,CC373,6061,False,none
INV00000022,413836702,Gonzalez EURL,FR3938497916202232883774419,800.02,EUR,2024-05-03,2024-05-04,PO769536,U009,CC303,6135,False,none
INV00002066,267736026,Verdier SAS,FR1827874296717565512567468,4427.31,EUR,2025-03-18,2025-03-21,PO910403,U023,CC112,6068,False,none
INV00001653,774348734,Perrot Paul SARL SCI,FR4914384249818299229959001,810.36,EUR,2025-10-26,2025-11-02,PO331454,U023,CC319,6068,False,none
INV00004130,776945314,Neveu SASU,FR6070866882634351751830469,176.73,EUR,2024-05-31,2024-06-05,PO461518,U029,CC189,6068,False,none
INV00003454,513542784,Pascal SAS,FR6316048175496513709859317,2244.34,EUR,2024-06-24,2024-06-27,PO190032,U024,CC854,6135,False,none
INV00002988,375564641,Laroche S.A.S. SA,FR1830165712082677345401938,1364.28,EUR,2024-03-17,2024-03-18,PO424468,U029,CC967,6061,False,none
INV00004197,676320163,Marchal SCI,FR8220297021355690927557192,217.86,EUR,2024-10-18,2024-10-19,PO656692,U004,CC333,6063,False,none
INV00002468,928565431,Pereira S.A.S. SARL,FR1856945441496739385258001,380.67,EUR,2025-05-08,2025-05-14,PO133247,U001,CC575,6065,False,none
INV00002325,149864300,Verdier Lecomte S.A.S. SAS,FR1613044881898484160461540,2124.03,EUR,2024-07-17,2024-07-17,PO656604,U015,CC265,6181,False,none
INV00000460,970283857,Gillet SASU,FR4365565033349114152085076,275.69,EUR,2025-02-13,2025-02-13,PO289276,U013,CC124,6135,False,none
INV00001067,826137506,Dijoux SA EURL,FR6670388608680347644726490,1593.14,EUR,2025-11-22,2025-11-26,PO223432,U010,CC577,6063,False,none
INV00000087,727875588,Gérard SASU,FR9599934768701462638380657,323.75,EUR,2024-08-22,2024-08-28,PO244192,U005,CC297,6068,False,none
INV00001430,800439735,Breton Durand SA SA,FR5358752568065625904599080,1864.56,EUR,2025-08-14,2025-08-21,PO507446,U023,CC435,6228,False,none
INV00002833,693801184,Delannoy EURL,FR2388995729893762974549303,1879.85,EUR,2024-03-26,2024-03-30,,U025,CC968,6068,False,none
INV00000282,773592555,Lacombe EURL,FR6784795137116241124127238,1421.87,EUR,2025-12-11,2025-12-13,PO262062,U016,CC326,6068,False,none
INV00002483,975001701,Guérin S.A. SAS,FR8474747219705466927589551,458.8,EUR,2024-09-04,2024-09-04,PO479170,U000,CC137,6181,False,none
INV00000462,199867980,Lopez SARL SCI,FR9828127358573065240778487,2131.05,EUR,2025-03-19,2025-03-20,PO527060,U021,CC273,6061,False,none
INV00000212,235116155,Guillon SA,FR5453287101226916697848018,26704.86,EUR,2025-05-10,2025-05-14,PO946632,U025,CC891,6228,False,none
INV00002588,005162713,De Oliveira Grenier S.A.S. EURL,FR0629635339055044817766558,2823.71,EUR,2025-01-18,2025-01-19,PO204726,U015,CC481,6068,False,none
INV00004827,025634216,Masson EURL,FR1097840369003432445107622,1468.03,EUR,2025-05-29,2025-06-05,PO589371,U024,CC917,6061,False,none
INV00002581,887947055,Torres SASU,FR7873864631752071678112669,161.63,EUR,2025-04-18,2025-04-20,PO238687,U000,CC931,6061,False,none
INV00001368,305548851,Gomes SARL,FR6298011100051553234159597,592.23,EUR,2024-09-26,2024-09-27,,U004,CC925,6063,False,none
INV00000234,199410137,Pages SCI,FR5820377107044964104967066,1409.36,EUR,2024-02-09,2024-02-13,PO581592,U027,CC684,6061,False,none
INV00003352,691373678,Pereira S.A.R.L. SA,FR9831942268653694551588863,1283.19,EUR,2024-03-01,2024-03-02,PO248166,U014,CC662,6181,False,none
INV00000597,097289623,Loiseau SCI,FR9611877347784858800616756,139.23,EUR,2024-12-24,2024-12-25,PO297995,U028,CC533,6065,False,none
INV00004559,526218159,Adam SARL,FR8283192134249128965999497,182.49,EUR,2025-06-06,2025-06-11,PO780400,U011,CC836,6135,False,none
INV00002250,062962015,Breton SA EURL,FR4128767548138666754858193,99.26,EUR,2025-11-13,2025-11-13,PO177525,U014,CC975,6061,False,none
INV00004195,262244472,Royer Bouvet S.A. SASU,FR6364027011686462252237281,5571.03,EUR,2024-05-11,2024-05-14,PO939236,U027,CC301,6228,False,none
INV00002283,496499091,Lombard EURL,FR9026609379660334191825537,897.37,EUR,2024-12-09,2024-12-15,PO722918,U019,CC384,6063,False,none
INV00000662,225358414,Leconte Bertrand SA SA,FR1454364597010822078113799,8474.97,EUR,2025-03-15,2025-03-17,PO336732,U008,CC110,6063,False,none
INV00005114,845541408,Hamel SCI,FR3469133030334677116750762,17901.95,EUR,2024-08-13,2024-08-19,PO105948,U024,CC513,6061,True,shared_iban_ring
INV00002285,274205493,Gomes Gallet S.A.R.L. SA,FR5328703203207427617075877,6880.18,EUR,2024-09-04,2024-09-10,,U022,CC863,6065,False,none
INV00004864,533963605,Laporte EURL,FR0993213348039652239559059,4251.26,EUR,2025-05-07,2025-05-13,PO636281,U007,CC754,6065,False,none
INV00003412,688444310,Pascal S.A.R.L. SAS,FR5152057563983652037583094,902.27,EUR,2024-07-16,2024-07-18,PO362205,U004,CC919,6063,False,none
INV00002669,100225579,Menard Brunel S.A. SARL,FR8520715116966672521452647,583.06,EUR,2024-02-15,2024-02-16,PO664948,U003,CC524,6228,False,none
INV00003666,797403447,Guilbert EURL,FR7376767721903404384279788,3007.31,EUR,2025-07-07,2025-07-08,PO404488,U014,CC258,6068,False,none
INV00000779,540331739,Paris SAS,FR1487758030468750635190361,1513.75,EUR,2024-07-18,2024-07-25,PO289030,U023,CC210,6181,False,none
INV00003926,591846386,Vasseur Menard S.A.R.L. EURL,FR6918856669541329715066626,7049.1,EUR,2024-11-05,2024-11-11,PO575716,U010,CC779,6063,False,none
INV00003607,526965827,Lebreton S.A. SA,FR0284964985601256253135525,3127.17,EUR,2024-05-22,2024-05-24,PO925814,U014,CC442,6228,False,none
INV00003660,466574374,Schmitt SCI,FR0894841312840333997718051,1586.7,EUR,2025-12-23,2025-12-26,PO609180,U026,CC625,6063,False,none
INV00004591,135290965,Carlier S.A.S. SARL,FR3288718981312920875102932,373.5,EUR,2025-03-27,2025-03-29,PO755219,U011,CC161,6063,False,none
INV00003715,299468044,Vincent SCI,FR6185361530515220472779010,592.17,EUR,2024-07-24,2024-07-26,PO524170,U009,CC172,6061,False,none
INV00004985,288095701,Costa SA,FR8632016328708317278895798,1585.8,EUR,2025-09-11,2025-09-14,PO846540,U006,CC663,6063,False,none
INV00000685,669096705,Roux SAS,FR0683584168784991216558523,1405.57,EUR,2025-08-13,2025-08-20,PO560698,U005,CC243,6135,False,none
INV00003388,863840666,Peron SCI,FR9838843660443240061572768,2050.55,EUR,2025-03-28,2025-04-01,PO117497,U029,CC864,6065,False,none
INV00004767,965756924,Gilbert SA,FR7316493289802714872717833,623.23,EUR,2024-04-28,2024-05-04,PO815418,U023,CC464,6061,False,none
INV00003669,639208678,Dias S.A. SA,FR2098036577449160936595201,98.62,EUR,2024-06-26,2024-07-01,PO367704,U011,CC390,6068,False,none
INV00002171,146584044,Bonnet S.A. SAS,FR4336519941013721510702966,21.59,EUR,2024-08-16,2024-08-21,PO787959,U001,CC498,6068,False,none
INV00005117,749538916,Robin S.A.R.L. SAS,FR2202453012398472303420284,45273.18,EUR,2025-07-13,2025-07-14,PO953536,U018,CC879,6135,True,shared_iban_ring
INV00001850,737826398,Regnier SARL EURL,FR2937474112490352135680442,4876.29,EUR,2025-07-23,2025-07-30,,U018,CC278,6228,False,none
INV00000487,165726284,Gaudin Charpentier S.A. EURL,FR6595995342836440892687056,136.22,EUR,2024-12-25,2024-12-29,PO997034,U007,CC635,6132,False,none
INV00001688,229959001,Fernandez Bouchet S.A.S. SASU,FR3939774063356939290600780,799.92,EUR,2025-06-14,2025-06-20,PO679383,U022,CC140,6228,False,none
INV00002230,274205493,Gomes Gallet S.A.R.L. SA,FR5328703203207427617075877,552.79,EUR,2024-04-06,2024-04-11,PO890512,U029,CC876,6065,False,none
INV00003488,057202590,Gros SA,FR3823945354614707986321061,1584.75,EUR,2024-02-04,2024-02-09,PO726843,U009,CC952,6228,False,none
INV00002320,662782827,Bertrand Rodriguez S.A. SASU,FR0484855716176880294240903,107.54,EUR,2025-12-10,2025-12-13,,U029,CC557,6135,False,none
INV00000782,374741124,Hervé Sanchez S.A.S. SA,FR2338984690819740056435023,1657.06,EUR,2025-11-05,2025-11-11,,U025,CC470,6181,False,none
INV00000521,207501102,Gillet SCI,FR2553970548739610290871827,635.04,EUR,2024-04-20,2024-04-27,PO185362,U025,CC581,6063,False,none
INV00000522,902787429,Muller Laporte S.A.S. SA,FR3892753269731121965652341,106.47,EUR,2024-09-03,2024-09-08,PO586819,U005,CC429,6135,False,none
INV00004916,398225871,Da Silva SASU,FR8067899730806958146717957,6569.96,EUR,2024-07-04,2024-07-10,PO689810,U007,CC852,6132,False,none
INV00004155,363745458,Charrier Blondel et Fils EURL,FR7985725459606339912971024,5113.68,EUR,2025-07-21,2025-07-26,PO241315,U001,CC676,6132,False,none
INV00002398,144914766,Pascal SASU,FR2671296180332426050801849,541.21,EUR,2025-02-13,2025-02-18,PO575712,U004,CC966,6228,False,none
INV00002207,535218188,Ruiz SA,FR9334722820055778487282997,490.72,EUR,2025-04-17,2025-04-24,PO702847,U028,CC376,6181,False,none
INV00003714,001338908,Henry EURL,FR6461559407816184959310341,491.77,EUR,2024-02-25,2024-02-26,PO512283,U023,CC729,6132,False,none
INV00003793,239431290,Diaz SAS,FR7139527536749785249141686,197.53,EUR,2025-09-17,2025-09-18,PO843927,U012,CC326,6063,False,none
INV00004922,933472122,Hamon SASU,FR8116517680866281372143308,70.45,EUR,2024-08-02,2024-08-08,PO450028,U019,CC696,6063,False,none
INV00003013,782489638,Vasseur SAS,FR3167065627298069901627204,3738.71,EUR,2024-12-10,2024-12-10,PO140908,U023,CC869,6132,False,none
INV00001511,711382675,Arnaud SA,FR1865902771670145089935889,22.72,EUR,2024-07-10,2024-07-13,PO273688,U028,CC277,6068,False,none
INV00001882,910651801,Petitjean Klein et Fils SAS,FR2587125521376037548214565,543.37,EUR,2024-03-26,2024-04-01,PO719511,U000,CC522,6068,False,none
INV00000651,356159514,Étienne SARL SASU,FR1135733221418880592962229,1712.92,EUR,2024-01-17,2024-01-18,PO481219,U017,CC275,6181,False,none
INV00004947,737826398,Regnier SARL EURL,FR2937474112490352135680442,4180.63,EUR,2025-10-07,2025-10-12,PO867321,U002,CC532,6132,False,none
INV00003303,934835642,Durand SAS,FR3839488488269131196425856,21320.02,EUR,2024-04-20,2024-04-20,PO549471,U022,CC777,6132,False,none
INV00000369,799650752,Le Roux Bailly SA SAS,FR6031739363854678544587717,767.08,EUR,2025-01-21,2025-01-22,PO656189,U013,CC245,6132,False,none
INV00002910,315869232,Arnaud S.A. SAS,FR4661201836675254599102290,2377.54,EUR,2025-07-10,2025-07-17,PO680624,U007,CC531,6228,False,none
INV00000118,901627204,Jean SASU,FR5443757584419866524041574,663.85,EUR,2024-08-29,2024-08-29,PO303440,U010,CC953,6135,False,none
INV00004734,199488375,Jacques S.A.R.L. SARL,FR9383625366677767555628333,3109.03,EUR,2025-04-04,2025-04-05,PO806048,U005,CC281,6061,False,none
INV00003244,662961943,Boulay SASU,FR7091025743263039752450864,161.6,EUR,2024-01-11,2024-01-11,PO916957,U001,CC378,6061,False,none
INV00002216,231665876,Leroux Millet S.A.S. EURL,FR2753278774701687339500479,1724.63,EUR,2024-12-22,2024-12-29,PO512596,U027,CC464,6181,False,none
INV00003837,699013983,Robert Pierre et Fils SA,FR1614987283999219212493843,179.41,EUR,2025-09-11,2025-09-17,,U029,CC802,6068,False,none
INV00001613,232719374,Jacob SASU,FR1774549904530174268414593,1753.45,EUR,2024-11-15,2024-11-15,PO769075,U010,CC351,6132,False,none
INV00004396,711382675,Arnaud SA,FR1865902771670145089935889,1312.29,EUR,2024-12-07,2024-12-13,PO456256,U016,CC122,6181,False,none
INV00000962,639208678,Dias S.A. SA,FR2098036577449160936595201,863.08,EUR,2025-07-30,2025-08-03,,U027,CC978,6135,False,none
INV00002510,451983273,Buisson et Fils SASU,FR2432225913651777392603029,99.41,EUR,2024-07-25,2024-07-28,PO978183,U007,CC141,6228,False,none
INV00003788,062962015,Breton SA EURL,FR4128767548138666754858193,385.16,EUR,2025-06-23,2025-06-25,PO281317,U006,CC806,6061,False,none
INV00003014,119079030,Lemaître S.A.S. SAS,FR8908215454470229604432701,633.99,EUR,2025-04-16,2025-04-21,PO206723,U022,CC218,6068,False,none
INV00003680,980893246,Leclercq EURL,FR9610713966055830344144885,1768.23,EUR,2024-05-23,2024-05-28,PO132873,U016,CC862,6061,False,none
INV00003910,977236929,Moreau EURL,FR7191767993593744039464083,5412.76,EUR,2025-07-21,2025-07-21,PO643244,U011,CC919,6063,False,none
INV00002415,680876038,Neveu S.A. SARL,FR5802758842524105648149177,2727.19,EUR,2024-07-26,2024-08-01,,U017,CC948,6061,False,none
INV00004799,855744431,Pottier SARL EURL,FR9890250392614293968562185,4203.01,EUR,2025-11-07,2025-11-12,PO572769,U012,CC264,6135,False,none
INV00004370,081219136,Bertrand SAS,FR8076627028951718702621745,8829.45,EUR,2025-07-07,2025-07-08,PO533768,U015,CC408,6135,False,none
INV00002185,348434437,Gilles SARL SAS,FR3446853664987820829737489,2976.85,EUR,2024-11-07,2024-11-07,PO648635,U015,CC320,6063,False,none
INV00003012,611254573,Étienne SARL SA,FR2742340163611284971859484,883.78,EUR,2025-09-30,2025-10-02,PO475301,U019,CC705,6132,False,none
INV00002567,165726284,Gaudin Charpentier S.A. EURL,FR6595995342836440892687056,3229.86,EUR,2024-02-28,2024-03-06,PO894936,U015,CC284,6063,False,none
INV00002037,353875842,Lucas SASU,FR4715622949381735984884021,27.37,EUR,2024-10-31,2024-11-05,PO956624,U027,CC912,6228,False,none
INV00004397,478985625,Philippe et Fils SA,FR2858929880858382521293289,1934.54,EUR,2024-03-18,2024-03-20,PO441692,U010,CC446,6065,False,none
INV00000772,363745458,Charrier Blondel et Fils EURL,FR7985725459606339912971024,738.41,EUR,2024-07-12,2024-07-14,PO583122,U008,CC584,6132,False,none
INV00001284,244935348,Berger SASU,FR5993183933529042284210205,3229.82,EUR,2024-03-28,2024-04-01,PO863112,U000,CC830,6228,False,none
INV00004745,999347687,Poirier SARL,FR4172322903102879508304405,3039.94,EUR,2024-03-04,2024-03-04,PO387538,U025,CC531,6068,False,none
INV00004885,031051834,Germain SCI,FR0473545494808313678377701,2710.44,EUR,2025-12-10,2025-12-17,PO537629,U029,CC798,6135,False,none
INV00002587,171339596,Lévêque SA,FR4414754102252677119642152,14378.09,EUR,2025-06-19,2025-06-22,PO458505,U019,CC915,6063,False,none
INV00004717,518233749,Martinez SAS,FR9547735866296194311426265,13858.43,EUR,2025-07-02,2025-07-06,PO298837,U024,CC454,6061,False,none
INV00001414,646519398,Chevallier Briand SARL SA,FR8552899316087524377294209,3451.97,EUR,2024-01-30,2024-01-31,PO474426,U010,CC183,6181,False,none
INV00001234,808412411,De Sousa SCI,FR4086926179640537735158506,1472.07,EUR,2024-10-23,2024-10-23,PO232359,U003,CC332,6228,False,none
INV00002881,799371240,Hoareau SCI,FR3905510762091843579786305,793.95,EUR,2025-10-19,2025-10-23,PO393765,U008,CC145,6132,False,none
INV00000435,000257872,David et Fils SASU,FR4990714014011939325012495,9082.99,EUR,2024-10-11,2024-10-13,PO667059,U009,CC318,6063,False,none
INV00001674,034505415,Berthelot SA,FR5814876963938276153966958,89.64,EUR,2025-09-16,2025-09-16,PO991546,U026,CC310,6065,False,none
INV00000365,969108589,Ribeiro SASU,FR2209617399704694725878444,1902.5,EUR,2024-04-07,2024-04-11,,U017,CC160,6061,False,none
INV00002827,870831727,Becker SCI,FR2373947312172715518844225,673.08,EUR,2024-08-28,2024-09-03,PO434134,U023,CC560,6181,False,none
INV00000231,149864300,Verdier Lecomte S.A.S. SAS,FR1613044881898484160461540,1254.75,EUR,2025-06-26,2025-06-26,PO146372,U001,CC581,6061,False,none
INV00004403,877169472,Grondin SA,FR9325523561781703211920613,746.44,EUR,2024-03-22,2024-03-25,PO934394,U006,CC688,6068,False,none
INV00000147,901627204,Jean SASU,FR5443757584419866524041574,198.8,EUR,2025-12-28,2026-01-04,PO202397,U026,CC555,6065,False,none
INV00004537,808412411,De Sousa SCI,FR4086926179640537735158506,6336.91,EUR,2025-09-17,2025-09-23,PO593441,U017,CC556,6068,False,none
INV00003040,478985625,Philippe et Fils SA,FR2858929880858382521293289,1760.35,EUR,2025-09-21,2025-09-26,PO405257,U011,CC285,6068,False,none
INV00000407,509839301,Moreno SA SARL,FR7886518506716572628498776,1926.14,EUR,2025-01-14,2025-01-21,PO638292,U018,CC842,6228,False,none
INV00002090,737826398,Regnier SARL EURL,FR2937474112490352135680442,2470.85,EUR,2025-03-03,2025-03-05,,U025,CC722,6065,False,none
INV00000086,529042284,Bourgeois SARL SAS,FR9324420438057198386384066,660.87,EUR,2025-03-06,2025-03-13,PO987240,U019,CC580,6135,False,none
INV00000844,669346547,Neveu Costa S.A.S. SASU,FR8327490728012342893113253,35096.25,EUR,2025-02-23,2025-02-23,PO923073,U001,CC213,6061,False,none
INV00001031,826137506,Dijoux SA EURL,FR6670388608680347644726490,5046.99,EUR,2024-02-12,2024-02-17,PO138283,U010,CC805,6181,False,none
INV00002908,639208678,Dias S.A. SA,FR2098036577449160936595201,2158.82,EUR,2024-06-29,2024-07-04,PO352193,U008,CC278,6061,False,none
INV00004399,413435240,Fernandez Lemoine S.A.R.L. SASU,FR8488861015819956046618398,1345.82,EUR,2024-10-08,2024-10-15,PO218210,U000,CC107,6135,False,none
INV00002907,662462873,Moreau Royer S.A.S. SA,FR6513824967183258238687007,174.85,EUR,2024-11-16,2024-11-17,PO495893,U013,CC523,6181,False,none
INV00004144,799650752,Le Roux Bailly SA SAS,FR6031739363854678544587717,2482.04,EUR,2025-12-07,2025-12-13,,U026,CC328,6135,False,none
INV00002628,735160917,Couturier Lebrun SARL SAS,FR9515970996254384807520344,3397.61,EUR,2025-05-23,2025-05-28,PO677219,U014,CC120,6063,False,none
INV00002837,513542784,Pascal SAS,FR6316048175496513709859317,2749.05,EUR,2025-10-20,2025-10-22,,U022,CC440,6061,False,none
INV00000855,477752047,Mallet SASU,FR7165193982807374167243426,1494.85,EUR,2024-04-27,2024-05-04,PO881216,U003,CC346,6061,False,none
INV00000078,299228092,Reynaud Bègue SA SARL,FR0826351004627765725659202,605.01,EUR,2025-02-28,2025-03-06,PO810929,U019,CC993,6068,False,none
INV00002247,180635651,Lebon SASU,FR8414298315229107322836084,2622.11,EUR,2025-04-12,2025-04-14,PO609049,U007,CC742,6068,False,none
INV00004711,428699041,Mace Arnaud S.A.R.L. SAS,FR1205595501783325848689993,1694.24,EUR,2025-05-15,2025-05-20,PO501280,U005,CC946,6132,False,none
INV00003906,161369681,Lacombe SA,FR4596475987622023413261117,832.16,EUR,2024-09-04,2024-09-04,PO959294,U025,CC445,6181,False,none
INV00005031,435175183,Ledoux S.A.S.,FR9681180715695620175370304,680.87,EUR,2024-09-29,2024-10-02,PO211329,U004,CC431,6135,True,duplicate_fuzzy
INV00003107,865890260,Royer et Fils SAS,FR3684148460191344389982780,4939.38,EUR,2024-12-16,2024-12-22,PO433196,U012,CC388,6228,False,none
INV00002279,059304078,Texier SAS,FR2176392836929445511668297,201.43,EUR,2024-08-06,2024-08-08,PO247754,U022,CC546,6065,False,none
INV00003167,578759856,Garnier S.A. SCI,FR2889868180978875439435353,1264.23,EUR,2024-02-18,2024-02-21,PO347660,U013,CC657,6135,False,none
INV00004291,662702895,Lefebvre Laine S.A.R.L. EURL,FR3759325250029218515691545,2321.08,EUR,2024-06-03,2024-06-10,PO481593,U019,CC760,6132,False,none
INV00004113,799088117,Pages SAS,FR0391122528837505661863239,1288.37,EUR,2024-05-31,2024-06-07,PO700583,U021,CC524,6068,False,none
INV00003662,168784991,Klein SA,FR2518321928554451895202845,5703.94,EUR,2025-01-16,2025-01-17,PO632945,U015,CC824,6135,False,none
INV00002176,770348247,Richard S.A. SASU,FR7875622086353654195180238,741.38,EUR,2025-12-18,2025-12-22,PO340374,U018,CC948,6228,False,none
INV00000424,971870728,Guillou Vasseur S.A.S. SAS,FR9159724665729341722329716,11544.56,EUR,2025-07-05,2025-07-05,PO948450,U015,CC449,6132,False,none
INV00000392,646519398,Chevallier Briand SARL SA,FR8552899316087524377294209,214.59,EUR,2024-04-03,2024-04-04,PO638354,U003,CC622,6181,False,none
INV00004874,775901751,Lambert SA,FR9251405468356521568182096,85.83,EUR,2025-12-27,2025-12-30,PO555657,U000,CC580,6132,False,none
INV00003649,648408588,Gimenez SARL,FR4629236161880819048235715,13356.66,EUR,2025-06-30,2025-07-03,PO868354,U028,CC453,6061,False,none
INV00000104,496513709,Mahe S.A. SA,FR1234835642087375300119721,284.47,EUR,2024-07-07,2024-07-13,PO730421,U019,CC106,6068,False,none
INV00002672,977236929,Moreau EURL,FR7191767993593744039464083,2932.61,EUR,2025-12-07,2025-12-12,,U014,CC893,6061,False,none
INV00003176,261891411,Lecoq SCI,FR4223885652715598354116597,70.0,EUR,2024-11-14,2024-11-20,PO678222,U018,CC292,6063,False,none
INV00003738,908740640,Andre SARL EURL,FR8719318374550842891077119,4321.45,EUR,2025-07-08,2025-07-13,PO772225,U003,CC589,6068,False,none
INV00003353,526965827,Lebreton S.A. SA,FR0284964985601256253135525,855.84,EUR,2024-03-06,2024-03-11,,U025,CC725,6068,False,none
INV00003000,415206436,Riou Benoit SARL SA,FR7109605673030644212146147,133.18,EUR,2025-11-10,2025-11-14,PO476321,U013,CC499,6132,False,none
INV00001948,972965902,Voisin et Fils EURL,FR9691815899886834527346666,1317.26,EUR,2024-10-29,2024-10-31,PO757027,U012,CC371,6181,False,none
INV00001459,016400524,Blanchet SA,FR0417839084700766177115921,828.3,EUR,2024-02-12,2024-02-16,PO224731,U013,CC466,6181,False,none
INV00003481,731121965,Blondel SCI,FR6563128196482531106092098,7511.81,EUR,2024-09-24,2024-10-01,PO153428,U021,CC148,6063,False,none
INV00004512,275037314,Rodrigues et Fils SCI,FR5784008385076597595450891,24825.16,EUR,2024-06-22,2024-06-26,PO343530,U011,CC567,6068,False,none
INV00005113,303101663,Bourdon EURL,FR3469133030334677116750762,22713.58,EUR,2024-09-08,2024-09-08,PO542242,U026,CC793,6061,True,shared_iban_ring
INV00004938,057202590,Gros SA,FR3823945354614707986321061,312.72,EUR,2024-12-02,2024-12-08,PO710551,U028,CC408,6061,False,none
INV00001587,135290965,Carlier S.A.S. SARL,FR3288718981312920875102932,1127.38,EUR,2025-11-28,2025-12-04,PO719171,U019,CC726,6068,False,none
INV00003909,104328986,Girard Gonzalez S.A. SARL,FR5850209945101622499982795,5318.61,EUR,2024-06-05,2024-06-07,PO872420,U018,CC211,6063,False,none
INV00001731,177739260,Lemonnier Reynaud S.A.R.L. SA,FR7784466345337220109121722,5742.7,EUR,2024-04-03,2024-04-03,PO569164,U024,CC298,6135,False,none
INV00004913,353465549,Hamel Legrand et Fils SARL,FR9247725129578606940960035,6213.34,EUR,2025-04-04,2025-04-04,PO250214,U012,CC356,6061,False,none
INV00003965,508821009,Guillot Joseph S.A.S. SCI,FR5271690618120546475489547,720.5,EUR,2025-05-04,2025-05-07,PO130341,U022,CC220,6068,False,none
INV00003931,578759856,Garnier S.A. SCI,FR2889868180978875439435353,135.54,EUR,2024-04-11,2024-04-17,PO364580,U016,CC130,6135,False,none
INV00001791,995777387,Andre EURL,FR3179808932460953962185188,2102.3,EUR,2025-02-04,2025-02-09,PO346709,U028,CC657,6181,False,none
INV00002355,758181412,Gonzalez SARL,FR3767722330604633312797573,242.9,EUR,2025-10-29,2025-11-01,PO515292,U004,CC701,6132,False,none
INV00001940,691373678,Pereira S.A.R.L. SA,FR9831942268653694551588863,1059.85,EUR,2024-07-04,2024-07-06,PO145918,U029,CC360,6135,False,none
INV00000702,267658617,Brun S.A. EURL,FR3210672872866041644859592,78.25,EUR,2025-10-06,2025-10-11,PO949383,U011,CC860,6135,False,none
INV00002442,887947055,Torres SASU,FR7873864631752071678112669,187.7,EUR,2024-01-23,2024-01-25,PO923575,U010,CC335,6132,False,none
INV00004044,735160917,Couturier Lebrun SARL SAS,FR9515970996254384807520344,178.78,EUR,2025-07-17,2025-07-22,PO230142,U009,CC930,6065,False,none
INV00000496,326033230,Martin SA,FR0948439910622723626693351,3849.52,EUR,2025-07-12,2025-07-13,,U001,CC134,6181,False,none
INV00000464,870831727,Becker SCI,FR2373947312172715518844225,592.61,EUR,2025-08-28,2025-09-02,PO967949,U028,CC223,6061,False,none
INV00002868,556472929,Moreno EURL,FR6614492074926999699648997,5375.87,EUR,2025-08-01,2025-08-02,PO722516,U012,CC797,6063,False,none
INV00004470,949299556,Vasseur Guyot SA SA,FR9534699673311677269608437,4576.56,EUR,2024-06-21,2024-06-23,PO416552,U026,CC442,6135,False,none
INV00000172,100225579,Menard Brunel S.A. SARL,FR8520715116966672521452647,671.25,EUR,2025-06-09,2025-06-09,PO188501,U004,CC709,6065,False,none
INV00003285,369155942,Paul et Fils SCI,FR9212600308356691062715312,680.44,EUR,2024-07-30,2024-08-04,PO570424,U026,CC282,6181,False,none
INV00004945,223253672,Imbert SA,FR2304120092820667849843624,327.78,EUR,2025-04-02,2025-04-08,PO189416,U018,CC535,6068,False,none
INV00002540,650609835,Colin SA,FR2730147195979647158904290,6081.5,EUR,2025-11-25,2025-11-30,PO888257,U012,CC801,6181,False,none
INV00004588,232719374,Jacob SASU,FR1774549904530174268414593,3053.95,EUR,2024-10-17,2024-10-22,PO751347,U018,CC832,6132,False,none
INV00003994,869261796,Bodin Lelièvre S.A.R.L. SCI,FR7421753540838663177971775,3372.14,EUR,2024-08-16,2024-08-20,PO270667,U019,CC638,6061,False,none
INV00002260,481491778,Da Silva S.A.S. EURL,FR1131814396661347323549401,414.29,EUR,2024-10-23,2024-10-28,,U024,CC995,6135,False,none
INV00002112,415206436,Riou Benoit SARL SA,FR7109605673030644212146147,1085.7,EUR,2024-07-29,2024-07-30,PO130588,U008,CC353,6132,False,none
INV00000900,727875588,Gérard SASU,FR9599934768701462638380657,3458.86,EUR,2024-06-22,2024-06-26,PO814416,U014,CC979,6063,False,none
INV00001446,980893246,Leclercq EURL,FR9610713966055830344144885,972.61,EUR,2025-05-15,2025-05-17,PO490185,U014,CC455,6132,False,none
INV00003816,215064890,Dubois SASU,FR5318481973741897215406417,1708.23,EUR,2024-03-20,2024-03-26,,U018,CC969,6135,False,none
INV00002697,727875588,Gérard SASU,FR9599934768701462638380657,233.54,EUR,2024-12-23,2024-12-25,PO691056,U019,CC231,6061,False,none
INV00003026,341036971,Georges SA,FR1814586833901981794695489,2204.34,EUR,2025-11-22,2025-11-27,PO922343,U011,CC706,6132,False,none
INV00000741,551884422,Buisson et Fils SCI,FR0377661830671985546015851,2332.41,EUR,2025-10-22,2025-10-27,PO604667,U022,CC523,6135,False,none
INV00002293,142626551,Dijoux SARL,FR3427017130232129833816742,35.19,EUR,2024-05-03,2024-05-08,PO761762,U017,CC930,6181,False,none
INV00002452,432830965,Guibert SCI,FR2664347452455574696606065,1003.4,EUR,2024-07-16,2024-07-16,PO868664,U010,CC407,6063,False,none
INV00004698,025634216,Masson EURL,FR1097840369003432445107622,863.53,EUR,2025-04-02,2025-04-09,PO463270,U014,CC824,6068,False,none
INV00004216,684602235,Alexandre SARL,FR6536911289812317955633185,2729.9,EUR,2025-06-21,2025-06-25,PO416174,U019,CC714,6228,False,none
INV00001206,909275326,Guillou Jacquet SARL SASU,FR2644630600025895529638639,1399.23,EUR,2024-05-13,2024-05-15,PO706395,U023,CC628,6063,False,none
INV00000509,792524191,Blanchard SARL,FR0476502412095790737100943,4802.52,EUR,2024-12-03,2024-12-07,PO270162,U003,CC565,6061,False,none
INV00004286,304637454,Boulanger SA SA,FR9197592304501896164236103,2724.1,EUR,2024-05-28,2024-06-02,PO787132,U011,CC376,6228,False,none
INV00004438,877169472,Grondin SA,FR9325523561781703211920613,1633.67,EUR,2025-12-04,2025-12-11,PO866096,U016,CC901,6065,False,none
INV00004645,977236929,Moreau EURL,FR7191767993593744039464083,333.33,EUR,2025-11-14,2025-11-17,PO752240,U009,CC793,6181,False,none
INV00003539,770348247,Richard S.A. SASU,FR7875622086353654195180238,294.79,EUR,2024-09-18,2024-09-19,PO870672,U029,CC874,6061,False,none
INV00001549,010393087,Hebert S.A.R.L. EURL,FR5941241513152854781506185,3600.99,EUR,2025-02-14,2025-02-15,PO260778,U029,CC944,6181,False,none
INV00003491,462265676,Rodrigues SARL,FR2408115562606029084668455,168.92,EUR,2025-05-24,2025-05-24,PO587602,U003,CC357,6181,False,none
INV00002202,268117758,Gonzalez Dijoux SA SARL,FR7582688615335554398780157,16891.61,EUR,2024-06-11,2024-06-15,PO750919,U027,CC673,6135,False,none
INV00002566,513542784,Pascal SAS,FR6316048175496513709859317,2256.41,EUR,2024-01-23,2024-01-28,PO732944,U007,CC855,6068,False,none
INV00002860,186999386,Duval SAS,FR1461125457387571775140105,2323.61,EUR,2024-02-21,2024-02-21,,U026,CC915,6181,False,none
INV00002044,474517123,Moreau Labbé SA SAS,FR7233542168942104478985625,6869.59,EUR,2025-05-30,2025-05-31,,U010,CC146,6065,False,none
INV00000767,100167618,Chartier Costa et Fils SARL,FR6360144485645101739739641,654.17,EUR,2024-09-02,2024-09-04,PO625986,U016,CC846,6135,False,none
INV00005023,528168505,Brunet Girard et Fils S.C.I.,FR3367998136462251790864168,123.8,EUR,2025-02-20,2025-02-24,PO712555,U000,CC130,6132,True,duplicate_fuzzy
INV00003992,533963605,Laporte EURL,FR0993213348039652239559059,344.27,EUR,2024-04-24,2024-04-26,PO222156,U004,CC126,6065,False,none
INV00000421,200342442,Leblanc EURL,FR3552597107563353574859532,3148.52,EUR,2024-08-04,2024-08-04,PO275160,U020,CC220,6068,False,none
INV00000123,447962757,Descamps SA,FR0821267969278687653269097,609.44,EUR,2025-08-04,2025-08-10,PO983326,U005,CC684,6181,False,none
INV00004294,975001701,Guérin S.A. SAS,FR8474747219705466927589551,1616.65,EUR,2025-06-08,2025-06-14,PO481016,U003,CC130,6181,False,none
INV00002805,904530174,Pelletier Chartier SA SCI,FR4658377674996165926610857,1104.0,EUR,2025-12-07,2025-12-14,PO489284,U018,CC102,6181,False,none
INV00000819,737826398,Regnier SARL EURL,FR2937474112490352135680442,553.81,EUR,2024-04-10,2024-04-14,,U005,CC775,6061,False,none
INV00001403,261990623,Georges SASU,FR9029884259959961002311775,122.56,EUR,2024-02-04,2024-02-04,PO964904,U019,CC594,6065,False,none
INV00001382,525534192,Pereira et Fils EURL,FR4956670106513338726247317,8743.11,EUR,2025-12-27,2026-01-01,PO479039,U022,CC797,6063,False,none
INV00002148,711382675,Arnaud SA,FR1865902771670145089935889,3985.78,EUR,2024-08-26,2024-08-28,PO519750,U021,CC431,6181,False,none
INV00001575,999347687,Poirier SARL,FR4172322903102879508304405,208.84,EUR,2025-09-22,2025-09-28,PO346546,U025,CC967,6132,False,none
INV00001638,795687833,Fischer SAS,FR7559779452321941680061027,674.91,EUR,2024-02-27,2024-02-27,PO649749,U009,CC308,6181,False,none
INV00001795,444713247,Adam SA,FR5709178513854457702992959,386.55,EUR,2024-07-01,2024-07-03,PO235777,U010,CC628,6068,False,none
INV00004964,616928451,Lemaître S.A.S. SCI,FR6208514036965666683272386,2796.44,EUR,2024-12-22,2024-12-29,PO851960,U005,CC783,6132,False,none
INV00004593,134316117,Seguin Gay S.A. SASU,FR0315336884443106987205061,248.99,EUR,2025-09-22,2025-09-27,PO721975,U007,CC945,6135,False,none
INV00000399,872050614,Chauvin SASU,FR7044090797727810509222161,1061.57,EUR,2025-07-30,2025-08-05,PO880399,U019,CC843,6228,False,none
INV00002310,468862392,Perret Pires S.A. EURL,FR0992518812520566474231220,576.35,EUR,2025-08-05,2025-08-10,PO991927,U018,CC391,6181,False,none
INV00000882,081219136,Bertrand SAS,FR8076627028951718702621745,952.36,EUR,2024-02-14,2024-02-19,PO100672,U001,CC357,6065,False,none
INV00005124,299468044,Vincent SCI,FR6185361530515220472779010,101708.48,EUR,2024-10-19,2024-10-25,PO398776,U020,CC870,6065,True,amount_outlier
INV00003094,261891411,Lecoq SCI,FR4223885652715598354116597,6059.75,EUR,2024-07-01,2024-07-04,PO322839,U013,CC969,6228,False,none
INV00001352,089899217,Le Gall EURL,FR6323361328507251786376731,1879.66,EUR,2025-11-08,2025-11-10,PO259401,U005,CC525,6063,False,none
INV00004521,353875842,Lucas SASU,FR4715622949381735984884021,2734.94,EUR,2025-05-18,2025-05-23,PO468069,U009,CC198,6181,False,none
INV00004691,234138999,Pages Valette S.A.R.L. SA,FR3040412091179112442117536,2683.3,EUR,2024-11-08,2024-11-15,PO343436,U020,CC638,6181,False,none
INV00002130,239431290,Diaz SAS,FR7139527536749785249141686,120.33,EUR,2025-05-16,2025-05-20,PO934735,U014,CC511,6132,False,none
INV00000982,911914856,Delattre SASU,FR1875409150863218122764579,779.26,EUR,2025-12-19,2025-12-24,PO746582,U003,CC839,6061,False,none
INV00000456,511686854,Colin SA,FR1068171516025298670766046,7712.24,EUR,2024-10-17,2024-10-21,PO229794,U020,CC672,6063,False,none
INV00004812,018451462,Godard S.A.R.L. SASU,FR2956981693406088356159514,483.51,EUR,2025-04-12,2025-04-16,PO456245,U029,CC622,6068,False,none
INV00001079,059304078,Texier SAS,FR2176392836929445511668297,515.83,EUR,2024-03-29,2024-03-29,PO209694,U020,CC467,6061,False,none
INV00001950,826137506,Dijoux SA EURL,FR6670388608680347644726490,3797.83,EUR,2025-03-10,2025-03-14,PO194682,U010,CC448,6132,False,none
INV00004450,688444310,Pascal S.A.R.L. SAS,FR5152057563983652037583094,1567.71,EUR,2025-10-25,2025-10-29,PO614808,U008,CC591,6063,False,none
INV00000689,888067065,Munoz SASU,FR6850461735743842150317807,424.91,EUR,2024-08-04,2024-08-10,PO877931,U026,CC945,6181,False,none
INV00002429,327648350,Vallée SCI,FR8736026064746872343098050,15016.02,EUR,2025-11-23,2025-11-25,PO325101,U029,CC701,6132,False,none
INV00000641,346578713,Hubert SCI,FR0310033092327193745299124,853.39,EUR,2025-10-25,2025-10-26,PO612361,U009,CC804,6065,False,none
INV00002392,031051834,Germain SCI,FR0473545494808313678377701,2147.4,EUR,2025-11-11,2025-11-11,PO324388,U000,CC370,6065,False,none
INV00002825,144914766,Pascal SASU,FR2671296180332426050801849,12093.76,EUR,2024-04-27,2024-05-04,PO514157,U025,CC222,6061,False,none
INV00001953,473121727,Besnard Muller S.A.R.L. SASU,FR8896271286391741011947072,145.52,EUR,2025-06-09,2025-06-10,,U002,CC532,6061,False,none
INV00003497,170999173,Roche Leleu S.A. EURL,FR4842108902851553334264335,1323.44,EUR,2024-02-16,2024-02-16,PO582357,U018,CC909,6132,False,none
INV00002954,359782071,Allard SASU,FR4570862095935186387829456,6309.7,EUR,2024-04-25,2024-04-29,PO512936,U013,CC836,6135,False,none
INV00003670,484219933,Meunier Gautier S.A. SASU,FR3347649078515867342575409,630.83,EUR,2024-03-03,2024-03-09,PO691710,U001,CC545,6181,False,none
INV00002710,782489638,Vasseur SAS,FR3167065627298069901627204,253.43,EUR,2025-01-09,2025-01-14,PO502385,U009,CC263,6065,False,none
INV00003563,254629148,Rey Boucher SARL SCI,FR8996931572791940961055661,2142.5,EUR,2025-09-21,2025-09-26,PO813346,U000,CC876,6068,False,none
INV00004915,103865719,Albert SA,FR9896094097052774025883586,7394.06,EUR,2024-08-19,2024-08-20,PO411378,U009,CC934,6228,False,none
INV00003129,638546785,Hoarau SAS,FR3973505831997179110065120,2827.35,EUR,2024-12-23,2024-12-24,PO974741,U029,CC902,6181,False,none
INV00001884,341036971,Georges SA,FR1814586833901981794695489,903.04,EUR,2024-09-13,2024-09-13,PO844836,U027,CC392,6061,False,none
INV00003699,537735158,Leblanc SARL,FR5203758997571130554885102,389.88,EUR,2024-02-21,2024-02-22,PO215214,U029,CC645,6061,False,none
INV00000389,569961125,Sanchez SCI,FR3984449029502648016440373,2054.03,EUR,2024-09-19,2024-09-26,PO779068,U021,CC830,6065,False,none
INV00002494,928565431,Pereira S.A.S. SARL,FR1856945441496739385258001,4781.41,EUR,2024-12-25,2024-12-25,PO268818,U026,CC999,6135,False,none
INV00003334,199488375,Jacques S.A.R.L. SARL,FR9383625366677767555628333,448.54,EUR,2025-06-29,2025-06-29,PO936941,U018,CC448,6132,False,none
INV00003088,148951343,Lucas SAS,FR0358527722170430305486874,684.33,EUR,2024-10-10,2024-10-12,PO302446,U014,CC760,6065,False,none
INV00000845,237333433,Boulay SA,FR6802635582430176464489880,97.18,EUR,2025-12-18,2025-12-22,,U010,CC804,6181,False,none
INV00000542,423536937,Delorme EURL,FR0759465217073033793375636,4493.58,EUR,2025-05-21,2025-05-28,PO419443,U002,CC275,6063,False,none
INV00000091,691373678,Pereira S.A.R.L. SA,FR9831942268653694551588863,4359.58,EUR,2024-01-23,2024-01-28,PO878533,U018,CC708,6061,False,none
INV00004851,892268018,Meunier Riou SARL SAS,FR3076329092791456083318195,321.91,EUR,2024-11-27,2024-11-30,PO164125,U014,CC423,6063,False,none
INV00001979,855744431,Pottier SARL EURL,FR9890250392614293968562185,387.6,EUR,2024-09-10,2024-09-13,PO847556,U014,CC392,6228,False,none
INV00004250,656482366,Lelièvre SA,FR6535977468862392407581814,10434.41,EUR,2024-06-05,2024-06-11,,U029,CC493,6132,False,none
INV00004219,375564641,Laroche S.A.S. SA,FR1830165712082677345401938,797.25,EUR,2024-04-07,2024-04-12,PO260900,U015,CC721,6132,False,none
INV00003100,478985625,Philippe et Fils SA,FR2858929880858382521293289,8552.23,EUR,2024-08-28,2024-08-31,PO964939,U020,CC995,6061,False,none
INV00002529,144914766,Pascal SASU,FR2671296180332426050801849,50.41,EUR,2024-05-07,2024-05-08,PO358769,U017,CC445,6135,False,none
INV00001676,982620450,Hervé S.A.S. SA,FR9851983273158514936899809,190.25,EUR,2025-04-20,2025-04-21,PO437476,U014,CC268,6132,False,none
INV00001048,995777387,Andre EURL,FR3179808932460953962185188,6296.28,EUR,2025-12-29,2025-12-31,PO100258,U010,CC179,6061,False,none
INV00001960,274205493,Gomes Gallet S.A.R.L. SA,FR5328703203207427617075877,3215.75,EUR,2025-04-06,2025-04-13,PO130601,U018,CC561,6132,False,none
INV00002530,241724825,Adam SASU,FR3302166670808509608587495,1424.91,EUR,2024-04-07,2024-04-09,PO180069,U028,CC559,6228,False,none
INV00003400,814141397,Philippe EURL,FR3406791766512215001418842,485.83,EUR,2024-02-25,2024-02-27,PO264611,U003,CC805,6135,False,none
INV00000237,168784991,Klein SA,FR2518321928554451895202845,297.45,EUR,2024-04-16,2024-04-21,PO410997,U013,CC870,6132,False,none
INV00003610,526965827,Lebreton S.A. SA,FR0284964985601256253135525,18031.17,EUR,2025-12-15,2025-12-18,PO286454,U009,CC768,6228,False,none
INV00004152,611254573,Étienne SARL SA,FR2742340163611284971859484,3661.83,EUR,2025-11-29,2025-12-01,PO313917,U022,CC266,6135,False,none
INV00001133,662702895,Lefebvre Laine S.A.R.L. EURL,FR3759325250029218515691545,1330.04,EUR,2025-01-30,2025-01-30,PO245303,U019,CC734,6063,False,none
INV00001805,527858549,Roussel EURL,FR3635785294563718344049639,117.26,EUR,2025-11-24,2025-11-27,PO333067,U010,CC642,6135,False,none
INV00004274,796114351,Peron SARL SAS,FR5864493699951679335055738,522.36,EUR,2024-09-19,2024-09-20,PO730021,U012,CC410,6061,False,none
INV00000163,656272980,Bazin Berger SA SARL,FR4113075626368970283857865,484.49,EUR,2024-12-27,2025-01-03,PO183952,U004,CC847,6132,False,none
INV00004746,931746120,Fournier Charpentier SARL SA,FR2156110022557941552166746,1746.3,EUR,2024-10-10,2024-10-16,PO927276,U024,CC786,6181,False,none
INV00004907,661771159,Pascal EURL,FR1993466766506180919015814,3424.74,EUR,2024-07-17,2024-07-23,PO578297,U012,CC418,6135,False,none
INV00004857,698485833,Laporte Robert et Fils SAS,FR6644210175096170159591945,145.99,EUR,2024-03-11,2024-03-12,PO762599,U013,CC113,6181,False,none
INV00003570,786801128,Bègue et Fils SCI,FR6283673657661565452711116,824.92,EUR,2024-10-11,2024-10-18,PO474960,U003,CC233,6181,False,none
INV00003688,797403447,Guilbert EURL,FR7376767721903404384279788,1803.09,EUR,2024-02-21,2024-02-26,PO158391,U000,CC269,6065,False,none
INV00004527,685160481,Pruvost S.A.S. SCI,FR0715064890901001676184723,3139.67,EUR,2024-07-19,2024-07-20,PO184073,U014,CC164,6068,False,none
INV00003883,565574313,Bouvet SA SA,FR5259025176298334774332683,8458.48,EUR,2024-03-16,2024-03-17,PO710935,U016,CC295,6063,False,none
INV00002001,808412411,De Sousa SCI,FR4086926179640537735158506,6485.1,EUR,2025-07-03,2025-07-09,PO497832,U003,CC146,6061,False,none
INV00001811,706324241,Charpentier S.A.R.L. EURL,FR5896136715778711216636515,74.14,EUR,2024-05-07,2024-05-10,PO139521,U002,CC958,6135,False,none
INV00003326,060715969,Huet SCI,FR8166322702672885744890612,495.96,EUR,2025-06-20,2025-06-24,PO664970,U019,CC335,6068,False,none
INV00004240,495621372,Martins SA,FR1814244260781975437347642,7206.58,EUR,2024-12-21,2024-12-27,PO822833,U012,CC444,6228,False,none
INV00001428,160648422,Brunet Dos Santos S.A.S. SASU,FR1956608470681039033970519,765.55,EUR,2024-02-09,2024-02-13,PO157008,U020,CC741,6068,False,none
INV00003859,727875588,Gérard SASU,FR9599934768701462638380657,447.85,EUR,2025-01-23,2025-01-25,PO691641,U014,CC483,6135,False,none
INV00002990,159399824,Besnard EURL,FR4194620726629250817760299,5579.16,EUR,2024-06-03,2024-06-04,PO225022,U004,CC960,6228,False,none
INV00003630,527858549,Roussel EURL,FR3635785294563718344049639,910.05,EUR,2024-12-15,2024-12-18,PO690104,U000,CC688,6061,False,none
INV00004601,842498182,Legrand Georges S.A.S. SCI,FR1606239726527354352090421,3389.77,EUR,2025-07-23,2025-07-28,PO620973,U014,CC707,6068,False,none
INV00004794,299228092,Reynaud Bègue SA SARL,FR0826351004627765725659202,748.84,EUR,2024-10-06,2024-10-06,PO247462,U017,CC290,6061,False,none
INV00003011,413435240,Fernandez Lemoine S.A.R.L. SASU,FR8488861015819956046618398,1089.62,EUR,2024-03-06,2024-03-08,PO683077,U004,CC390,6061,False,none
INV00001452,775901751,Lambert SA,FR9251405468356521568182096,28789.06,EUR,2024-07-22,2024-07-24,PO817237,U022,CC906,6135,False,none
INV00000593,886101581,Thomas Richard S.A.S. SASU,FR5457666567491601692364587,10814.96,EUR,2025-11-01,2025-11-08,PO486065,U022,CC159,6181,False,none
INV00002725,803397401,Michaud SARL,FR7526329676291603248413768,1068.43,EUR,2025-03-16,2025-03-22,,U023,CC647,6181,False,none
INV00000041,337543303,Garnier EURL,FR0859696641605297516136968,88.27,EUR,2025-06-17,2025-06-20,PO201836,U003,CC842,6068,False,none
INV00000560,799702462,Weber S.A.S. EURL,FR5915466024161394498830597,2280.22,EUR,2024-09-13,2024-09-17,PO278875,U026,CC118,6063,False,none
INV00003135,165726284,Gaudin Charpentier S.A. EURL,FR6595995342836440892687056,4988.62,EUR,2024-07-24,2024-07-25,PO897168,U008,CC349,6061,False,none
INV00004747,144914766,Pascal SASU,FR2671296180332426050801849,3144.69,EUR,2025-10-26,2025-10-30,PO908687,U002,CC442,6132,False,none
INV00000243,081219136,Bertrand SAS,FR8076627028951718702621745,403.35,EUR,2025-09-06,2025-09-07,PO574386,U015,CC613,6063,False,none
INV00001339,058651850,Bernard Boulay SA SASU,FR7178686337524310690331190,526.5,EUR,2025-09-24,2025-09-29,PO525504,U013,CC527,6228,False,none
INV00004092,699013983,Robert Pierre et Fils SA,FR1614987283999219212493843,5273.87,EUR,2025-05-05,2025-05-08,PO285297,U005,CC445,6068,False,none
INV00003163,142939685,Labbé SARL EURL,FR9575230837081647090063353,835.4,EUR,2025-10-06,2025-10-09,PO748789,U016,CC397,6065,False,none
INV00004836,341036971,Georges SA,FR1814586833901981794695489,864.75,EUR,2024-02-18,2024-02-23,PO351392,U019,CC179,6181,False,none
INV00001442,018451462,Godard S.A.R.L. SASU,FR2956981693406088356159514,198.63,EUR,2025-08-21,2025-08-24,PO569750,U025,CC101,6061,False,none
INV00000261,148951343,Lucas SAS,FR0358527722170430305486874,585.34,EUR,2025-04-29,2025-05-04,,U020,CC299,6068,False,none
INV00002952,533645257,Fischer Garnier S.A.S. SARL,FR6862633556434369709317069,799.12,EUR,2024-07-15,2024-07-21,PO210337,U008,CC584,6135,False,none
INV00001689,081219136,Bertrand SAS,FR8076627028951718702621745,2428.38,EUR,2025-10-30,2025-11-05,PO530108,U019,CC976,6228,False,none
INV00001725,304637454,Boulanger SA SA,FR9197592304501896164236103,612.01,EUR,2025-03-19,2025-03-19,PO302310,U027,CC156,6068,False,none
INV00001203,464887719,Costa Royer SARL SCI,FR2945892975001701277063242,1689.24,EUR,2024-09-15,2024-09-21,PO344296,U029,CC322,6135,False,none
INV00000834,910430068,Collin SARL SARL,FR3438318491966553307704611,1381.36,EUR,2024-03-05,2024-03-09,PO946648,U027,CC787,6063,False,none
INV00001866,404157473,Mace S.A.R.L. SAS,FR9500159416516231981898471,146.69,EUR,2025-09-07,2025-09-07,PO908847,U023,CC789,6063,False,none
INV00002496,711116152,Michaud SAS,FR7694278816580392827229927,1735.24,EUR,2024-04-26,2024-05-02,,U019,CC861,6181,False,none
INV00003704,184498926,Noël SA,FR3275957498855829849330674,641.9,EUR,2024-08-26,2024-08-29,PO147465,U007,CC368,6063,False,none
INV00002010,274205493,Gomes Gallet S.A.R.L. SA,FR5328703203207427617075877,1028.46,EUR,2025-07-29,2025-08-04,PO413619,U027,CC188,6063,False,none
INV00004333,270866882,Mary Gros SARL SA,FR2428914161284639855474355,3511.4,EUR,2024-05-26,2024-05-30,PO986520,U028,CC208,6181,False,none
INV00000340,955439376,Vaillant S.A.R.L. SASU,FR2592082832308981388158814,549.21,EUR,2025-04-28,2025-04-30,PO387883,U014,CC518,6132,False,none
INV00003194,313237058,Clément SASU,FR6173203093761847870050506,4966.4,EUR,2025-05-13,2025-05-17,PO924756,U009,CC675,6068,False,none
INV00001601,337543303,Garnier EURL,FR0859696641605297516136968,1889.21,EUR,2025-02-05,2025-02-07,PO994467,U029,CC103,6068,False,none
INV00002796,748217594,Morel SARL,FR6653074505444713247546913,428.73,EUR,2024-06-04,2024-06-04,,U026,CC502,6132,False,none
INV00003855,218501631,Vasseur SA SCI,FR3822068155839386613315520,2059.59,EUR,2025-11-15,2025-11-22,PO735138,U025,CC788,6132,False,none
INV00004841,109324808,Thibault EURL,FR0449375973832060385050641,19171.3,EUR,2025-07-22,2025-07-28,PO279649,U025,CC989,6181,False,none
INV00000480,551884422,Buisson et Fils SCI,FR0377661830671985546015851,4186.39,EUR,2025-11-12,2025-11-17,PO979908,U024,CC931,6061,False,none
INV00003016,754558845,Ledoux S.A.R.L. SARL,FR1131139500168094149150762,1453.37,EUR,2025-06-22,2025-06-24,PO774369,U016,CC706,6065,False,none
INV00003773,540331739,Paris SAS,FR1487758030468750635190361,1058.24,EUR,2025-12-08,2025-12-11,PO935353,U018,CC300,6135,False,none
INV00001523,043581128,Lemonnier Chrétien S.A. EURL,FR4008172143643813000413211,38482.5,EUR,2025-04-14,2025-04-14,PO482281,U001,CC878,6068,False,none
INV00003628,663177971,Daniel Descamps et Fils SCI,FR3107139848228501168809255,42555.63,EUR,2024-04-07,2024-04-10,PO120844,U025,CC272,6065,False,none
INV00004579,902787429,Muller Laporte S.A.S. SA,FR3892753269731121965652341,59.63,EUR,2024-10-20,2024-10-27,PO184592,U028,CC936,6228,False,none
INV00004782,803397401,Michaud SARL,FR7526329676291603248413768,7025.14,EUR,2024-12-23,2024-12-26,PO739548,U017,CC926,6061,False,none
INV00003256,901627204,Jean SASU,FR5443757584419866524041574,398.02,EUR,2025-03-25,2025-03-30,PO128924,U025,CC769,6135,False,none
INV00000799,510702966,David SARL,FR5150954930596601864876998,123.03,EUR,2025-01-28,2025-01-28,PO531257,U003,CC608,6063,False,none
INV00001766,435175183,Ledoux SAS,FR9681180715695620175370304,16626.77,EUR,2025-02-11,2025-02-13,PO182412,U019,CC267,6061,False,none
INV00004614,315410067,Gosselin S.A.R.L. SAS,FR0264520599604387875357788,825.18,EUR,2025-03-28,2025-03-30,PO211642,U016,CC334,6065,False,none
INV00002453,356588043,Marion SAS,FR9698795098221040164818804,724.8,EUR,2025-05-24,2025-05-30,PO370546,U012,CC350,6061,False,none
INV00003599,970283857,Gillet SASU,FR4365565033349114152085076,1315.44,EUR,2025-07-08,2025-07-15,,U023,CC779,6135,False,none
INV00004074,688680589,Diallo SASU,FR7917647501111783099974192,225.05,EUR,2024-06-21,2024-06-27,PO839297,U024,CC545,6068,False,none
INV00004182,232719374,Jacob SASU,FR1774549904530174268414593,1181.34,EUR,2024-05-19,2024-05-25,PO905299,U006,CC415,6065,False,none
INV00004823,673622660,Roux SASU,FR5376251538144744309634807,163.88,EUR,2024-04-05,2024-04-06,PO230334,U003,CC871,6132,False,none
INV00003929,691373678,Pereira S.A.R.L. SA,FR9831942268653694551588863,2776.33,EUR,2025-11-26,2025-12-01,PO173301,U011,CC519,6181,False,none
INV00001271,193466766,Goncalves SASU,FR8549561213773062604235973,794.58,EUR,2025-09-10,2025-09-14,PO456687,U017,CC462,6181,False,none
INV00003291,337543303,Garnier EURL,FR0859696641605297516136968,5537.01,EUR,2024-02-04,2024-02-11,PO652477,U010,CC374,6061,False,none
INV00004876,029333346,Guillon Bailly S.A. EURL,FR4004588679252985856728727,807.96,EUR,2024-11-27,2024-11-27,PO957009,U027,CC335,6061,False,none
INV00003355,807374167,Auger Lacroix et Fils SCI,FR8530276420865675661844386,147.63,EUR,2024-08-30,2024-09-05,PO151141,U028,CC321,6181,False,none
INV00004273,588153714,Simon S.A. SAS,FR7785695579887749242437540,2786.26,EUR,2024-10-22,2024-10-25,PO308374,U023,CC646,6135,False,none
INV00000347,995777387,Andre EURL,FR3179808932460953962185188,141.03,EUR,2025-10-12,2025-10-15,PO268010,U029,CC549,6135,False,none
INV00004209,774348734,Perrot Paul SARL SCI,FR4914384249818299229959001,1291.28,EUR,2025-01-02,2025-01-07,PO843805,U004,CC505,6065,False,none
INV00004766,062962015,Breton SA EURL,FR4128767548138666754858193,276.93,EUR,2024-01-11,2024-01-11,PO692516,U020,CC416,6068,False,none
INV00002562,779071416,Barre SA,FR3851584826691362483550542,6721.12,EUR,2024-07-07,2024-07-10,PO975698,U014,CC287,6132,False,none
INV00004731,933472122,Hamon SASU,FR8116517680866281372143308,3124.46,EUR,2025-06-16,2025-06-18,PO732997,U027,CC144,6068,False,none
INV00001423,097289623,Loiseau SCI,FR9611877347784858800616756,1008.96,EUR,2025-06-11,2025-06-14,PO107706,U029,CC742,6132,False,none
INV00000656,909275326,Guillou Jacquet SARL SASU,FR2644630600025895529638639,689.04,EUR,2024-11-28,2024-12-04,,U008,CC366,6181,False,none
INV00002102,796114351,Peron SARL SAS,FR5864493699951679335055738,1088.5,EUR,2025-02-07,2025-02-08,,U011,CC691,6068,False,none
INV00000632,021158693,Bigot Coste SARL SASU,FR7696905150267551254278207,825.45,EUR,2024-04-23,2024-04-25,PO862729,U012,CC406,6065,False,none
INV00003089,973103241,Maillet SCI,FR8752958066013824127049386,6119.88,EUR,2025-09-03,2025-09-03,PO832657,U022,CC376,6135,False,none
INV00002493,611254573,Étienne SARL SA,FR2742340163611284971859484,119.66,EUR,2025-10-24,2025-10-24,PO524832,U008,CC986,6061,False,none
INV00002665,656272980,Bazin Berger SA SARL,FR4113075626368970283857865,271.94,EUR,2024-09-24,2024-09-28,PO693054,U019,CC528,6228,False,none
INV00004886,934835642,Durand SAS,FR3839488488269131196425856,1385.33,EUR,2025-12-28,2025-12-31,PO364248,U017,CC931,6135,False,none
INV00003912,043898364,Renard SCI,FR5940299015579980284139080,1268.6,EUR,2025-03-26,2025-03-29,PO704897,U013,CC220,6068,False,none
INV00003532,970283857,Gillet SASU,FR4365565033349114152085076,9579.79,EUR,2025-08-18,2025-08-21,PO121425,U012,CC903,6132,False,none
INV00004160,356588043,Marion SAS,FR9698795098221040164818804,3283.9,EUR,2024-11-26,2024-11-27,PO223605,U017,CC541,6061,False,none
INV00005045,669849027,Martins S.A.R.L. SARL,FR9481187233351040961497315,24953.22,EUR,2024-06-15,2024-06-22,PO383542,U014,CC102,6132,True,under_threshold
INV00002500,848947697,Benard Bouvier S.A.R.L. SARL,FR6918444218299874781224890,3544.71,EUR,2024-02-08,2024-02-15,PO352394,U003,CC868,6228,False,none
INV00001465,687339500,Prévost SARL,FR4598056265650455478137674,2028.79,EUR,2025-09-29,2025-10-04,PO592075,U001,CC430,6132,False,none
INV00003424,724004991,Lejeune Rodrigues SA EURL,FR6043973597107256366941180,1922.88,EUR,2025-03-28,2025-04-04,PO943729,U012,CC809,6135,False,none
INV00000115,699013983,Robert Pierre et Fils SA,FR1614987283999219212493843,72.72,EUR,2024-08-24,2024-08-25,PO317402,U025,CC730,6181,False,none
INV00001821,528168505,Brunet Girard et Fils SCI,FR3367998136462251790864168,1710.66,EUR,2025-10-19,2025-10-21,PO840401,U010,CC622,6135,False,none
INV00001494,234138999,Pages Valette S.A.R.L. SA,FR3040412091179112442117536,327.38,EUR,2025-08-15,2025-08-20,PO693509,U006,CC456,6132,False,none
INV00002401,737530011,Martineau Paris SA SASU,FR5433337320430977688936289,611.43,EUR,2025-11-18,2025-11-18,PO318381,U018,CC615,6063,False,none
INV00001232,616928451,Lemaître S.A.S. SCI,FR6208514036965666683272386,2694.14,EUR,2025-05-21,2025-05-26,PO611028,U024,CC662,6228,False,none
INV00002661,906120347,Perrin SASU,FR7123859514346823948400273,1014.56,EUR,2024-10-31,2024-11-03,PO344717,U014,CC192,6228,False,none
INV00002817,848947697,Benard Bouvier S.A.R.L. SARL,FR6918444218299874781224890,276.63,EUR,2025-01-02,2025-01-09,PO966869,U028,CC752,6065,False,none
INV00004084,522395590,Robert Allain S.A.S. EURL,FR8676572894134750988986456,3063.8,EUR,2025-03-01,2025-03-03,PO489249,U014,CC328,6068,False,none
INV00004714,509839301,Moreno SA SARL,FR7886518506716572628498776,349.72,EUR,2025-12-10,2025-12-12,PO438724,U007,CC789,6063,False,none
INV00001153,547772522,Lefort Mary SARL SCI,FR3903342342583230241026153,16402.66,EUR,2025-12-28,2025-12-30,PO775127,U004,CC701,6135,False,none
INV00004101,943969078,Pelletier Collet S.A. SCI,FR3710742799077262570165804,5439.06,EUR,2024-11-15,2024-11-22,PO665580,U025,CC327,6228,False,none
INV00000057,081219136,Bertrand SAS,FR8076627028951718702621745,811.48,EUR,2024-11-20,2024-11-24,PO434827,U017,CC678,6065,False,none
INV00004087,199410137,Pages SCI,FR5820377107044964104967066,113.49,EUR,2024-01-17,2024-01-19,PO519128,U023,CC590,6135,False,none
INV00004424,384309883,Lagarde SARL,FR7382073651189394065578201,4062.68,EUR,2024-02-09,2024-02-11,PO450275,U018,CC307,6135,False,none
INV00005096,923495245,Merle Noël S.A. EURL,FR6918856669541329715066626,1185.9,EUR,2025-05-18,2025-05-18,PO868905,U008,CC977,6065,True,shell_company
INV00001735,375899757,Blanchard SARL,FR2718749603358268627036924,182.58,EUR,2025-09-21,2025-09-25,PO290608,U029,CC116,6228,False,none
INV00002823,259526949,Carre Picard S.A.S. SASU,FR3113875927125663836151718,363.05,EUR,2025-06-15,2025-06-15,PO440333,U016,CC538,6228,False,none
INV00002196,168784991,Klein SA,FR2518321928554451895202845,3431.87,EUR,2024-11-13,2024-11-13,PO446686,U001,CC123,6181,False,none
INV00003794,274205493,Gomes Gallet S.A.R.L. SA,FR5328703203207427617075877,4094.72,EUR,2025-04-17,2025-04-23,PO594136,U023,CC792,6132,False,none
INV00002475,193466766,Goncalves SASU,FR8549561213773062604235973,1466.3,EUR,2025-09-05,2025-09-09,PO126375,U003,CC736,6063,False,none
INV00002564,349361832,Henry SCI,FR7934074517133959629233095,114.98,EUR,2025-12-01,2025-12-07,PO682176,U000,CC652,6068,False,none
INV00003377,972965902,Voisin et Fils EURL,FR9691815899886834527346666,1857.15,EUR,2025-03-26,2025-03-30,PO180216,U009,CC847,6132,False,none
INV00003161,765991624,Cousin SAS,FR7310424624561851744600452,1907.0,EUR,2024-02-21,2024-02-24,,U026,CC983,6063,False,none
INV00002608,567982507,Delahaye EURL,FR7667146283143598926256609,2752.81,EUR,2025-03-15,2025-03-21,PO414442,U014,CC276,6181,False,none
INV00003905,375265479,Chartier SASU,FR8312871539915668633414111,1111.66,EUR,2025-06-25,2025-06-29,PO509977,U016,CC621,6063,False,none
INV00000707,177739260,Lemonnier Reynaud S.A.R.L. SA,FR7784466345337220109121722,3129.18,EUR,2024-12-28,2025-01-02,PO852170,U003,CC546,6063,False,none
INV00004416,412528669,Daniel SAS,FR5611082555989534396112910,9267.98,EUR,2025-08-26,2025-08-29,PO758071,U026,CC678,6228,False,none
INV00001093,043898364,Renard SCI,FR5940299015579980284139080,6102.72,EUR,2024-01-17,2024-01-23,PO463716,U015,CC785,6061,False,none
INV00003803,662961943,Boulay SASU,FR7091025743263039752450864,2655.89,EUR,2025-04-09,2025-04-12,PO779395,U014,CC751,6132,False,none
INV00001376,910651801,Petitjean Klein et Fils SAS,FR2587125521376037548214565,1167.53,EUR,2024-11-18,2024-11-20,PO376049,U004,CC999,6068,False,none
INV00005064,669849027,Martins S.A.R.L. SARL,FR9481187233351040961497315,993.71,EUR,2024-06-15,2024-06-22,PO383542,U014,CC102,6132,True,under_threshold
INV00000072,724238849,Payet SCI,FR6113542784980841241182449,509.89,EUR,2024-12-30,2025-01-05,PO499194,U016,CC826,6063,False,none
INV00001922,513542784,Pascal SAS,FR6316048175496513709859317,1654.61,EUR,2025-07-30,2025-07-30,PO435752,U015,CC782,6063,False,none
INV00003392,078161849,Guillou Gautier et Fils SA,FR1389325288095701543039117,3168.88,EUR,2024-01-25,2024-01-28,PO538732,U024,CC425,6063,False,none
INV00001764,016400524,Blanchet SA,FR0417839084700766177115921,2738.05,EUR,2024-08-04,2024-08-11,PO239110,U029,CC421,6135,False,none
INV00000743,014388899,Menard SARL SARL,FR1284872975859883103032432,159.0,EUR,2024-02-02,2024-02-05,PO709184,U022,CC531,6068,False,none
INV00005094,000000000,Leroy S.A. SCI,FR6323361328507251786376731,2954.21,EUR,2024-07-25,2024-07-25,PO578441,U021,CC838,6068,True,shell_company
INV00001005,341108099,Grondin SA SASU,FR2609248762303911142817852,401.96,EUR,2024-04-11,2024-04-15,PO614034,U025,CC745,6181,False,none
INV00002668,529042284,Bourgeois SARL SAS,FR9324420438057198386384066,231.57,EUR,2025-06-29,2025-07-03,PO357276,U025,CC155,6065,False,none
INV00001190,809402445,Ollivier Bonneau S.A.S. SCI,FR6188117298068650863765991,82.51,EUR,2025-04-13,2025-04-15,PO530732,U013,CC505,6228,False,none
INV00003409,043898364,Renard SCI,FR5940299015579980284139080,310.91,EUR,2025-09-06,2025-09-07,PO743694,U027,CC712,6132,False,none
INV00002601,313237058,Clément SASU,FR6173203093761847870050506,1167.85,EUR,2024-03-23,2024-03-24,PO747507,U001,CC269,6135,False,none
INV00001125,445187053,Potier EURL,FR9459234268344149782661287,3557.37,EUR,2025-06-12,2025-06-17,PO535571,U024,CC123,6132,False,none
INV00001241,000257872,David et Fils SASU,FR4990714014011939325012495,429.35,EUR,2024-10-25,2024-10-31,PO590737,U010,CC239,6132,False,none
INV00003941,000257872,David et Fils SASU,FR4990714014011939325012495,13882.92,EUR,2025-12-25,2025-12-29,PO625862,U028,CC260,6132,False,none
INV00004500,249985698,Dufour Letellier S.A.R.L. SARL,FR0684245088210099688143536,252.25,EUR,2024-06-02,2024-06-02,PO597116,U012,CC130,6132,False,none
INV00004346,148951343,Lucas SAS,FR0358527722170430305486874,300.01,EUR,2024-07-20,2024-07-23,PO682995,U012,CC147,6068,False,none
INV00000998,332061632,Perrot S.A.R.L. SAS,FR9390392355580996132730346,356.57,EUR,2025-05-16,2025-05-16,PO839354,U025,CC633,6135,False,none
INV00003620,058651850,Bernard Boulay SA SASU,FR7178686337524310690331190,313.73,EUR,2024-01-14,2024-01-14,PO919871,U019,CC336,6061,False,none
INV00002684,428699041,Mace Arnaud S.A.R.L. SAS,FR1205595501783325848689993,2637.86,EUR,2024-10-25,2024-10-29,PO789700,U004,CC405,6065,False,none
INV00001577,477752047,Mallet SASU,FR7165193982807374167243426,2754.1,EUR,2024-07-11,2024-07-12,PO232235,U004,CC840,6063,False,none
INV00004939,171339596,Lévêque SA,FR4414754102252677119642152,2281.73,EUR,2024-04-19,2024-04-22,PO882519,U007,CC497,6132,False,none
INV00001826,374741124,Hervé Sanchez S.A.S. SA,FR2338984690819740056435023,1420.42,EUR,2024-06-25,2024-06-28,,U007,CC234,6063,False,none
INV00004398,788728743,Hernandez SA,FR2552809242875721586241502,524.48,EUR,2025-02-08,2025-02-08,PO524864,U020,CC584,6061,False,none
INV00005141,142939685,Labbé SARL EURL,FR9575230837081647090063353,43501.51,EUR,2024-08-19,2024-08-22,PO755687,U011,CC961,6132,True,amount_outlier
INV00003774,793341016,Riou EURL,FR8212182097023164334817058,2284.07,EUR,2025-09-05,2025-09-10,,U020,CC935,6065,False,none
INV00000440,473121727,Besnard Muller S.A.R.L. SASU,FR8896271286391741011947072,583.13,EUR,2025-02-25,2025-02-27,PO644909,U023,CC353,6063,False,none
INV00005102,192294123,Collet Vidal S.A. SAS,FR4259570861993145843456631,26500.58,EUR,2025-01-02,2025-01-06,PO899128,U029,CC301,6063,True,shared_iban_ring
INV00001100,102499471,Baron et Fils SAS,FR0223253672946671168457759,508.11,EUR,2024-08-20,2024-08-26,PO112151,U015,CC769,6181,False,none
INV00002637,786103579,Delattre SARL SA,FR1881980770460568761124912,1089.14,EUR,2025-10-18,2025-10-22,PO918130,U018,CC717,6061,False,none
INV00003269,743953394,Leduc SA SCI,FR2245444328309652074466609,332.79,EUR,2024-03-12,2024-03-18,PO128535,U026,CC356,6181,False,none
INV00000649,881435368,Lombard EURL,FR3344983553935435864496392,880.15,EUR,2024-10-29,2024-10-31,,U014,CC919,6135,False,none
INV00001546,310341316,Delannoy Langlois S.A.R.L. SASU,FR6557871331509839301031051,2405.25,EUR,2024-06-25,2024-06-29,,U016,CC323,6135,False,none
INV00003778,434558122,Guillet SARL,FR8764710276773592555625881,3171.45,EUR,2024-03-23,2024-03-27,PO268157,U006,CC312,6061,False,none
INV00003801,870831727,Becker SCI,FR2373947312172715518844225,2835.62,EUR,2024-11-15,2024-11-18,PO977089,U005,CC825,6135,False,none
INV00003382,535218188,Ruiz SA,FR9334722820055778487282997,713.17,EUR,2024-11-07,2024-11-10,,U005,CC688,6065,False,none
INV00003405,869261796,Bodin Lelièvre S.A.R.L. SCI,FR7421753540838663177971775,1907.0,EUR,2024-12-17,2024-12-17,PO947739,U009,CC403,6061,False,none
INV00003995,257905072,Gonzalez Bernard S.A. SAS,FR1739087884434481230834024,1457.03,EUR,2025-01-03,2025-01-04,PO810333,U013,CC409,6135,False,none
INV00000630,161369681,Lacombe SA,FR4596475987622023413261117,9816.01,EUR,2024-04-02,2024-04-09,PO326183,U015,CC398,6181,False,none
INV00000672,651827553,Alexandre SARL SARL,FR4121269428946420362586314,5035.17,EUR,2025-07-12,2025-07-13,PO681078,U029,CC604,6061,False,none
INV00001249,341108099,Grondin SA SASU,FR2609248762303911142817852,227.96,EUR,2024-12-06,2024-12-10,PO142961,U012,CC958,6132,False,none
INV00000482,353875842,Lucas SASU,FR4715622949381735984884021,3390.49,EUR,2025-04-08,2025-04-13,PO955932,U019,CC740,6132,False,none
INV00001584,477752047,Mallet SASU,FR7165193982807374167243426,2305.92,EUR,2025-02-12,2025-02-19,PO312080,U023,CC284,6181,False,none
INV00003286,774348734,Perrot Paul SARL SCI,FR4914384249818299229959001,387.05,EUR,2024-12-17,2024-12-23,PO687783,U016,CC172,6063,False,none
INV00004770,210470952,Cousin Pereira S.A.R.L. SCI,FR2248251353465549471709991,2576.76,EUR,2025-01-05,2025-01-10,PO954188,U005,CC599,6068,False,none
INV00003248,825128682,Diallo SARL,FR2041085628843188485200894,1348.09,EUR,2024-04-25,2024-04-30,PO356447,U008,CC484,6061,False,none
INV00001462,303911718,Besnard SA,FR0743455812236231665876036,1035.24,EUR,2025-04-27,2025-05-03,PO907180,U003,CC532,6135,False,none
INV00004454,765277584,Le Gall Lebon SA EURL,FR0519657013290227846997335,1271.39,EUR,2025-07-13,2025-07-16,PO390353,U021,CC838,6228,False,none
INV00003868,522047277,Colin Lecoq et Fils SCI,FR5564474212309407778097339,732.94,EUR,2025-10-25,2025-11-01,PO661457,U028,CC555,6065,False,none
INV00005132,432830965,Guibert SCI,FR2664347452455574696606065,88594.92,EUR,2025-12-20,2025-12-21,PO514507,U022,CC225,6065,True,amount_outlier
INV00002578,569092755,Le Goff SA SA,FR3492766372395041027674783,1475.27,EUR,2025-02-08,2025-02-11,PO397459,U010,CC915,6061,False,none
INV00004059,275037314,Rodrigues et Fils SCI,FR5784008385076597595450891,5055.43,EUR,2024-10-24,2024-10-25,PO591513,U001,CC791,6132,False,none
INV00000049,965756924,Gilbert SA,FR7316493289802714872717833,762.11,EUR,2024-01-22,2024-01-24,PO416503,U000,CC407,6068,False,none
INV00004425,540331739,Paris SAS,FR1487758030468750635190361,1033.22,EUR,2024-03-27,2024-03-27,PO993902,U012,CC985,6135,False,none
INV00004704,934835642,Durand SAS,FR3839488488269131196425856,2981.71,EUR,2025-03-09,2025-03-11,PO545192,U029,CC717,6132,False,none
INV00000858,886101581,Thomas Richard S.A.S. SASU,FR5457666567491601692364587,513.53,EUR,2025-12-21,2025-12-26,,U020,CC491,6181,False,none
INV00001072,523124329,Meyer SA,FR2200825478077406493085368,2379.29,EUR,2025-02-18,2025-02-21,PO386050,U028,CC304,6065,False,none
INV00000719,571775140,Martel EURL,FR6524082226940539672757844,100.62,EUR,2024-05-31,2024-06-01,PO821541,U012,CC769,6132,False,none
INV00004184,977008860,Bigot SCI,FR5865754602734151488814311,718.08,EUR,2024-04-13,2024-04-18,PO979951,U015,CC863,6228,False,none
INV00002631,337543303,Garnier EURL,FR0859696641605297516136968,15380.95,EUR,2024-09-11,2024-09-18,PO381719,U011,CC538,6135,False,none
INV00005024,233095849,Jacob Humbert S.A.S. S.A.S.U,FR3488788361968931350305872,386.41,EUR,2025-09-14,2025-09-17,PO800404,U029,CC189,6132,True,duplicate_fuzzy
INV00001660,432830965,Guibert SCI,FR2664347452455574696606065,5480.72,EUR,2024-11-19,2024-11-19,PO301897,U005,CC942,6065,False,none
INV00001656,148951343,Lucas SAS,FR0358527722170430305486874,2553.78,EUR,2025-03-23,2025-03-26,,U022,CC383,6065,False,none
INV00002425,018451462,Godard S.A.R.L. SASU,FR2956981693406088356159514,1682.81,EUR,2025-02-27,2025-03-03,PO844431,U024,CC386,6181,False,none
INV00004315,038567700,Rémy SAS,FR1374223196463004023693626,4835.87,EUR,2025-07-03,2025-07-06,PO650958,U023,CC253,6132,False,none
INV00004362,738347359,Bonnet SCI,FR0546084325621689363926495,2931.84,EUR,2024-05-21,2024-05-24,PO696678,U019,CC820,6135,False,none
INV00005125,977236929,Moreau EURL,FR7191767993593744039464083,48569.46,EUR,2024-11-09,2024-11-14,PO395917,U027,CC131,6068,True,amount_outlier
INV00003534,121003236,Klein Dumont S.A.S. EURL,FR6871114837537458438458810,3544.01,EUR,2025-03-22,2025-03-27,PO220054,U022,CC710,6228,False,none
INV00004617,099861622,Marie EURL,FR6426861205943897607401775,625.44,EUR,2025-04-02,2025-04-02,PO390217,U001,CC384,6181,False,none
INV00004139,562328588,Meunier SA,FR8621752500743292712966667,3156.28,EUR,2025-03-08,2025-03-15,PO562732,U008,CC570,6181,False,none
INV00004900,977236929,Moreau EURL,FR7191767993593744039464083,360.54,EUR,2024-11-13,2024-11-16,PO825135,U016,CC142,6132,False,none
INV00002934,525534192,Pereira et Fils EURL,FR4956670106513338726247317,749.84,EUR,2025-11-28,2025-12-01,,U016,CC542,6135,False,none
INV00004257,225358414,Leconte Bertrand SA SA,FR1454364597010822078113799,168.04,EUR,2024-02-28,2024-03-06,PO264580,U024,CC997,6228,False,none
INV00003323,057202590,Gros SA,FR3823945354614707986321061,3375.18,EUR,2024-01-18,2024-01-19,PO668082,U025,CC872,6068,False,none
INV00002606,738347359,Bonnet SCI,FR0546084325621689363926495,13038.28,EUR,2024-07-11,2024-07-16,PO184046,U025,CC699,6181,False,none
INV00001385,165667010,Diaz Chrétien S.A.R.L. SARL,FR6109477752047116719022941,1101.64,EUR,2024-12-15,2024-12-20,PO584064,U010,CC915,6181,False,none
INV00004094,235116155,Guillon SA,FR5453287101226916697848018,183.75,EUR,2024-09-04,2024-09-06,PO363175,U029,CC134,6068,False,none
INV00001399,829221699,François EURL,FR9393110059129751910231211,2177.52,EUR,2025-07-07,2025-07-10,PO592571,U028,CC119,6135,False,none
INV00001195,684602235,Alexandre SARL,FR6536911289812317955633185,4486.57,EUR,2024-04-18,2024-04-19,PO551880,U026,CC383,6228,False,none
INV00001408,825128682,Diallo SARL,FR2041085628843188485200894,313.2,EUR,2024-12-06,2024-12-13,PO212978,U029,CC380,6228,False,none
INV00004083,884252410,Lemaire SA,FR3515632686850745106634362,10185.83,EUR,2024-01-28,2024-01-31,,U004,CC965,6181,False,none
INV00001798,074329271,Goncalves SA SARL,FR8234654950050702608698221,4316.7,EUR,2024-11-16,2024-11-21,PO696842,U001,CC131,6063,False,none
INV00001475,565574313,Bouvet SA SA,FR5259025176298334774332683,1164.79,EUR,2025-09-10,2025-09-11,PO135165,U008,CC546,6181,False,none
INV00003437,374741124,Hervé Sanchez S.A.S. SA,FR2338984690819740056435023,2113.02,EUR,2025-01-01,2025-01-01,PO447478,U023,CC326,6065,False,none
INV00000035,688937346,Seguin Buisson S.A. EURL,FR8795269495888794705516940,856.23,EUR,2024-05-22,2024-05-23,PO169918,U001,CC955,6065,False,none
INV00003781,869261796,Bodin Lelièvre S.A.R.L. SCI,FR7421753540838663177971775,544.5,EUR,2025-11-29,2025-12-01,PO141225,U028,CC583,6068,False,none
INV00002345,656272980,Bazin Berger SA SARL,FR4113075626368970283857865,1673.17,EUR,2024-03-07,2024-03-14,PO708783,U009,CC819,6228,False,none
INV00003396,877169472,Grondin SA,FR9325523561781703211920613,53968.58,EUR,2025-12-20,2025-12-25,PO644031,U026,CC986,6063,False,none
INV00002359,003791769,Bernier SAS,FR7565277584161692845115447,1417.24,EUR,2024-11-06,2024-11-07,PO529495,U021,CC634,6132,False,none
INV00003006,688937346,Seguin Buisson S.A. EURL,FR8795269495888794705516940,1181.96,EUR,2024-04-25,2024-05-01,PO541428,U027,CC284,6132,False,none
INV00002206,694097499,Pages SARL,FR4749946579678427114773201,195.17,EUR,2025-04-03,2025-04-06,PO354235,U026,CC822,6132,False,none
INV00004865,656272980,Bazin Berger SA SARL,FR4113075626368970283857865,466.13,EUR,2025-11-01,2025-11-03,,U012,CC181,6132,False,none
INV00004024,870021765,Leclerc EURL,FR2634672994938743027169385,1185.1,EUR,2024-10-27,2024-11-02,PO579585,U010,CC453,6065,False,none
INV00001286,571775140,Martel EURL,FR6524082226940539672757844,743.47,EUR,2024-11-15,2024-11-18,PO632629,U013,CC247,6135,False,none
INV00000349,587717535,Maréchal SA,FR7596399076769915078593110,170.5,EUR,2024-07-03,2024-07-09,PO448884,U022,CC532,6063,False,none
INV00002137,193466766,Goncalves SASU,FR8549561213773062604235973,294.93,EUR,2024-02-21,2024-02-24,,U027,CC382,6065,False,none
INV00002691,167014508,Pires EURL,FR6708031499825080046358068,2430.92,EUR,2025-10-25,2025-10-30,PO391904,U021,CC116,6068,False,none
INV00003185,584419866,Gay EURL,FR4351364424936312303477866,811.08,EUR,2024-02-06,2024-02-09,PO764784,U017,CC116,6181,False,none
INV00003606,982708086,Guyon S.A.S. SCI,FR7246376604655866525483744,3131.59,EUR,2025-06-06,2025-06-09,PO777300,U014,CC185,6132,False,none
INV00001681,628900287,Dupont SA,FR1072311127128524648449411,114.22,EUR,2025-02-06,2025-02-10,PO373472,U005,CC187,6065,False,none
INV00004623,104328986,Girard Gonzalez S.A. SARL,FR5850209945101622499982795,594.81,EUR,2024-09-16,2024-09-20,PO888538,U007,CC939,6228,False,none
INV00001443,547812914,Poulain EURL,FR3972239898306503121980418,46.24,EUR,2025-07-07,2025-07-13,PO837093,U015,CC910,6068,False,none
INV00003467,356159514,Étienne SARL SASU,FR1135733221418880592962229,2147.39,EUR,2024-06-01,2024-06-06,PO857758,U028,CC970,6068,False,none
INV00001671,034043842,Morin SASU,FR2227223972404226931216376,322.8,EUR,2025-10-06,2025-10-13,PO781212,U018,CC829,6065,False,none
INV00004853,275037314,Rodrigues et Fils SCI,FR5784008385076597595450891,12961.48,EUR,2024-06-19,2024-06-21,PO346004,U001,CC447,6228,False,none
INV00001179,743953394,Leduc SA SCI,FR2245444328309652074466609,3273.86,EUR,2024-05-19,2024-05-23,PO491617,U000,CC429,6181,False,none
INV00002798,493759738,Faivre S.A. SASU,FR8443985298940626078701041,966.26,EUR,2024-01-22,2024-01-24,PO590145,U014,CC323,6068,False,none
INV00001692,591846386,Vasseur Menard S.A.R.L. EURL,FR6918856669541329715066626,218.3,EUR,2025-05-18,2025-05-18,PO868905,U008,CC977,6065,False,none
INV00004116,869222196,Ollivier Ribeiro SA SAS,FR7808989921722332061632945,1690.39,EUR,2025-12-27,2026-01-03,PO156177,U004,CC856,6063,False,none
INV00000372,799371240,Hoareau SCI,FR3905510762091843579786305,350.49,EUR,2024-06-13,2024-06-18,PO615138,U024,CC254,6228,False,none
INV00003055,798552414,Boulay Bertin SARL SAS,FR9375749490228403595442947,1053.44,EUR,2024-07-28,2024-07-31,PO345715,U002,CC494,6228,False,none
INV00003856,865890260,Royer et Fils SAS,FR3684148460191344389982780,1443.99,EUR,2024-06-16,2024-06-18,PO999495,U006,CC690,6061,False,none
INV00001916,231665876,Leroux Millet S.A.S. EURL,FR2753278774701687339500479,1634.11,EUR,2025-03-10,2025-03-12,PO791288,U000,CC745,6132,False,none
INV00001357,432225913,Ruiz Rémy SA SASU,FR8391090326714949819421794,172.61,EUR,2024-12-06,2024-12-06,PO804393,U018,CC452,6135,False,none
INV00001825,392827229,Dumas S.A.R.L. SARL,FR7176775372603214505766194,3203.11,EUR,2024-03-08,2024-03-08,,U025,CC414,6135,False,none
INV00000786,727875588,Gérard SASU,FR9599934768701462638380657,1478.71,EUR,2024-09-15,2024-09-21,PO889762,U009,CC268,6068,False,none
INV00000469,100225579,Menard Brunel S.A. SARL,FR8520715116966672521452647,144.58,EUR,2024-04-26,2024-04-28,PO276358,U025,CC351,6181,False,none
INV00000140,638546785,Hoarau SAS,FR3973505831997179110065120,1229.51,EUR,2025-12-20,2025-12-24,PO511122,U005,CC816,6135,False,none
INV00000788,906120347,Perrin SASU,FR7123859514346823948400273,712.83,EUR,2024-09-06,2024-09-12,PO688155,U025,CC711,6068,False,none
INV00000323,359782071,Allard SASU,FR4570862095935186387829456,37048.09,EUR,2025-02-05,2025-02-09,,U018,CC511,6068,False,none
INV00000050,474517123,Moreau Labbé SA SAS,FR7233542168942104478985625,1313.95,EUR,2025-09-05,2025-09-09,PO636107,U017,CC684,6065,False,none
INV00000714,869261796,Bodin Lelièvre S.A.R.L. SCI,FR7421753540838663177971775,2953.19,EUR,2024-03-30,2024-03-30,PO391248,U029,CC236,6132,False,none
INV00004629,034043842,Morin SASU,FR2227223972404226931216376,3000.5,EUR,2024-06-02,2024-06-05,,U014,CC327,6061,False,none
INV00002840,121277561,Gonzalez SASU,FR0687339785598217661912841,6317.87,EUR,2024-05-02,2024-05-09,PO961163,U028,CC689,6228,False,none
INV00002446,526218159,Adam SARL,FR8283192134249128965999497,2288.26,EUR,2025-08-19,2025-08-19,PO444827,U000,CC999,6068,False,none
INV00004962,668516122,Roy Bouvet S.A.S. SASU,FR4449939089261371504165915,514.79,EUR,2025-08-23,2025-08-27,PO631752,U002,CC765,6068,False,none
INV00004558,267288574,Dijoux Seguin S.A. SARL,FR2495382804056129965082695,225.14,EUR,2025-12-01,2025-12-04,PO788631,U008,CC290,6061,False,none
INV00004983,082677345,Ledoux SA SAS,FR3527206345911238296577242,56.05,EUR,2025-05-14,2025-05-20,PO912647,U010,CC787,6068,False,none
INV00003942,004786863,Boulay et Fils SAS,FR9374907539989354492683158,2775.91,EUR,2025-10-15,2025-10-15,PO802387,U007,CC959,6065,False,none
INV00002666,482814893,Chauvet Colas SARL SARL,FR4380443699577738721489513,7264.54,EUR,2024-01-26,2024-01-27,PO959335,U017,CC549,6068,False,none
INV00000406,980500978,Guillet SARL,FR4837826398214658404499727,790.25,EUR,2024-12-01,2024-12-07,PO989838,U015,CC854,6132,False,none
INV00004546,606530745,Cordier S.A. SASU,FR0462447951330531949796958,84.05,EUR,2024-09-11,2024-09-18,PO599249,U023,CC548,6135,False,none
INV00001004,103865719,Albert SA,FR9896094097052774025883586,195.55,EUR,2024-05-12,2024-05-19,PO288811,U028,CC407,6068,False,none
INV00003213,202970213,Bonnet SCI,FR5879290490471281442944401,2328.81,EUR,2025-06-27,2025-06-28,PO893351,U013,CC141,6063,False,none
INV00000890,434266179,Klein SCI,FR8533305912662015720185962,352.92,EUR,2025-11-28,2025-12-03,PO548443,U014,CC530,6181,False,none
INV00002411,870831727,Becker SCI,FR2373947312172715518844225,1081.23,EUR,2024-12-06,2024-12-08,PO390505,U017,CC576,6061,False,none
INV00002545,496513709,Mahe S.A. SA,FR1234835642087375300119721,425.86,EUR,2025-11-14,2025-11-20,PO976500,U015,CC721,6061,False,none
INV00003671,434266179,Klein SCI,FR8533305912662015720185962,1257.17,EUR,2025-03-11,2025-03-17,PO171699,U027,CC674,6135,False,none
INV00002390,337543303,Garnier EURL,FR0859696641605297516136968,2086.15,EUR,2025-11-07,2025-11-14,PO439035,U020,CC309,6135,False,none
INV00004149,187026217,Hoareau Le Gall et Fils EURL,FR7442209690295939172513552,2402.45,EUR,2024-08-31,2024-09-06,PO859193,U011,CC137,6135,False,none
INV00000042,014388899,Menard SARL SARL,FR1284872975859883103032432,550.47,EUR,2024-05-13,2024-05-16,PO287588,U017,CC867,6181,False,none
INV00002830,161369681,Lacombe SA,FR4596475987622023413261117,1734.72,EUR,2024-06-02,2024-06-09,PO925120,U025,CC524,6065,False,none
INV00003535,267658617,Brun S.A. EURL,FR3210672872866041644859592,1229.48,EUR,2025-03-18,2025-03-18,PO172510,U023,CC984,6135,False,none
INV00003022,517016608,Ledoux Techer SA EURL,FR7981079649673794577278532,123.89,EUR,2025-07-08,2025-07-10,PO283800,U002,CC756,6068,False,none
INV00000303,666676008,Langlois S.A.R.L. SASU,FR7942585917793238223116491,335.82,EUR,2024-10-03,2024-10-09,PO799061,U019,CC514,6228,False,none
INV00004654,685160481,Pruvost S.A.S. SCI,FR0715064890901001676184723,705.82,EUR,2024-09-05,2024-09-07,PO323096,U028,CC963,6063,False,none
INV00004001,509839301,Moreno SA SARL,FR7886518506716572628498776,643.12,EUR,2024-10-20,2024-10-25,PO131638,U003,CC344,6068,False,none
INV00000664,434266179,Klein SCI,FR8533305912662015720185962,932.04,EUR,2024-10-04,2024-10-11,,U011,CC817,6132,False,none
INV00001177,783613407,Laurent Dumas S.A.R.L. SARL,FR3025436172131451951510922,2971.49,EUR,2024-08-13,2024-08-19,PO105948,U024,CC513,6061,False,none
INV00002676,526965827,Lebreton S.A. SA,FR0284964985601256253135525,5816.75,EUR,2024-08-06,2024-08-10,PO983370,U016,CC434,6061,False,none
INV00001947,676320163,Marchal SCI,FR8220297021355690927557192,503.14,EUR,2025-05-11,2025-05-15,,U008,CC523,6063,False,none
INV00002501,353465549,Hamel Legrand et Fils SARL,FR9247725129578606940960035,1209.03,EUR,2025-10-01,2025-10-02,PO589302,U024,CC767,6181,False,none
INV00001473,895798687,Bigot SASU,FR0482911467866912517785289,274.33,EUR,2025-12-19,2025-12-21,PO876319,U019,CC676,6061,False,none
INV00004081,547772522,Lefort Mary SARL SCI,FR3903342342583230241026153,11847.36,EUR,2024-08-19,2024-08-24,,U029,CC925,6061,False,none
INV00003758,475412126,Alves S.A.R.L. SARL,FR6327768962706614982824674,3471.01,EUR,2024-04-21,2024-04-22,PO584904,U013,CC380,6061,False,none
INV00002132,783613407,Laurent Dumas S.A.R.L. SARL,FR3025436172131451951510922,72.22,EUR,2025-04-23,2025-04-29,PO863503,U019,CC895,6181,False,none
INV00001026,814770054,Lombard Petitjean SA SA,FR4488147435031365024916300,4653.56,EUR,2024-11-18,2024-11-21,PO621178,U023,CC503,6135,False,none
INV00002989,367837770,Mercier Neveu S.A. SARL,FR2338750997700886008484086,2258.37,EUR,2024-09-11,2024-09-15,PO801504,U027,CC104,6065,False,none
INV00000961,975001701,Guérin S.A. SAS,FR8474747219705466927589551,2587.1,EUR,2025-12-30,2026-01-04,,U022,CC333,6061,False,none
INV00002889,452288515,Dupont Blot SARL SASU,FR9377567772266025626506229,4416.28,EUR,2024-01-13,2024-01-19,PO548028,U009,CC933,6061,False,none
INV00003021,762120216,Guillou Gérard S.A.R.L. SCI,FR6390814415298217392957867,90.81,EUR,2025-12-14,2025-12-15,PO375394,U009,CC580,6181,False,none
INV00003015,928565431,Pereira S.A.S. SARL,FR1856945441496739385258001,715.57,EUR,2024-09-10,2024-09-10,PO911915,U010,CC298,6135,False,none
INV00003351,218515691,Collet SCI,FR5331467536127515627796304,3804.19,EUR,2024-08-18,2024-08-24,PO637027,U011,CC326,6061,False,none
INV00002009,303054868,Faivre S.A.R.L. SA,FR3221717477332945625577017,390.6,EUR,2025-06-24,2025-06-24,PO148315,U013,CC543,6181,False,none
INV00002149,662702895,Lefebvre Laine S.A.R.L. EURL,FR3759325250029218515691545,455.89,EUR,2024-05-30,2024-06-02,PO216890,U008,CC163,6061,False,none
INV00004016,765277584,Le Gall Lebon SA EURL,FR0519657013290227846997335,976.7,EUR,2025-10-20,2025-10-27,PO650081,U027,CC432,6065,False,none
INV00002338,384309883,Lagarde SARL,FR7382073651189394065578201,792.67,EUR,2025-10-18,2025-10-20,PO585820,U015,CC260,6181,False,none
INV00000735,865890260,Royer et Fils SAS,FR3684148460191344389982780,1034.96,EUR,2024-06-27,2024-06-28,PO733870,U004,CC282,6181,False,none
INV00000304,560466183,Rocher et Fils SASU,FR0824972439920116691836264,711.92,EUR,2024-11-08,2024-11-09,PO613111,U015,CC336,6065,False,none
INV00001440,031051834,Germain SCI,FR0473545494808313678377701,78.48,EUR,2025-07-19,2025-07-25,PO113913,U018,CC145,6063,False,none
INV00001496,932525002,Aubry Lelièvre S.A. SA,FR8627423183061789320649693,300.61,EUR,2024-03-30,2024-04-01,PO821768,U009,CC294,6135,False,none
INV00002652,886101581,Thomas Richard S.A.S. SASU,FR5457666567491601692364587,447.67,EUR,2024-05-31,2024-06-03,PO445495,U021,CC712,6061,False,none
INV00002875,161369681,Lacombe SA,FR4596475987622023413261117,174.77,EUR,2025-03-15,2025-03-21,PO736980,U028,CC565,6061,False,none
INV00000916,478985625,Philippe et Fils SA,FR2858929880858382521293289,272.47,EUR,2024-02-27,2024-02-27,PO436759,U003,CC815,6228,False,none
INV00004314,135290965,Carlier S.A.S. SARL,FR3288718981312920875102932,765.07,EUR,2025-05-12,2025-05-17,PO964608,U015,CC714,6228,False,none
INV00004705,261990623,Georges SASU,FR9029884259959961002311775,141.09,EUR,2024-12-02,2024-12-09,PO276287,U018,CC300,6181,False,none
INV00004768,135290965,Carlier S.A.S. SARL,FR3288718981312920875102932,465.58,EUR,2024-12-02,2024-12-07,PO547924,U005,CC684,6228,False,none
INV00004550,031051834,Germain SCI,FR0473545494808313678377701,983.56,EUR,2024-09-03,2024-09-07,PO875174,U016,CC519,6063,False,none
INV00002772,673622660,Roux SASU,FR5376251538144744309634807,284.13,EUR,2024-12-28,2025-01-01,PO771452,U004,CC875,6181,False,none
INV00001624,349361832,Henry SCI,FR7934074517133959629233095,241.78,EUR,2025-11-27,2025-11-30,,U005,CC289,6063,False,none
INV00004096,184498926,Noël SA,FR3275957498855829849330674,1280.92,EUR,2024-03-18,2024-03-21,PO484968,U012,CC749,6063,False,none
INV00000821,646519398,Chevallier Briand SARL SA,FR8552899316087524377294209,559.88,EUR,2025-12-04,2025-12-08,PO302212,U019,CC130,6061,False,none
INV00003525,072290349,Lopes Raynaud et Fils SARL,FR0313577908335061581488810,1114.69,EUR,2025-12-07,2025-12-07,PO793528,U021,CC594,6181,False,none
INV00001354,688444310,Pascal S.A.R.L. SAS,FR5152057563983652037583094,2023.23,EUR,2025-06-19,2025-06-20,PO253769,U029,CC555,6063,False,none
INV00004638,829221699,François EURL,FR9393110059129751910231211,438.79,EUR,2024-05-21,2024-05-28,PO220573,U014,CC469,6228,False,none
INV00000850,025634216,Masson EURL,FR1097840369003432445107622,1782.69,EUR,2025-01-25,2025-01-25,PO590891,U026,CC494,6068,False,none
INV00001000,005162713,De Oliveira Grenier S.A.S. EURL,FR0629635339055044817766558,100.62,EUR,2025-08-01,2025-08-04,PO258789,U015,CC933,6065,False,none
INV00003617,143866322,Cousin SA SAS,FR2584993231234266980690872,386.47,EUR,2025-12-17,2025-12-17,PO856018,U001,CC681,6132,False,none
INV00000018,399091699,Huet et Fils SASU,FR9543161172400504556238692,948.93,EUR,2024-11-20,2024-11-27,PO982417,U008,CC936,6181,False,none
INV00001637,793341016,Riou EURL,FR8212182097023164334817058,103.22,EUR,2024-05-24,2024-05-31,PO558700,U001,CC358,6061,False,none
INV00001667,038567700,Rémy SAS,FR1374223196463004023693626,2610.22,EUR,2025-02-10,2025-02-17,PO723136,U017,CC776,6068,False,none
INV00000493,808412411,De Sousa SCI,FR4086926179640537735158506,9102.3,EUR,2024-05-20,2024-05-21,,U013,CC927,6061,False,none
INV00003173,518023806,Vincent S.A.R.L. SASU,FR0506500425488214236914307,6575.31,EUR,2024-10-10,2024-10-17,PO259691,U013,CC430,6228,False,none
INV00001347,903521356,Joseph SCI,FR8891872401078356743000389,6278.88,EUR,2025-03-24,2025-03-30,PO939738,U006,CC254,6181,False,none
INV00003018,369155942,Paul et Fils SCI,FR9212600308356691062715312,21.74,EUR,2024-01-14,2024-01-21,PO130629,U004,CC653,6061,False,none
INV00004509,706324241,Charpentier S.A.R.L. EURL,FR5896136715778711216636515,94264.01,EUR,2025-12-01,2025-12-06,PO330194,U017,CC773,6063,False,none
INV00003479,786103579,Delattre SARL SA,FR1881980770460568761124912,1477.4,EUR,2024-06-30,2024-06-30,PO378534,U024,CC727,6061,False,none
INV00003860,029593917,Traore Dupuy SA SASU,FR0518600892196394568044731,2099.92,EUR,2024-01-21,2024-01-21,PO584680,U000,CC838,6063,False,none
INV00003718,294019655,Garnier SA,FR9019986798079359782071518,6034.45,EUR,2024-08-14,2024-08-20,PO409668,U013,CC905,6063,False,none
INV00000687,788728743,Hernandez SA,FR2552809242875721586241502,1867.77,EUR,2025-03-22,2025-03-27,PO268099,U021,CC303,6228,False,none
INV00003985,200342442,Leblanc EURL,FR3552597107563353574859532,132.67,EUR,2024-06-30,2024-06-30,PO970793,U021,CC268,6135,False,none
INV00001608,562328588,Meunier SA,FR8621752500743292712966667,2881.58,EUR,2025-10-05,2025-10-12,PO884056,U022,CC168,6068,False,none
INV00004220,496513709,Mahe S.A. SA,FR1234835642087375300119721,26.7,EUR,2025-01-31,2025-02-03,PO614897,U028,CC395,6061,False,none
INV00004535,944869594,Lebon Maury S.A.R.L. EURL,FR7144391649701693429291320,406.59,EUR,2024-11-14,2024-11-14,PO625126,U004,CC411,6063,False,none
INV00001009,555439878,Chauvin et Fils SAS,FR8000767620901447340433700,627.75,EUR,2025-07-08,2025-07-15,PO820604,U007,CC129,6132,False,none
INV00002408,270866882,Mary Gros SARL SA,FR2428914161284639855474355,2293.04,EUR,2025-12-13,2025-12-17,,U001,CC824,6228,False,none
INV00001092,655852398,Delattre S.A.R.L. SARL,FR8812075452798524013223423,5667.81,EUR,2025-11-08,2025-11-10,PO443001,U028,CC389,6181,False,none
INV00001327,270866882,Mary Gros SARL SA,FR2428914161284639855474355,5727.43,EUR,2024-09-24,2024-09-27,PO159169,U012,CC489,6065,False,none
INV00004803,142626551,Dijoux SARL,FR3427017130232129833816742,388.57,EUR,2024-11-21,2024-11-22,PO554040,U029,CC579,6181,False,none
INV00001677,043581128,Lemonnier Chrétien S.A. EURL,FR4008172143643813000413211,2787.21,EUR,2025-06-14,2025-06-19,,U024,CC111,6061,False,none
INV00001999,680876038,Neveu S.A. SARL,FR5802758842524105648149177,273.39,EUR,2024-11-02,2024-11-02,PO684104,U029,CC317,6065,False,none
INV00001310,168784991,Klein SA,FR2518321928554451895202845,4302.7,EUR,2024-04-04,2024-04-04,PO817399,U027,CC544,6065,False,none
INV00003263,865890260,Royer et Fils SAS,FR3684148460191344389982780,3442.81,EUR,2024-11-30,2024-12-07,PO126486,U011,CC472,6228,False,none
INV00003482,663193149,Ramos SCI,FR4364039106518017046226567,7414.74,EUR,2025-11-05,2025-11-12,PO339826,U024,CC394,6132,False,none
INV00001987,646471543,Chevalier Cousin SA SAS,FR4814150937710040901380698,538.72,EUR,2025-07-25,2025-07-26,PO515591,U014,CC585,6132,False,none
INV00003897,374741124,Hervé Sanchez S.A.S. SA,FR2338984690819740056435023,437.74,EUR,2024-07-26,2024-07-29,PO542772,U010,CC709,6228,False,none
INV00000344,555439878,Chauvin et Fils SAS,FR8000767620901447340433700,928.8,EUR,2025-09-02,2025-09-02,PO927119,U021,CC345,6132,False,none
INV00004318,398225871,Da Silva SASU,FR8067899730806958146717957,13213.55,EUR,2024-05-17,2024-05-22,PO203249,U016,CC451,6065,False,none
INV00000986,687339500,Prévost SARL,FR4598056265650455478137674,754.52,EUR,2025-01-10,2025-01-14,PO201605,U007,CC404,6228,False,none
INV00000587,478985625,Philippe et Fils SA,FR2858929880858382521293289,1434.43,EUR,2025-04-10,2025-04-16,PO187275,U024,CC407,6065,False,none
INV00004065,159399824,Besnard EURL,FR4194620726629250817760299,576.03,EUR,2024-11-06,2024-11-10,PO979527,U023,CC607,6228,False,none
INV00004448,887676772,Germain EURL,FR4284269450053424089164983,1415.82,EUR,2025-06-11,2025-06-17,PO640645,U025,CC855,6228,False,none
INV00004177,799088117,Pages SAS,FR0391122528837505661863239,5021.8,EUR,2025-01-30,2025-02-05,PO989163,U006,CC790,6132,False,none
INV00003305,788191485,Royer S.A. SASU,FR9390018513279724572308481,315.84,EUR,2025-04-17,2025-04-19,PO583291,U015,CC751,6068,False,none
INV00003725,688680589,Diallo SASU,FR7917647501111783099974192,638.08,EUR,2025-12-29,2025-12-30,PO177473,U014,CC209,6181,False,none
INV00001142,971870728,Guillou Vasseur S.A.S. SAS,FR9159724665729341722329716,117.15,EUR,2024-08-11,2024-08-15,PO968543,U026,CC842,6061,False,none
INV00002358,728080100,Olivier Rossi S.A.R.L. SASU,FR3655963099384253042897317,1136.7,EUR,2025-09-10,2025-09-13,PO816972,U022,CC448,6065,False,none
INV00001198,445187053,Potier EURL,FR9459234268344149782661287,1247.59,EUR,2025-02-26,2025-03-01,PO257805,U008,CC976,6068,False,none
INV00000085,482814893,Chauvet Colas SARL SARL,FR4380443699577738721489513,330.52,EUR,2025-04-27,2025-05-01,PO742108,U007,CC710,6068,False,none
INV00001518,551884422,Buisson et Fils SCI,FR0377661830671985546015851,456.61,EUR,2024-06-22,2024-06-26,PO497875,U019,CC998,6228,False,none
INV00000516,653287101,Le Roux S.A. SASU,FR0242786801128059826204505,1591.63,EUR,2025-10-25,2025-10-26,PO320449,U009,CC567,6068,False,none
INV00001381,569092755,Le Goff SA SA,FR3492766372395041027674783,284.87,EUR,2024-12-17,2024-12-17,PO957424,U013,CC181,6228,False,none
INV00002716,060385050,Boutin S.A. SAS,FR6828723244079311029181331,4459.62,EUR,2025-09-02,2025-09-08,PO651752,U013,CC685,6135,False,none
INV00003298,160648422,Brunet Dos Santos S.A.S. SASU,FR1956608470681039033970519,254.09,EUR,2025-08-27,2025-08-29,PO211457,U026,CC820,6065,False,none
INV00001014,952111790,Pages SAS,FR0979050404333353849516321,7223.27,EUR,2025-06-06,2025-06-08,PO120887,U023,CC121,6181,False,none
INV00000128,865890260,Royer et Fils SAS,FR3684148460191344389982780,64.48,EUR,2024-03-02,2024-03-06,PO250255,U024,CC992,6063,False,none
INV00001364,034505415,Berthelot SA,FR5814876963938276153966958,543.09,EUR,2024-06-17,2024-06-17,PO120145,U009,CC489,6068,False,none
INV00003870,872050614,Chauvin SASU,FR7044090797727810509222161,267.65,EUR,2025-10-25,2025-10-25,PO275543,U013,CC690,6061,False,none
INV00004165,669346547,Neveu Costa S.A.S. SASU,FR8327490728012342893113253,521.58,EUR,2024-07-04,2024-07-09,PO681929,U021,CC804,6063,False,none
INV00004585,155216674,Hardy SARL SCI,FR9490805120800564099512397,3348.55,EUR,2025-09-16,2025-09-16,PO234841,U005,CC177,6132,False,none
INV00000891,270866882,Mary Gros SARL SA,FR2428914161284639855474355,1691.36,EUR,2025-01-06,2025-01-06,PO127705,U024,CC531,6063,False,none
INV00002793,866618892,Payet SCI,FR0660880501716445561857906,460.92,EUR,2025-03-20,2025-03-22,PO109534,U025,CC788,6228,False,none
INV00004833,779082723,Perret SA,FR6634392529596111102867120,682.52,EUR,2024-07-02,2024-07-02,PO367319,U000,CC935,6068,False,none
INV00001359,955439376,Vaillant S.A.R.L. SASU,FR2592082832308981388158814,775.82,EUR,2024-12-09,2024-12-12,PO436276,U009,CC828,6063,False,none
INV00000307,321334803,Fontaine Perret SA SASU,FR5621288665268341559991015,6130.04,EUR,2024-05-23,2024-05-30,PO311740,U009,CC777,6228,False,none
INV00001661,020539502,Diallo Pages S.A. SARL,FR2272122816064842294057202,3398.15,EUR,2024-03-22,2024-03-22,PO305369,U026,CC314,6068,False,none
INV00002431,663177971,Daniel Descamps et Fils SCI,FR3107139848228501168809255,6120.03,EUR,2025-06-28,2025-07-05,PO494083,U019,CC123,6068,False,none
INV00004147,982708086,Guyon S.A.S. SCI,FR7246376604655866525483744,530.62,EUR,2025-10-06,2025-10-11,PO199275,U017,CC194,6135,False,none
INV00001317,474367136,Giraud S.A. EURL,FR8430307053457861035797279,87.96,EUR,2025-02-08,2025-02-12,PO110724,U013,CC943,6181,False,none
INV00004439,551884422,Buisson et Fils SCI,FR0377661830671985546015851,4276.25,EUR,2025-03-19,2025-03-19,,U011,CC208,6181,False,none
INV00002474,826137506,Dijoux SA EURL,FR6670388608680347644726490,799.04,EUR,2025-02-13,2025-02-17,PO251337,U014,CC529,6068,False,none
INV00002542,004786863,Boulay et Fils SAS,FR9374907539989354492683158,436.62,EUR,2024-06-22,2024-06-22,PO495572,U021,CC311,6065,False,none
INV00001246,944064090,Jourdan Jean et Fils SA,FR3946800722903494466574374,154.45,EUR,2024-10-07,2024-10-12,,U003,CC633,6132,False,none
INV00003898,170999173,Roche Leleu S.A. EURL,FR4842108902851553334264335,419.63,EUR,2024-08-31,2024-09-02,PO502210,U021,CC794,6132,False,none
INV00001208,170999173,Roche Leleu S.A. EURL,FR4842108902851553334264335,4672.25,EUR,2025-11-23,2025-11-26,PO938641,U016,CC468,6228,False,none
INV00000216,805310033,Daniel SARL SARL,FR8988728743152742054932966,50373.48,EUR,2024-02-20,2024-02-25,PO665940,U016,CC324,6228,False,none
INV00004428,484219933,Meunier Gautier S.A. SASU,FR3347649078515867342575409,2264.16,EUR,2024-04-16,2024-04-22,PO958870,U002,CC224,6181,False,none
INV00003273,326033230,Martin SA,FR0948439910622723626693351,61.87,EUR,2024-06-25,2024-06-30,PO289923,U023,CC248,6063,False,none
INV00001239,588153714,Simon S.A. SAS,FR7785695579887749242437540,681.32,EUR,2025-05-08,2025-05-10,PO273681,U020,CC749,6068,False,none
INV00002289,796114351,Peron SARL SAS,FR5864493699951679335055738,2825.84,EUR,2025-05-31,2025-06-06,PO745864,U005,CC775,6061,False,none
INV00002740,797403447,Guilbert EURL,FR7376767721903404384279788,407.73,EUR,2025-02-24,2025-03-02,PO558573,U022,CC714,6068,False,none
INV00000275,231491357,Jacquet SA,FR0433399948532089532638902,92733.04,EUR,2024-11-09,2024-11-13,PO599164,U022,CC937,6063,False,none
INV00000489,618091901,Poulain SARL,FR9160858167046861114576832,856.16,EUR,2024-12-19,2024-12-24,PO526640,U008,CC224,6228,False,none
INV00001035,971870728,Guillou Vasseur S.A.S. SAS,FR9159724665729341722329716,301.73,EUR,2024-02-04,2024-02-05,,U013,CC607,6065,False,none
INV00001229,102499471,Baron et Fils SAS,FR0223253672946671168457759,1445.59,EUR,2025-03-24,2025-03-30,PO699876,U015,CC595,6135,False,none
INV00004726,447962757,Descamps SA,FR0821267969278687653269097,2485.4,EUR,2024-09-22,2024-09-25,PO705133,U023,CC990,6065,False,none
INV00001008,435175183,Ledoux SAS,FR9681180715695620175370304,7951.48,EUR,2025-12-28,2026-01-02,PO839056,U004,CC892,6228,False,none
INV00004854,829221699,François EURL,FR9393110059129751910231211,2115.55,EUR,2024-12-07,2024-12-12,PO179922,U000,CC841,6063,False,none
INV00003339,799088117,Pages SAS,FR0391122528837505661863239,136.51,EUR,2024-08-13,2024-08-14,,U024,CC320,6132,False,none
INV00003825,262244472,Royer Bouvet S.A. SASU,FR6364027011686462252237281,887.91,EUR,2024-08-29,2024-08-30,PO904246,U008,CC894,6068,False,none
INV00002532,475412126,Alves S.A.R.L. SARL,FR6327768962706614982824674,3235.12,EUR,2025-06-06,2025-06-08,PO770555,U001,CC880,6228,False,none
INV00004301,353465549,Hamel Legrand et Fils SARL,FR9247725129578606940960035,333.6,EUR,2024-08-31,2024-09-04,PO380128,U028,CC142,6135,False,none
INV00001058,097289623,Loiseau SCI,FR9611877347784858800616756,8754.34,EUR,2024-11-01,2024-11-05,PO160006,U018,CC943,6061,False,none
INV00002166,865890260,Royer et Fils SAS,FR3684148460191344389982780,821.9,EUR,2024-11-09,2024-11-13,PO601718,U006,CC432,6228,False,none
INV00004229,478985625,Philippe et Fils SA,FR2858929880858382521293289,468.25,EUR,2025-07-01,2025-07-08,PO374127,U022,CC909,6068,False,none
INV00003604,555439878,Chauvin et Fils SAS,FR8000767620901447340433700,3318.07,EUR,2025-04-27,2025-04-30,PO713931,U010,CC617,6065,False,none
INV00000281,567982507,Delahaye EURL,FR7667146283143598926256609,13000.79,EUR,2025-03-10,2025-03-15,PO113524,U004,CC630,6132,False,none
INV00003807,341036971,Georges SA,FR1814586833901981794695489,6723.26,EUR,2024-07-03,2024-07-09,PO585497,U014,CC821,6065,False,none
INV00001316,518023806,Vincent S.A.R.L. SASU,FR0506500425488214236914307,265.73,EUR,2024-06-10,2024-06-16,PO844669,U027,CC741,6132,False,none
INV00005129,584419866,Gay EURL,FR4351364424936312303477866,46564.62,EUR,2025-04-12,2025-04-18,PO236850,U011,CC839,6181,True,amount_outlier
INV00000968,231665876,Leroux Millet S.A.S. EURL,FR2753278774701687339500479,152.99,EUR,2024-03-22,2024-03-27,PO497242,U026,CC696,6061,False,none
INV00004773,851493689,Clément SA,FR2679772369292984257991366,633.6,EUR,2024-09-07,2024-09-11,PO551331,U013,CC507,6063,False,none
INV00001939,996846081,Bailly Dias SARL EURL,FR2337976627051157942387367,1090.56,EUR,2025-09-13,2025-09-16,PO213204,U007,CC318,6228,False,none
INV00003434,029333346,Guillon Bailly S.A. EURL,FR4004588679252985856728727,1120.97,EUR,2024-01-13,2024-01-17,PO717738,U022,CC871,6063,False,none
INV00003757,326033230,Martin SA,FR0948439910622723626693351,69.18,EUR,2024-04-21,2024-04-22,PO557558,U019,CC344,6181,False,none
INV00000619,725217525,Gay et Fils SASU,FR6831670450232902822700934,132.57,EUR,2024-06-21,2024-06-22,PO850534,U000,CC264,6135,False,none
INV00003458,398225871,Da Silva SASU,FR8067899730806958146717957,853.65,EUR,2024-04-20,2024-04-21,PO630737,U001,CC381,6061,False,none
INV00001742,341232812,Maillet Munoz SARL SCI,FR0591251341252866929662782,625.39,EUR,2024-05-31,2024-06-06,PO132002,U020,CC552,6065,False,none
INV00001390,259526949,Carre Picard S.A.S. SASU,FR3113875927125663836151718,4606.05,EUR,2024-05-05,2024-05-09,PO610168,U019,CC841,6228,False,none
INV00004204,662782827,Bertrand Rodriguez S.A. SASU,FR0484855716176880294240903,1676.65,EUR,2024-12-12,2024-12-15,PO483279,U007,CC667,6065,False,none
INV00001847,341036971,Georges SA,FR1814586833901981794695489,849.19,EUR,2024-07-09,2024-07-13,PO228090,U015,CC842,6228,False,none
INV00001579,426818184,Paul S.A. SARL,FR3071681572450000001529113,131.83,EUR,2025-06-25,2025-06-28,PO788056,U001,CC472,6065,False,none
INV00001655,432225913,Ruiz Rémy SA SASU,FR8391090326714949819421794,2030.74,EUR,2024-11-01,2024-11-04,,U029,CC342,6063,False,none
INV00002352,669849027,Martins S.A.R.L. SARL,FR9481187233351040961497315,686.03,EUR,2025-03-07,2025-03-07,PO691947,U027,CC209,6135,False,none
INV00002212,051531952,Ramos Da Silva S.A.R.L. SCI,FR4181040915701840943533448,460.68,EUR,2025-12-07,2025-12-12,PO760914,U022,CC903,6181,False,none
INV00003275,513338726,Lebreton SCI,FR1549649909133412328120679,310.23,EUR,2025-07-22,2025-07-26,,U023,CC802,6065,False,none
INV00002020,421689421,Adam Leblanc S.A.R.L. SA,FR8087158415608213711842547,18061.08,EUR,2024-11-12,2024-11-17,PO176377,U025,CC572,6135,False,none
INV00005123,807374167,Auger Lacroix et Fils SCI,FR8530276420865675661844386,55702.44,EUR,2025-07-20,2025-07-23,PO741784,U001,CC211,6063,True,amount_outlier
INV00001956,235116155,Guillon SA,FR5453287101226916697848018,6575.56,EUR,2025-09-27,2025-10-01,PO413223,U016,CC694,6132,False,none
INV00003824,562328588,Meunier SA,FR8621752500743292712966667,221.24,EUR,2025-01-09,2025-01-14,PO252603,U016,CC474,6181,False,none
INV00003192,121003236,Klein Dumont S.A.S. EURL,FR6871114837537458438458810,363.93,EUR,2024-02-13,2024-02-16,PO859749,U002,CC387,6181,False,none
INV00001307,980893246,Leclercq EURL,FR9610713966055830344144885,660.83,EUR,2024-02-03,2024-02-10,PO420756,U015,CC905,6132,False,none
INV00002003,698485833,Laporte Robert et Fils SAS,FR6644210175096170159591945,224.71,EUR,2024-10-09,2024-10-13,PO502355,U025,CC195,6132,False,none
INV00004596,606530745,Cordier S.A. SASU,FR0462447951330531949796958,809.31,EUR,2025-06-06,2025-06-13,PO478234,U008,CC907,6132,False,none
INV00000575,662961943,Boulay SASU,FR7091025743263039752450864,697.26,EUR,2024-05-31,2024-05-31,PO746288,U024,CC227,6132,False,none
INV00002360,210388629,Launay Martins et Fils EURL,FR8151448811210314217518878,682.8,EUR,2024-07-20,2024-07-26,PO639596,U024,CC629,6132,False,none
INV00004335,496499091,Lombard EURL,FR9026609379660334191825537,5213.32,EUR,2025-07-23,2025-07-28,PO331732,U010,CC130,6065,False,none
INV00004577,560466183,Rocher et Fils SASU,FR0824972439920116691836264,1611.34,EUR,2025-01-12,2025-01-18,PO402422,U007,CC239,6068,False,none
INV00001706,134316117,Seguin Gay S.A. SASU,FR0315336884443106987205061,1829.71,EUR,2025-04-06,2025-04-11,PO228115,U012,CC845,6068,False,none
INV00003996,797403447,Guilbert EURL,FR7376767721903404384279788,2945.42,EUR,2024-06-03,2024-06-04,PO718753,U001,CC625,6065,False,none
INV00003707,797403447,Guilbert EURL,FR7376767721903404384279788,128.66,EUR,2025-05-10,2025-05-15,PO566547,U027,CC701,6061,False,none
INV00001280,611254573,Étienne SARL SA,FR2742340163611284971859484,408.84,EUR,2025-09-17,2025-09-20,PO852420,U022,CC760,6068,False,none
INV00000861,775901751,Lambert SA,FR9251405468356521568182096,2586.75,EUR,2024-04-21,2024-04-25,PO657980,U003,CC382,6068,False,none
INV00004277,496513709,Mahe S.A. SA,FR1234835642087375300119721,2591.86,EUR,2025-06-05,2025-06-07,PO840843,U008,CC958,6061,False,none
INV00001801,863840666,Peron SCI,FR9838843660443240061572768,2333.73,EUR,2025-02-03,2025-02-07,PO358604,U020,CC236,6132,False,none
INV00001628,884252410,Lemaire SA,FR3515632686850745106634362,694.62,EUR,2025-08-05,2025-08-09,PO524170,U018,CC521,6132,False,none
INV00001993,038567700,Rémy SAS,FR1374223196463004023693626,1063.94,EUR,2025-06-27,2025-06-27,PO429779,U015,CC692,6065,False,none
INV00002639,474687234,Vincent EURL,FR3185977034824771093248086,187.86,EUR,2025-09-15,2025-09-19,PO778998,U020,CC520,6063,False,none
INV00000269,082677345,Ledoux SA SAS,FR3527206345911238296577242,511.3,EUR,2025-02-27,2025-03-01,PO844747,U018,CC873,6065,False,none
INV00000629,240084271,De Oliveira SASU,FR8171543799371240659657569,15415.13,EUR,2025-10-06,2025-10-06,PO423896,U016,CC805,6063,False,none
INV00003081,215064890,Dubois SASU,FR5318481973741897215406417,9484.18,EUR,2025-09-02,2025-09-04,PO538190,U022,CC604,6065,False,none
INV00002334,773592555,Lacombe EURL,FR6784795137116241124127238,231.9,EUR,2024-05-21,2024-05-26,PO989300,U026,CC937,6068,False,none
INV00002966,347955276,Ledoux SA,FR7929384401348087354378826,136.68,EUR,2024-02-25,2024-02-27,PO388461,U018,CC312,6063,False,none
INV00000300,522675289,Alexandre SA,FR7004735047639283199529800,3592.81,EUR,2025-01-20,2025-01-21,PO513989,U012,CC811,6063,False,none
INV00000459,800439735,Breton Durand SA SA,FR5358752568065625904599080,714.92,EUR,2025-10-28,2025-11-04,,U017,CC721,6135,False,none
INV00001447,477752047,Mallet SASU,FR7165193982807374167243426,302.95,EUR,2025-07-04,2025-07-11,PO527636,U011,CC542,6063,False,none
INV00001472,596401658,Blin S.A.R.L. SCI,FR7012847818913718949058077,3753.42,EUR,2025-01-30,2025-02-06,PO566266,U025,CC817,6063,False,none
INV00002046,474517123,Moreau Labbé SA SAS,FR7233542168942104478985625,12194.1,EUR,2024-08-31,2024-09-05,PO649472,U024,CC943,6068,False,none
INV00004361,641605297,Bouchet SA SCI,FR7593998245587716947225699,324.83,EUR,2024-05-05,2024-05-07,PO652048,U014,CC779,6063,False,none
INV00004020,904530174,Pelletier Chartier SA SCI,FR4658377674996165926610857,182.14,EUR,2025-02-24,2025-02-27,PO612794,U006,CC505,6068,False,none
INV00003573,851493689,Clément SA,FR2679772369292984257991366,2893.9,EUR,2024-03-11,2024-03-15,PO925751,U012,CC933,6061,False,none
INV00002113,016400524,Blanchet SA,FR0417839084700766177115921,195.88,EUR,2025-09-22,2025-09-28,PO258162,U018,CC183,6068,False,none
INV00000027,058651850,Bernard Boulay SA SASU,FR7178686337524310690331190,340.05,EUR,2025-08-26,2025-09-02,PO685472,U025,CC760,6135,False,none
INV00002040,308488725,Brun Rousseau S.A.R.L. SASU,FR1123959473721329016204787,94.2,EUR,2024-02-18,2024-02-23,PO338030,U025,CC761,6065,False,none
INV00004663,332061632,Perrot S.A.R.L. SAS,FR9390392355580996132730346,104.35,EUR,2025-05-06,2025-05-10,PO913268,U012,CC489,6061,False,none
INV00004238,798552414,Boulay Bertin SARL SAS,FR9375749490228403595442947,554.28,EUR,2024-07-01,2024-07-06,PO960113,U017,CC925,6135,False,none
INV00000837,663193149,Ramos SCI,FR4364039106518017046226567,11902.65,EUR,2024-09-24,2024-10-01,PO442753,U018,CC492,6068,False,none
INV00004085,310341316,Delannoy Langlois S.A.R.L. SASU,FR6557871331509839301031051,796.83,EUR,2025-07-05,2025-07-05,PO583861,U024,CC893,6132,False,none
INV00004427,999347687,Poirier SARL,FR4172322903102879508304405,574.74,EUR,2025-01-26,2025-01-28,PO709187,U021,CC938,6065,False,none
INV00002008,473647102,Jacob SARL SCI,FR8290552818325381793355486,1746.02,EUR,2024-12-04,2024-12-09,PO716904,U012,CC548,6063,False,none
INV00005058,669849027,Martins S.A.R.L. SARL,FR9481187233351040961497315,4959.73,EUR,2024-06-15,2024-06-22,PO383542,U014,CC102,6132,True,under_threshold
INV00000503,313237058,Clément SASU,FR6173203093761847870050506,1300.75,EUR,2024-08-15,2024-08-21,PO751009,U014,CC290,6068,False,none
INV00003426,398225871,Da Silva SASU,FR8067899730806958146717957,207.65,EUR,2024-08-22,2024-08-25,,U028,CC498,6135,False,none
INV00004440,540331739,Paris SAS,FR1487758030468750635190361,1038.85,EUR,2025-06-20,2025-06-26,PO298324,U011,CC654,6063,False,none
INV00000380,288095701,Costa SA,FR8632016328708317278895798,10978.37,EUR,2025-09-18,2025-09-25,PO382400,U019,CC773,6061,False,none
INV00001851,786801128,Bègue et Fils SCI,FR6283673657661565452711116,335.76,EUR,2024-11-22,2024-11-24,,U007,CC782,6228,False,none
INV00001525,671902294,Alves et Fils SARL,FR0589113529096561014388899,495.97,EUR,2024-08-22,2024-08-26,PO557067,U008,CC991,6065,False,none
INV00002365,374741124,Hervé Sanchez S.A.S. SA,FR2338984690819740056435023,667.29,EUR,2025-07-19,2025-07-26,PO584570,U000,CC436,6132,False,none
INV00003849,669096705,Roux SAS,FR0683584168784991216558523,640.15,EUR,2024-11-10,2024-11-13,PO726068,U002,CC750,6065,False,none
INV00003052,870831727,Becker SCI,FR2373947312172715518844225,578.98,EUR,2024-10-04,2024-10-09,PO852816,U021,CC387,6228,False,none
INV00002884,426818184,Paul S.A. SARL,FR3071681572450000001529113,1470.95,EUR,2024-09-14,2024-09-19,PO308092,U012,CC648,6228,False,none
INV00002340,257905072,Gonzalez Bernard S.A. SAS,FR1739087884434481230834024,443.38,EUR,2025-03-04,2025-03-09,PO712846,U021,CC412,6065,False,none
INV00000374,229014767,Mendès SARL,FR4002770384309883920530214,2469.75,EUR,2025-10-19,2025-10-20,PO618951,U001,CC552,6135,False,none
INV00003484,545494808,Collet SAS,FR2135369378547772522872808,5206.83,EUR,2024-03-05,2024-03-12,PO453125,U012,CC360,6063,False,none
INV00002381,414586850,Marty SA,FR6823124329212779979955271,106.94,EUR,2025-12-05,2025-12-08,PO634414,U023,CC713,6181,False,none
INV00004445,779082723,Perret SA,FR6634392529596111102867120,2738.9,EUR,2024-03-20,2024-03-24,PO706003,U003,CC252,6181,False,none
INV00000939,776945314,Neveu SASU,FR6070866882634351751830469,2062.15,EUR,2024-09-16,2024-09-22,PO228320,U021,CC178,6063,False,none
INV00004102,086353654,Rémy SAS,FR9096443098591679541072728,527.77,EUR,2025-04-17,2025-04-17,PO847937,U004,CC744,6228,False,none
INV00005086,669849027,Martins S.A.R.L. SARL,FR9481187233351040961497315,49725.39,EUR,2024-06-15,2024-06-22,PO383542,U014,CC102,6132,True,under_threshold
INV00002799,848947697,Benard Bouvier S.A.R.L. SARL,FR6918444218299874781224890,497.86,EUR,2024-09-02,2024-09-03,PO861241,U016,CC816,6061,False,none
INV00002147,949299556,Vasseur Guyot SA SA,FR9534699673311677269608437,203.35,EUR,2024-05-08,2024-05-08,PO530883,U025,CC449,6065,False,none
INV00004076,223253672,Imbert SA,FR2304120092820667849843624,19281.22,EUR,2024-08-15,2024-08-18,PO384499,U019,CC258,6181,False,none
INV00004681,724004991,Lejeune Rodrigues SA EURL,FR6043973597107256366941180,610.52,EUR,2025-01-20,2025-01-27,PO606438,U002,CC472,6132,False,none
INV00004349,043898364,Renard SCI,FR5940299015579980284139080,32.32,EUR,2025-07-22,2025-07-23,,U011,CC961,6068,False,none
INV00002068,308488725,Brun Rousseau S.A.R.L. SASU,FR1123959473721329016204787,1205.43,EUR,2024-12-13,2024-12-17,,U017,CC407,6063,False,none
INV00000529,691251778,Allain S.A. EURL,FR2311426258273902196207100,1115.72,EUR,2024-12-08,2024-12-09,PO626138,U016,CC659,6063,False,none
INV00003308,872050614,Chauvin SASU,FR7044090797727810509222161,3129.93,EUR,2024-10-11,2024-10-14,PO111749,U022,CC284,6132,False,none
INV00003984,442067883,Dias SARL,FR2617195535603319036890030,3858.38,EUR,2024-08-02,2024-08-06,,U025,CC833,6063,False,none
INV00000636,207501102,Gillet SCI,FR2553970548739610290871827,3270.73,EUR,2024-04-18,2024-04-20,PO563348,U022,CC594,6132,False,none
INV00001269,706324241,Charpentier S.A.R.L. EURL,FR5896136715778711216636515,66.99,EUR,2024-04-12,2024-04-16,PO834242,U020,CC673,6132,False,none
INV00000185,656482366,Lelièvre SA,FR6535977468862392407581814,6671.26,EUR,2024-12-15,2024-12-17,PO900962,U028,CC763,6065,False,none
INV00004077,870021765,Leclerc EURL,FR2634672994938743027169385,565.88,EUR,2024-04-18,2024-04-22,PO529251,U029,CC800,6065,False,none
INV00003398,356588043,Marion SAS,FR9698795098221040164818804,3398.45,EUR,2025-10-12,2025-10-16,PO699722,U002,CC660,6061,False,none
INV00003689,988516560,Laroche S.A. SARL,FR6656770051844989266591846,2086.68,EUR,2025-06-04,2025-06-04,PO400909,U001,CC481,6181,False,none
INV00001797,267658617,Brun S.A. EURL,FR3210672872866041644859592,1081.11,EUR,2025-03-01,2025-03-04,PO829286,U008,CC130,6135,False,none
INV00002979,803397401,Michaud SARL,FR7526329676291603248413768,1824.82,EUR,2025-04-29,2025-05-02,,U008,CC657,6063,False,none
INV00001441,556472929,Moreno EURL,FR6614492074926999699648997,1144.47,EUR,2025-03-23,2025-03-27,PO853790,U015,CC307,6132,False,none
INV00003661,571775140,Martel EURL,FR6524082226940539672757844,1414.63,EUR,2024-07-12,2024-07-15,,U025,CC500,6063,False,none
INV00005025,051531952,Ramos Da Silva S.A.R.L. S.C.I.,FR4181040915701840943533448,1327.05,EUR,2025-08-01,2025-08-04,PO132924,U005,CC508,6065,True,duplicate_fuzzy
INV00001535,792499125,Gillet S.A.R.L. SA,FR9743356708604145456350200,1010.95,EUR,2025-07-16,2025-07-22,PO589286,U020,CC632,6135,False,none
INV00003678,182688615,Briand Traore SARL SASU,FR0346040142473107201137984,342.52,EUR,2025-01-17,2025-01-24,PO113228,U027,CC205,6065,False,none
INV00003188,675254599,Becker EURL,FR1462137213865890260127961,635.12,EUR,2025-12-11,2025-12-16,PO931106,U023,CC750,6132,False,none
INV00001273,438057198,Jacob S.A. SCI,FR9751877941763425073305597,803.57,EUR,2024-04-15,2024-04-15,PO262541,U021,CC380,6061,False,none
INV00002467,231665876,Leroux Millet S.A.S. EURL,FR2753278774701687339500479,2423.45,EUR,2025-09-26,2025-09-27,PO172816,U020,CC280,6135,False,none
INV00000607,684602235,Alexandre SARL,FR6536911289812317955633185,1325.85,EUR,2025-08-13,2025-08-13,PO927543,U001,CC199,6068,False,none
INV00003621,234138999,Pages Valette S.A.R.L. SA,FR3040412091179112442117536,4457.1,EUR,2025-06-27,2025-06-28,PO381469,U029,CC950,6061,False,none
INV00001712,721811437,Lebrun Boutin S.A. SCI,FR8889218785193583749079779,77.82,EUR,2025-01-28,2025-01-28,,U005,CC313,6061,False,none
INV00002199,392827229,Dumas S.A.R.L. SARL,FR7176775372603214505766194,24.66,EUR,2025-01-29,2025-02-03,PO829751,U012,CC328,6135,False,none
INV00000955,031051834,Germain SCI,FR0473545494808313678377701,394.55,EUR,2025-09-07,2025-09-11,PO791252,U008,CC901,6061,False,none
INV00002579,537735158,Leblanc SARL,FR5203758997571130554885102,742.58,EUR,2025-10-25,2025-10-31,PO952659,U017,CC927,6132,False,none
INV00004826,417154544,Costa SA,FR5121641758231334845871493,5343.87,EUR,2025-03-25,2025-03-27,PO571702,U013,CC413,6135,False,none
INV00004890,518023806,Vincent S.A.R.L. SASU,FR0506500425488214236914307,798.98,EUR,2024-09-05,2024-09-11,PO269983,U006,CC905,6181,False,none
INV00004908,278681447,Fontaine Laurent S.A.S. SCI,FR5109391119269212447174654,610.47,EUR,2025-10-19,2025-10-19,PO628759,U003,CC728,6135,False,none
INV00003935,724004991,Lejeune Rodrigues SA EURL,FR6043973597107256366941180,694.28,EUR,2024-07-27,2024-07-30,PO938651,U025,CC207,6065,False,none
INV00000403,157399305,Delmas SARL,FR4088255629657542786561942,658.28,EUR,2025-11-29,2025-12-02,,U024,CC574,6065,False,none
INV00002071,731781080,Lamy Noël S.A.S. SA,FR8424210249947174648877190,762.44,EUR,2024-11-24,2024-11-29,PO134873,U001,CC517,6228,False,none
INV00004904,081219136,Bertrand SAS,FR8076627028951718702621745,375.51,EUR,2024-07-18,2024-07-21,,U015,CC666,6061,False,none
INV00001977,267736026,Verdier SAS,FR1827874296717565512567468,3832.94,EUR,2025-04-11,2025-04-11,PO550087,U008,CC412,6135,False,none
INV00000158,982620450,Hervé S.A.S. SA,FR9851983273158514936899809,688.66,EUR,2025-08-30,2025-09-06,PO242371,U002,CC240,6181,False,none
INV00001748,148951343,Lucas SAS,FR0358527722170430305486874,1462.7,EUR,2025-12-30,2026-01-05,PO760972,U002,CC949,6068,False,none
INV00002909,545494808,Collet SAS,FR2135369378547772522872808,1573.61,EUR,2025-12-29,2025-12-31,PO832900,U007,CC375,6061,False,none
INV00005150,135290965,Carlier S.A.S. SARL,FR3288718981312920875102932,55335.86,EUR,2024-11-30,2024-11-30,PO967433,U067,CC703,6132,True,weekend_unusual_user
INV00000902,746807154,Briand EURL,FR2461889241418328569146303,125.76,EUR,2025-08-07,2025-08-10,PO404124,U009,CC783,6063,False,none
INV00000352,935889163,Costa Leclerc S.A.S. SASU,FR9290063140352635602293946,1023.05,EUR,2024-09-05,2024-09-08,PO428961,U018,CC184,6063,False,none
INV00001230,662702895,Lefebvre Laine S.A.R.L. EURL,FR3759325250029218515691545,184.68,EUR,2025-12-21,2025-12-27,PO325272,U014,CC736,6132,False,none
INV00004816,310341316,Delannoy Langlois S.A.R.L. SASU,FR6557871331509839301031051,742.11,EUR,2025-03-24,2025-03-26,,U006,CC361,6061,False,none
INV00002140,779071416,Barre SA,FR3851584826691362483550542,601.63,EUR,2025-06-18,2025-06-23,PO323861,U022,CC929,6061,False,none
INV00000444,115542622,Weber SARL,FR2664911110961798178904633,113.64,EUR,2025-02-20,2025-02-24,PO767377,U013,CC550,6228,False,none
INV00005099,000000000,Aubert EURL,FR6188117298068650863765991,1592.73,EUR,2025-04-13,2025-04-15,PO530732,U013,CC505,6228,True,shell_company
INV00000754,315410067,Gosselin S.A.R.L. SAS,FR0264520599604387875357788,4722.53,EUR,2024-11-25,2024-11-29,PO626251,U009,CC826,6068,False,none
INV00001737,933472122,Hamon SASU,FR8116517680866281372143308,721.1,EUR,2025-09-27,2025-10-04,,U016,CC402,6065,False,none
INV00002971,142626551,Dijoux SARL,FR3427017130232129833816742,1778.47,EUR,2025-07-06,2025-07-07,PO215172,U005,CC757,6181,False,none
INV00005130,267736026,Verdier SAS,FR1827874296717565512567468,219877.47,EUR,2025-10-20,2025-10-24,PO958914,U023,CC600,6061,True,amount_outlier
INV00002920,933472122,Hamon SASU,FR8116517680866281372143308,32720.73,EUR,2024-04-25,2024-04-29,PO368244,U028,CC662,6181,False,none
INV00000311,826137506,Dijoux SA EURL,FR6670388608680347644726490,416.41,EUR,2025-11-15,2025-11-21,PO214695,U018,CC791,6228,False,none
INV00000548,349361832,Henry SCI,FR7934074517133959629233095,78.74,EUR,2024-03-07,2024-03-10,PO818102,U014,CC382,6068,False,none
INV00000661,663193149,Ramos SCI,FR4364039106518017046226567,365.17,EUR,2025-07-21,2025-07-22,PO526541,U002,CC437,6063,False,none
INV00004910,669096705,Roux SAS,FR0683584168784991216558523,2051.39,EUR,2025-11-07,2025-11-10,PO489508,U006,CC340,6061,False,none
INV00001989,229014767,Mendès SARL,FR4002770384309883920530214,241.51,EUR,2025-06-21,2025-06-25,PO965968,U017,CC315,6135,False,none
INV00000306,877169472,Grondin SA,FR9325523561781703211920613,2494.38,EUR,2025-04-01,2025-04-06,PO752179,U019,CC198,6063,False,none
INV00002335,567982507,Delahaye EURL,FR7667146283143598926256609,369.13,EUR,2024-02-03,2024-02-06,PO612857,U026,CC183,6065,False,none
INV00000694,869222196,Ollivier Ribeiro SA SAS,FR7808989921722332061632945,98.16,EUR,2025-11-11,2025-11-12,PO626735,U019,CC285,6068,False,none
INV00002356,184498926,Noël SA,FR3275957498855829849330674,186.58,EUR,2024-03-03,2024-03-07,PO458041,U001,CC724,6061,False,none
INV00001927,532931839,Cousin SARL,FR4322698485833394522885158,275.54,EUR,2025-10-19,2025-10-20,PO928868,U002,CC909,6181,False,none
INV00000684,537735158,Leblanc SARL,FR5203758997571130554885102,289.21,EUR,2024-07-31,2024-08-05,PO291031,U017,CC931,6132,False,none
INV00000749,522395590,Robert Allain S.A.S. EURL,FR8676572894134750988986456,526.75,EUR,2025-03-26,2025-03-27,PO722776,U027,CC261,6061,False,none
INV00003727,656482366,Lelièvre SA,FR6535977468862392407581814,1239.81,EUR,2025-11-09,2025-11-14,PO720671,U013,CC558,6132,False,none
INV00003470,097289623,Loiseau SCI,FR9611877347784858800616756,208.4,EUR,2025-05-12,2025-05-16,PO102650,U014,CC674,6061,False,none
INV00001266,104328986,Girard Gonzalez S.A. SARL,FR5850209945101622499982795,1490.72,EUR,2025-03-17,2025-03-18,PO428124,U019,CC609,6065,False,none
INV00004976,591846386,Vasseur Menard S.A.R.L. EURL,FR6918856669541329715066626,1743.49,EUR,2024-09-01,2024-09-05,PO376342,U018,CC897,6132,False,none
INV00003767,104328986,Girard Gonzalez S.A. SARL,FR5850209945101622499982795,1260.31,EUR,2024-03-31,2024-04-05,PO791982,U025,CC810,6061,False,none
INV00004563,701204556,Andre Normand SARL SA,FR2049409762637484539862895,119.92,EUR,2024-11-05,2024-11-07,PO109593,U029,CC383,6061,False,none
INV00002134,202970213,Bonnet SCI,FR5879290490471281442944401,1027.0,EUR,2024-10-06,2024-10-06,PO979515,U029,CC733,6132,False,none
INV00003083,327104054,Gaillard Hardy et Fils SCI,FR5870562271043318751097921,501.34,EUR,2024-02-07,2024-02-11,PO176492,U004,CC689,6063,False,none
INV00003061,662782827,Bertrand Rodriguez S.A. SASU,FR0484855716176880294240903,1884.45,EUR,2025-10-21,2025-10-22,PO779480,U010,CC588,6061,False,none
INV00003025,451983273,Buisson et Fils SASU,FR2432225913651777392603029,1048.0,EUR,2024-03-18,2024-03-21,PO522049,U019,CC689,6061,False,none
INV00000970,171339596,Lévêque SA,FR4414754102252677119642152,175.99,EUR,2024-06-13,2024-06-19,PO227131,U027,CC999,6061,False,none
INV00000013,833016571,Joubert S.A. SCI,FR8676064413432756041776561,11800.24,EUR,2024-11-18,2024-11-21,PO291267,U004,CC396,6063,False,none
INV00000873,477752047,Mallet SASU,FR7165193982807374167243426,6379.88,EUR,2025-09-16,2025-09-22,PO791396,U004,CC465,6228,False,none
INV00000808,798552414,Boulay Bertin SARL SAS,FR9375749490228403595442947,4439.24,EUR,2024-09-25,2024-09-27,PO204415,U022,CC920,6065,False,none
INV00003198,896118367,Imbert EURL,FR9114141397552314913577594,5275.59,EUR,2024-02-01,2024-02-07,PO739719,U017,CC323,6132,False,none
INV00000514,869222196,Ollivier Ribeiro SA SAS,FR7808989921722332061632945,1449.33,EUR,2025-09-13,2025-09-17,PO456324,U027,CC667,6068,False,none
INV00004613,680876038,Neveu S.A. SARL,FR5802758842524105648149177,65.1,EUR,2024-01-24,2024-01-31,PO860896,U003,CC604,6132,False,none
INV00000409,591846386,Vasseur Menard S.A.R.L. EURL,FR6918856669541329715066626,205.77,EUR,2025-10-29,2025-11-05,PO752944,U020,CC455,6228,False,none
INV00003721,934835642,Durand SAS,FR3839488488269131196425856,3423.12,EUR,2025-06-02,2025-06-06,PO641866,U002,CC578,6061,False,none
INV00005135,564139537,Parent S.A. SARL,FR0619399091699854353462475,59715.33,EUR,2025-07-10,2025-07-15,PO344903,U019,CC596,6181,True,amount_outlier
INV00004480,599293784,Hervé SARL SCI,FR4773244913421388209088307,2508.36,EUR,2025-05-18,2025-05-23,PO301059,U006,CC790,6068,False,none
INV00000207,808412411,De Sousa SCI,FR4086926179640537735158506,270.82,EUR,2024-01-11,2024-01-14,PO950941,U026,CC855,6181,False,none
INV00004869,367837770,Mercier Neveu S.A. SARL,FR2338750997700886008484086,606.67,EUR,2025-08-25,2025-08-29,PO772806,U015,CC328,6228,False,none
INV00000458,662961943,Boulay SASU,FR7091025743263039752450864,1929.65,EUR,2024-07-11,2024-07-13,PO388319,U025,CC310,6068,False,none
INV00003708,758181412,Gonzalez SARL,FR3767722330604633312797573,945.13,EUR,2025-12-30,2026-01-04,PO700335,U023,CC381,6061,False,none
INV00002430,074329271,Goncalves SA SARL,FR8234654950050702608698221,22559.29,EUR,2024-10-17,2024-10-17,PO419911,U023,CC943,6228,False,none
INV00003907,746807154,Briand EURL,FR2461889241418328569146303,7385.84,EUR,2025-04-24,2025-04-28,PO806572,U011,CC554,6132,False,none
INV00000110,157399305,Delmas SARL,FR4088255629657542786561942,362.37,EUR,2025-04-19,2025-04-21,PO387748,U010,CC639,6181,False,none
INV00004545,793341016,Riou EURL,FR8212182097023164334817058,161.57,EUR,2025-06-13,2025-06-19,PO180483,U022,CC635,6228,False,none
INV00001107,673622660,Roux SASU,FR5376251538144744309634807,9670.35,EUR,2024-06-09,2024-06-13,PO474221,U013,CC117,6228,False,none
INV00004471,814770054,Lombard Petitjean SA SA,FR4488147435031365024916300,896.33,EUR,2024-06-27,2024-07-03,PO103404,U029,CC282,6063,False,none
INV00001883,776945314,Neveu SASU,FR6070866882634351751830469,31.79,EUR,2024-12-09,2024-12-11,PO656843,U020,CC209,6135,False,none
INV00001713,982708086,Guyon S.A.S. SCI,FR7246376604655866525483744,442.88,EUR,2025-12-09,2025-12-09,PO450841,U024,CC524,6063,False,none
INV00001287,881435368,Lombard EURL,FR3344983553935435864496392,354.82,EUR,2024-08-12,2024-08-12,PO155544,U022,CC872,6135,False,none
INV00003633,104328986,Girard Gonzalez S.A. SARL,FR5850209945101622499982795,395.87,EUR,2024-10-25,2024-10-29,PO155047,U022,CC390,6065,False,none
INV00003441,421689421,Adam Leblanc S.A.R.L. SA,FR8087158415608213711842547,41.46,EUR,2025-10-29,2025-10-30,PO261755,U007,CC482,6068,False,none
INV00000552,259526949,Carre Picard S.A.S. SASU,FR3113875927125663836151718,158.44,EUR,2025-11-22,2025-11-24,PO288301,U028,CC732,6181,False,none
INV00001439,072290349,Lopes Raynaud et Fils SARL,FR0313577908335061581488810,238.94,EUR,2025-10-09,2025-10-11,PO516849,U021,CC486,6061,False,none
INV00002270,676320163,Marchal SCI,FR8220297021355690927557192,2361.39,EUR,2025-08-16,2025-08-19,PO897214,U027,CC141,6061,False,none
INV00003880,229612018,Lacombe et Fils SARL,FR0309818063565126944869594,1392.36,EUR,2025-07-08,2025-07-13,PO616624,U002,CC760,6181,False,none
INV00003144,193466766,Goncalves SASU,FR8549561213773062604235973,629.93,EUR,2024-09-13,2024-09-15,,U006,CC193,6228,False,none
INV00002821,527047743,Aubry EURL,FR3775955872096289365435884,5136.33,EUR,2025-07-12,2025-07-13,PO309640,U022,CC840,6132,False,none
INV00004930,799088117,Pages SAS,FR0391122528837505661863239,786.25,EUR,2025-03-22,2025-03-26,PO583840,U015,CC828,6061,False,none
INV00001925,935889163,Costa Leclerc S.A.S. SASU,FR9290063140352635602293946,4273.9,EUR,2024-11-17,2024-11-19,PO544045,U017,CC616,6065,False,none
INV00000634,259526949,Carre Picard S.A.S. SASU,FR3113875927125663836151718,8344.83,EUR,2025-10-21,2025-10-25,PO304568,U022,CC976,6181,False,none
INV00004954,215064890,Dubois SASU,FR5318481973741897215406417,429.31,EUR,2025-11-07,2025-11-08,,U009,CC108,6061,False,none
INV00000316,904530174,Pelletier Chartier SA SCI,FR4658377674996165926610857,522.7,EUR,2025-04-27,2025-05-02,,U007,CC353,6068,False,none
INV00004350,680876038,Neveu S.A. SARL,FR5802758842524105648149177,4337.9,EUR,2024-10-27,2024-10-27,,U022,CC294,6068,False,none
INV00004847,142626551,Dijoux SARL,FR3427017130232129833816742,520.7,EUR,2024-05-15,2024-05-16,PO178217,U005,CC739,6063,False,none
INV00001328,237333433,Boulay SA,FR6802635582430176464489880,961.18,EUR,2024-03-12,2024-03-14,PO452204,U021,CC838,6228,False,none
INV00000427,368872588,Grenier SA EURL,FR5815372215566847323653377,511.11,EUR,2025-09-25,2025-10-01,PO993796,U016,CC913,6135,False,none
INV00003605,731121965,Blondel SCI,FR6563128196482531106092098,1125.63,EUR,2025-07-27,2025-07-28,PO762315,U029,CC480,6135,False,none
INV00000105,392827229,Dumas S.A.R.L. SARL,FR7176775372603214505766194,472.07,EUR,2025-06-08,2025-06-12,PO684632,U026,CC945,6068,False,none
INV00003041,133613861,Guillaume SARL,FR3069979907075504768169957,8047.13,EUR,2025-03-26,2025-03-27,PO663945,U029,CC929,6065,False,none
INV00000142,473121727,Besnard Muller S.A.R.L. SASU,FR8896271286391741011947072,74.99,EUR,2025-07-04,2025-07-08,PO733801,U018,CC230,6063,False,none
INV00002169,496499091,Lombard EURL,FR9026609379660334191825537,433.34,EUR,2024-03-12,2024-03-17,PO802916,U027,CC858,6065,False,none
INV00003555,064317139,Auger Maillot SA SA,FR4860917798270808697829221,145.8,EUR,2024-07-08,2024-07-11,PO708325,U025,CC530,6228,False,none
INV00000089,666676008,Langlois S.A.R.L. SASU,FR7942585917793238223116491,8128.27,EUR,2025-03-10,2025-03-13,,U029,CC549,6228,False,none
INV00002918,207501102,Gillet SCI,FR2553970548739610290871827,7146.06,EUR,2024-06-23,2024-06-27,PO127604,U006,CC978,6135,False,none
INV00003237,797403447,Guilbert EURL,FR7376767721903404384279788,641.24,EUR,2025-10-07,2025-10-08,PO358144,U012,CC680,6063,False,none
INV00002241,435346247,Jacques SA,FR0607482175946474367136959,1389.88,EUR,2025-01-16,2025-01-23,PO857294,U013,CC951,6132,False,none
INV00003174,687339500,Prévost SARL,FR4598056265650455478137674,660.04,EUR,2024-03-13,2024-03-16,PO487299,U023,CC644,6061,False,none
INV00003831,933472122,Hamon SASU,FR8116517680866281372143308,5341.52,EUR,2024-05-13,2024-05-18,PO214426,U022,CC500,6061,False,none
INV00002163,326033230,Martin SA,FR0948439910622723626693351,3492.85,EUR,2024-09-12,2024-09-14,PO309613,U012,CC139,6063,False,none
INV00002636,064317139,Auger Maillot SA SA,FR4860917798270808697829221,308.05,EUR,2024-09-12,2024-09-17,PO380931,U005,CC193,6181,False,none
INV00001949,792524191,Blanchard SARL,FR0476502412095790737100943,3755.86,EUR,2024-08-03,2024-08-06,PO710029,U012,CC813,6228,False,none
INV00001768,799650752,Le Roux Bailly SA SAS,FR6031739363854678544587717,195.66,EUR,2024-05-07,2024-05-12,PO299635,U006,CC558,6063,False,none
INV00003697,517016608,Ledoux Techer SA EURL,FR7981079649673794577278532,5378.78,EUR,2024-05-16,2024-05-20,PO256421,U008,CC649,6181,False,none
INV00002272,109324808,Thibault EURL,FR0449375973832060385050641,1584.42,EUR,2025-02-05,2025-02-07,PO490188,U023,CC403,6063,False,none
INV00000001,210470952,Cousin Pereira S.A.R.L. SCI,FR2248251353465549471709991,1422.74,EUR,2025-04-12,2025-04-14,PO200195,U002,CC999,6228,False,none
INV00004222,949299556,Vasseur Guyot SA SA,FR9534699673311677269608437,455.6,EUR,2025-05-24,2025-05-24,PO560295,U000,CC396,6228,False,none
INV00005108,856434760,Maillot SCI,FR0277417430435023850228946,34644.0,EUR,2024-10-07,2024-10-14,PO511239,U015,CC949,6135,True,shared_iban_ring
INV00001951,853615305,Breton EURL,FR4102793714521117518689268,613.04,EUR,2024-12-03,2024-12-03,PO743508,U004,CC839,6065,False,none
INV00000935,971870728,Guillou Vasseur S.A.S. SAS,FR9159724665729341722329716,2663.28,EUR,2025-03-30,2025-03-31,PO485570,U011,CC298,6135,False,none
INV00004750,544948126,Lacroix Hubert SA SAS,FR3221260650191792025213109,600.51,EUR,2024-10-08,2024-10-13,PO528225,U010,CC908,6181,False,none
INV00002720,207501102,Gillet SCI,FR2553970548739610290871827,911.29,EUR,2024-12-09,2024-12-16,PO305992,U020,CC273,6063,False,none
INV00003724,853615305,Breton EURL,FR4102793714521117518689268,373.35,EUR,2024-04-22,2024-04-25,PO955505,U029,CC137,6228,False,none
INV00001109,988516560,Laroche S.A. SARL,FR6656770051844989266591846,1572.22,EUR,2025-10-29,2025-10-31,,U003,CC229,6065,False,none
INV00003830,367837770,Mercier Neveu S.A. SARL,FR2338750997700886008484086,179.54,EUR,2025-11-09,2025-11-14,PO343541,U009,CC887,6228,False,none
INV00000591,650609835,Colin SA,FR2730147195979647158904290,1252.52,EUR,2024-05-01,2024-05-08,PO716886,U002,CC518,6061,False,none
INV00001695,518233749,Martinez SAS,FR9547735866296194311426265,198.38,EUR,2024-02-13,2024-02-19,PO409488,U023,CC274,6132,False,none
INV00003685,724238849,Payet SCI,FR6113542784980841241182449,1219.79,EUR,2025-11-26,2025-12-03,PO848546,U008,CC208,6228,False,none
INV00002936,717565512,Collet SCI,FR8703761379180552696582710,944.27,EUR,2024-08-15,2024-08-19,PO128635,U012,CC518,6228,False,none
INV00004337,870021765,Leclerc EURL,FR2634672994938743027169385,1749.44,EUR,2025-04-21,2025-04-23,PO516600,U011,CC302,6063,False,none
INV00005138,927065379,Mercier S.A.R.L. SAS,FR1845104636815798123878003,73202.83,EUR,2024-05-24,2024-05-29,PO823825,U021,CC504,6132,True,amount_outlier
INV00001576,010393087,Hebert S.A.R.L. EURL,FR5941241513152854781506185,677.91,EUR,2024-03-16,2024-03-18,PO138585,U002,CC160,6063,False,none
INV00001111,382997376,Benard EURL,FR4374443135182337498941343,1238.56,EUR,2024-10-08,2024-10-09,PO140147,U004,CC723,6063,False,none
INV00000213,872050614,Chauvin SASU,FR7044090797727810509222161,1267.76,EUR,2025-09-17,2025-09-19,PO770905,U008,CC635,6228,False,none
INV00000778,544948126,Lacroix Hubert SA SAS,FR3221260650191792025213109,706.64,EUR,2025-07-09,2025-07-15,PO801655,U002,CC457,6228,False,none
INV00001415,202970213,Bonnet SCI,FR5879290490471281442944401,7293.41,EUR,2025-08-19,2025-08-20,PO671590,U001,CC637,6181,False,none
INV00003496,895798687,Bigot SASU,FR0482911467866912517785289,5130.9,EUR,2025-06-19,2025-06-19,PO141223,U024,CC207,6228,False,none
INV00004015,199867980,Lopez SARL SCI,FR9828127358573065240778487,1542.22,EUR,2025-07-12,2025-07-15,PO782718,U005,CC349,6228,False,none
INV00002043,556472929,Moreno EURL,FR6614492074926999699648997,2425.39,EUR,2025-06-03,2025-06-05,PO312005,U025,CC418,6063,False,none
INV00002848,496499091,Lombard EURL,FR9026609379660334191825537,2017.46,EUR,2024-12-14,2024-12-21,PO594052,U009,CC645,6181,False,none
INV00004678,816934060,Carre SASU,FR2865905151864492519254629,659.55,EUR,2024-12-07,2024-12-10,PO713659,U026,CC920,6065,False,none
INV00004999,229612018,Lacombe et Fils SARL,FR0309818063565126944869594,1806.26,EUR,2024-02-13,2024-02-19,PO895110,U022,CC337,6132,False,none
INV00004071,404157473,Mace S.A.R.L. SAS,FR9500159416516231981898471,260.62,EUR,2025-09-28,2025-10-02,PO965362,U021,CC642,6065,False,none
INV00001567,051238282,Gaillard S.A.S. SARL,FR8414870682778816093068538,1647.44,EUR,2025-09-25,2025-10-01,PO196799,U029,CC912,6065,False,none
INV00000165,327104054,Gaillard Hardy et Fils SCI,FR5870562271043318751097921,914.92,EUR,2024-11-01,2024-11-05,PO460234,U017,CC897,6061,False,none
INV00004862,816934060,Carre SASU,FR2865905151864492519254629,981.83,EUR,2025-12-22,2025-12-23,PO433888,U000,CC242,6068,False,none
INV00003826,159399824,Besnard EURL,FR4194620726629250817760299,313.9,EUR,2024-10-30,2024-11-02,,U029,CC682,6061,False,none
INV00005077,669849027,Martins S.A.R.L. SARL,FR9481187233351040961497315,24865.71,EUR,2024-06-15,2024-06-22,PO383542,U014,CC102,6132,True,under_threshold
INV00001343,588153714,Simon S.A. SAS,FR7785695579887749242437540,253.29,EUR,2025-07-10,2025-07-14,PO248196,U015,CC211,6228,False,none
INV00002013,943969078,Pelletier Collet S.A. SCI,FR3710742799077262570165804,5086.29,EUR,2025-10-18,2025-10-21,PO674865,U006,CC401,6065,False,none
INV00000273,317127484,Bonnin SARL,FR6871918261990623445655743,531.63,EUR,2024-08-07,2024-08-14,PO776106,U007,CC129,6063,False,none
INV00000071,655852398,Delattre S.A.R.L. SARL,FR8812075452798524013223423,2992.75,EUR,2024-11-15,2024-11-19,PO792165,U011,CC985,6063,False,none
INV00004127,473121727,Besnard Muller S.A.R.L. SASU,FR8896271286391741011947072,2508.92,EUR,2025-04-12,2025-04-19,PO850541,U008,CC528,6181,False,none
INV00001087,935889163,Costa Leclerc S.A.S. SASU,FR9290063140352635602293946,732.96,EUR,2025-05-10,2025-05-12,PO580995,U012,CC269,6228,False,none
INV00000394,313237058,Clément SASU,FR6173203093761847870050506,1077.44,EUR,2025-10-14,2025-10-14,PO793715,U014,CC283,6065,False,none
INV00000583,268117758,Gonzalez Dijoux SA SARL,FR7582688615335554398780157,961.53,EUR,2025-02-21,2025-02-22,PO589762,U009,CC268,6068,False,none
INV00001367,412528669,Daniel SAS,FR5611082555989534396112910,2822.95,EUR,2024-01-15,2024-01-18,PO379626,U002,CC560,6063,False,none
INV00005139,161369681,Lacombe SA,FR4596475987622023413261117,69803.29,EUR,2024-04-02,2024-04-09,PO326183,U015,CC398,6181,True,amount_outlier
INV00004786,829221699,François EURL,FR9393110059129751910231211,2740.36,EUR,2024-09-07,2024-09-10,PO405228,U024,CC104,6065,False,none
INV00002548,675254599,Becker EURL,FR1462137213865890260127961,12898.82,EUR,2024-02-18,2024-02-20,PO705773,U013,CC860,6063,False,none
INV00001013,404157473,Mace S.A.R.L. SAS,FR9500159416516231981898471,614.62,EUR,2025-08-17,2025-08-20,PO274624,U017,CC311,6063,False,none
INV00005048,669849027,Martins S.A.R.L. SARL,FR9481187233351040961497315,4982.48,EUR,2024-06-15,2024-06-22,PO383542,U014,CC102,6132,True,under_threshold
INV00003003,038567700,Rémy SAS,FR1374223196463004023693626,2967.12,EUR,2024-02-21,2024-02-23,PO293180,U014,CC753,6063,False,none
INV00004937,928565431,Pereira S.A.S. SARL,FR1856945441496739385258001,2218.84,EUR,2025-02-02,2025-02-07,PO215145,U022,CC432,6135,False,none
INV00001701,638546785,Hoarau SAS,FR3973505831997179110065120,860.09,EUR,2024-07-29,2024-08-04,PO930570,U008,CC983,6132,False,none
INV00003770,562718750,Chauvin Laporte S.A.R.L. SASU,FR2809263223998213745561140,497.19,EUR,2025-07-21,2025-07-23,PO287252,U028,CC841,6181,False,none
INV00001763,100167618,Chartier Costa et Fils SARL,FR6360144485645101739739641,217.9,EUR,2024-01-30,2024-02-03,,U029,CC636,6132,False,none
INV00001875,182688615,Briand Traore SARL SASU,FR0346040142473107201137984,1450.61,EUR,2025-08-15,2025-08-16,PO871734,U020,CC101,6068,False,none
INV00001259,199410137,Pages SCI,FR5820377107044964104967066,75.32,EUR,2025-10-01,2025-10-08,PO701195,U027,CC635,6061,False,none
INV00003344,775901751,Lambert SA,FR9251405468356521568182096,837.09,EUR,2024-06-25,2024-06-29,PO117447,U020,CC443,6181,False,none
INV00004671,029333346,Guillon Bailly S.A. EURL,FR4004588679252985856728727,18621.06,EUR,2024-02-08,2024-02-15,PO397493,U006,CC496,6228,False,none
INV00002253,803397401,Michaud SARL,FR7526329676291603248413768,1867.14,EUR,2024-02-17,2024-02-18,PO249007,U028,CC604,6181,False,none
INV00002781,706324241,Charpentier S.A.R.L. EURL,FR5896136715778711216636515,288.33,EUR,2024-03-18,2024-03-21,PO507207,U028,CC226,6068,False,none
INV00003838,522047277,Colin Lecoq et Fils SCI,FR5564474212309407778097339,364.8,EUR,2024-02-02,2024-02-02,PO660570,U006,CC497,6065,False,none
INV00000526,809402445,Ollivier Bonneau S.A.S. SCI,FR6188117298068650863765991,536.81,EUR,2024-03-15,2024-03-16,PO644022,U011,CC335,6061,False,none
INV00003655,783908470,Laurent SARL,FR1858877043581128801336138,4638.03,EUR,2025-07-14,2025-07-19,PO916949,U000,CC569,6181,False,none
INV00002946,528168505,Brunet Girard et Fils SCI,FR3367998136462251790864168,1294.7,EUR,2024-05-31,2024-06-07,PO105218,U005,CC370,6181,False,none
INV00000377,783613407,Laurent Dumas S.A.R.L. SARL,FR3025436172131451951510922,2358.82,EUR,2025-04-07,2025-04-10,PO104326,U016,CC885,6065,False,none
INV00001559,231665876,Leroux Millet S.A.S. EURL,FR2753278774701687339500479,708.96,EUR,2024-02-22,2024-02-24,PO985510,U025,CC324,6068,False,none
INV00004690,863794026,Leconte Da Costa et Fils SCI,FR7019283276483503056413953,158.07,EUR,2025-05-31,2025-06-05,PO534272,U028,CC721,6065,False,none
INV00001963,618091901,Poulain SARL,FR9160858167046861114576832,8292.24,EUR,2025-05-05,2025-05-07,PO452853,U022,CC396,6061,False,none
INV00004881,776945314,Neveu SASU,FR6070866882634351751830469,550.89,EUR,2024-09-23,2024-09-29,PO243422,U012,CC418,6132,False,none
INV00000348,942788165,Hamel SAS,FR4686287203195419666450573,2362.58,EUR,2024-08-01,2024-08-01,PO183985,U026,CC898,6228,False,none
INV00002434,159399824,Besnard EURL,FR4194620726629250817760299,2294.06,EUR,2025-04-23,2025-04-28,PO476533,U018,CC653,6135,False,none
INV00002246,376137918,Leduc SARL,FR9415847768634234619942376,32404.66,EUR,2025-07-04,2025-07-09,PO895082,U017,CC388,6132,False,none
INV00004594,560466183,Rocher et Fils SASU,FR0824972439920116691836264,2679.4,EUR,2024-05-25,2024-05-30,PO279720,U016,CC630,6061,False,none
INV00001709,103865719,Albert SA,FR9896094097052774025883586,2001.36,EUR,2024-10-12,2024-10-15,PO241250,U012,CC759,6135,False,none
INV00001050,249985698,Dufour Letellier S.A.R.L. SARL,FR0684245088210099688143536,309.04,EUR,2025-08-13,2025-08-19,PO472235,U009,CC958,6135,False,none
INV00000590,863794026,Leconte Da Costa et Fils SCI,FR7019283276483503056413953,5679.83,EUR,2025-01-26,2025-01-31,PO536019,U012,CC860,6135,False,none
INV00000519,104328986,Girard Gonzalez S.A. SARL,FR5850209945101622499982795,554.42,EUR,2024-05-28,2024-06-03,PO356428,U029,CC147,6068,False,none
INV00003380,785969691,Gay S.A.R.L. SCI,FR4547163928234143637189239,5722.48,EUR,2024-02-15,2024-02-15,PO846601,U004,CC477,6181,False,none
INV00004634,434266179,Klein SCI,FR8533305912662015720185962,3093.21,EUR,2025-10-02,2025-10-02,,U001,CC583,6065,False,none
INV00004254,805310033,Daniel SARL SARL,FR8988728743152742054932966,2565.94,EUR,2024-04-06,2024-04-09,PO553350,U009,CC329,6065,False,none
INV00002477,675254599,Becker EURL,FR1462137213865890260127961,4153.48,EUR,2025-11-28,2025-12-01,PO542347,U002,CC602,6181,False,none
INV00001083,526965827,Lebreton S.A. SA,FR0284964985601256253135525,551.58,EUR,2025-09-15,2025-09-20,PO520639,U009,CC141,6068,False,none
INV00003833,562718750,Chauvin Laporte S.A.R.L. SASU,FR2809263223998213745561140,391.31,EUR,2025-08-14,2025-08-14,PO735405,U022,CC901,6181,False,none
INV00004927,478985625,Philippe et Fils SA,FR2858929880858382521293289,813.15,EUR,2025-10-21,2025-10-28,PO463488,U024,CC146,6063,False,none
INV00004650,231665876,Leroux Millet S.A.S. EURL,FR2753278774701687339500479,84.03,EUR,2025-07-30,2025-08-05,PO135140,U014,CC669,6181,False,none
INV00001294,887676772,Germain EURL,FR4284269450053424089164983,3868.84,EUR,2024-02-13,2024-02-15,,U016,CC112,6061,False,none
INV00001809,060385050,Boutin S.A. SAS,FR6828723244079311029181331,245.29,EUR,2024-11-12,2024-11-13,PO637196,U026,CC690,6063,False,none
INV00000791,643815614,Baron EURL,FR2693769042681818451848947,3857.26,EUR,2024-04-14,2024-04-14,PO972950,U027,CC228,6228,False,none
INV00000792,374741124,Hervé Sanchez S.A.S. SA,FR2338984690819740056435023,2043.3,EUR,2025-01-24,2025-01-27,PO296772,U013,CC813,6065,False,none
INV00004245,317127484,Bonnin SARL,FR6871918261990623445655743,11.19,EUR,2024-12-09,2024-12-15,PO996496,U004,CC296,6068,False,none
INV00001855,421689421,Adam Leblanc S.A.R.L. SA,FR8087158415608213711842547,282.36,EUR,2024-06-03,2024-06-10,PO819338,U028,CC576,6228,False,none
INV00004906,053021465,Philippe Payet SARL SAS,FR8407392013546212760250826,157.66,EUR,2025-04-26,2025-05-02,PO579917,U025,CC574,6228,False,none
INV00001980,267658617,Brun S.A. EURL,FR3210672872866041644859592,9110.33,EUR,2025-09-26,2025-09-27,PO911129,U012,CC882,6068,False,none
INV00003233,135521570,Durand SA,FR4365817390637579145211823,1778.49,EUR,2024-10-25,2024-10-26,PO527819,U004,CC799,6063,False,none
INV00000933,567982507,Delahaye EURL,FR7667146283143598926256609,14387.48,EUR,2024-03-14,2024-03-20,PO873768,U000,CC665,6228,False,none
INV00004100,254629148,Rey Boucher SARL SCI,FR8996931572791940961055661,245.95,EUR,2025-08-23,2025-08-27,PO972413,U022,CC247,6063,False,none
INV00003328,398225871,Da Silva SASU,FR8067899730806958146717957,2638.02,EUR,2024-06-26,2024-06-26,PO913743,U025,CC470,6132,False,none
INV00001530,567982507,Delahaye EURL,FR7667146283143598926256609,2855.82,EUR,2025-04-29,2025-04-29,PO280139,U024,CC378,6061,False,none
INV00001410,539621851,Leclercq Rémy SARL SASU,FR0977027278576084958803955,2192.75,EUR,2024-09-08,2024-09-13,PO486737,U004,CC422,6181,False,none
INV00003524,400504556,Chauvin SCI,FR0674186256527047743490211,5458.56,EUR,2024-08-16,2024-08-22,PO591481,U029,CC594,6061,False,none
INV00004430,398225871,Da Silva SASU,FR8067899730806958146717957,2930.71,EUR,2024-11-13,2024-11-14,PO985330,U018,CC103,6063,False,none
INV00004793,927065379,Mercier S.A.R.L. SAS,FR1845104636815798123878003,957.5,EUR,2025-12-02,2025-12-08,PO219083,U014,CC741,6061,False,none
INV00000083,326033230,Martin SA,FR0948439910622723626693351,2239.53,EUR,2024-12-09,2024-12-14,PO534152,U013,CC410,6228,False,none
INV00000868,234138999,Pages Valette S.A.R.L. SA,FR3040412091179112442117536,424.22,EUR,2024-04-24,2024-04-24,PO359533,U015,CC212,6061,False,none
INV00002350,400504556,Chauvin SCI,FR0674186256527047743490211,15041.86,EUR,2024-01-20,2024-01-26,PO817510,U002,CC420,6065,False,none
INV00000020,230461849,Lemaire S.A. EURL,FR3699660577980660392051460,3108.6,EUR,2025-09-07,2025-09-07,PO871041,U024,CC196,6068,False,none
INV00003658,308488725,Brun Rousseau S.A.R.L. SASU,FR1123959473721329016204787,2448.6,EUR,2025-09-02,2025-09-05,PO542979,U000,CC617,6061,False,none
INV00003887,587717535,Maréchal SA,FR7596399076769915078593110,833.1,EUR,2024-11-11,2024-11-11,PO917306,U023,CC801,6181,False,none
INV00002795,435346247,Jacques SA,FR0607482175946474367136959,88.05,EUR,2025-11-18,2025-11-25,PO696004,U022,CC723,6063,False,none
INV00003453,149864300,Verdier Lecomte S.A.S. SAS,FR1613044881898484160461540,311.93,EUR,2025-01-28,2025-01-28,PO316578,U011,CC854,6065,False,none
INV00004713,584419866,Gay EURL,FR4351364424936312303477866,996.09,EUR,2025-03-30,2025-04-02,PO347277,U019,CC317,6135,False,none
INV00001562,934835642,Durand SAS,FR3839488488269131196425856,347.63,EUR,2025-06-07,2025-06-13,PO553160,U004,CC524,6228,False,none
INV00004338,356588043,Marion SAS,FR9698795098221040164818804,831.95,EUR,2025-05-25,2025-05-26,PO311768,U008,CC205,6228,False,none
INV00003093,779082723,Perret SA,FR6634392529596111102867120,1112.39,EUR,2024-11-19,2024-11-23,PO381460,U004,CC497,6132,False,none
INV00003155,680876038,Neveu S.A. SARL,FR5802758842524105648149177,629.08,EUR,2025-12-21,2025-12-24,PO392216,U002,CC443,6065,False,none
INV00000973,953428364,Hamel Ollivier S.A.S. SASU,FR4618204339718956907056260,403.5,EUR,2025-06-01,2025-06-06,PO221023,U022,CC346,6228,False,none
INV00001710,537735158,Leblanc SARL,FR5203758997571130554885102,4390.63,EUR,2024-12-07,2024-12-07,PO187939,U029,CC868,6228,False,none
INV00003201,043898364,Renard SCI,FR5940299015579980284139080,819.64,EUR,2024-03-30,2024-04-01,PO520366,U014,CC269,6061,False,none
INV00004167,754558845,Ledoux S.A.R.L. SARL,FR1131139500168094149150762,1385.57,EUR,2025-12-15,2025-12-19,PO460479,U005,CC191,6063,False,none
INV00004968,267736026,Verdier SAS,FR1827874296717565512567468,3034.68,EUR,2024-05-24,2024-05-27,,U012,CC613,6228,False,none
INV00001098,347955276,Ledoux SA,FR7929384401348087354378826,2554.86,EUR,2024-05-06,2024-05-12,PO974756,U003,CC576,6063,False,none
INV00004293,078161849,Guillou Gautier et Fils SA,FR1389325288095701543039117,161.17,EUR,2025-01-04,2025-01-09,PO629556,U024,CC111,6228,False,none
INV00002844,466711684,Martel SCI,FR4166205634111595034281139,457.82,EUR,2025-07-17,2025-07-20,PO809708,U000,CC444,6061,False,none
INV00000886,130756263,Lucas SASU,FR3367197889778280647969545,2043.92,EUR,2025-01-24,2025-01-28,PO726040,U009,CC277,6181,False,none
INV00005082,669849027,Martins S.A.R.L. SARL,FR9481187233351040961497315,9978.22,EUR,2024-06-15,2024-06-22,PO383542,U014,CC102,6132,True,under_threshold
INV00003928,688937346,Seguin Buisson S.A. EURL,FR8795269495888794705516940,2093.98,EUR,2024-12-12,2024-12-16,PO601761,U019,CC348,6181,False,none
INV00003560,698485833,Laporte Robert et Fils SAS,FR6644210175096170159591945,83.18,EUR,2025-09-26,2025-10-03,PO223068,U003,CC210,6061,False,none
INV00004844,533645257,Fischer Garnier S.A.S. SARL,FR6862633556434369709317069,898.83,EUR,2024-10-22,2024-10-23,PO456027,U008,CC689,6132,False,none
INV00003808,970283857,Gillet SASU,FR4365565033349114152085076,1924.1,EUR,2024-04-22,2024-04-29,PO716102,U000,CC343,6061,False,none
INV00004539,143866322,Cousin SA SAS,FR2584993231234266980690872,351.96,EUR,2024-08-12,2024-08-12,PO775521,U009,CC780,6228,False,none
INV00000515,317127484,Bonnin SARL,FR6871918261990623445655743,2489.73,EUR,2025-07-17,2025-07-20,,U026,CC368,6063,False,none
INV00004763,571775140,Martel EURL,FR6524082226940539672757844,246.99,EUR,2024-01-16,2024-01-19,PO788150,U009,CC869,6228,False,none
INV00000737,278681447,Fontaine Laurent S.A.S. SCI,FR5109391119269212447174654,2351.48,EUR,2025-03-24,2025-03-25,PO623502,U021,CC477,6132,False,none
INV00001453,793341016,Riou EURL,FR8212182097023164334817058,1191.51,EUR,2025-06-12,2025-06-13,PO977101,U025,CC482,6181,False,none
INV00003553,758181412,Gonzalez SARL,FR3767722330604633312797573,286.05,EUR,2024-11-12,2024-11-17,PO787923,U026,CC831,6228,False,none
INV00003609,863840666,Peron SCI,FR9838843660443240061572768,578.55,EUR,2024-10-10,2024-10-13,PO266148,U012,CC233,6135,False,none
INV00002006,134316117,Seguin Gay S.A. SASU,FR0315336884443106987205061,620.92,EUR,2025-01-13,2025-01-18,PO928485,U003,CC135,6061,False,none
INV00004848,991241904,Bazin Faivre S.A.S. SAS,FR6918785191088398225871397,4538.87,EUR,2025-02-24,2025-03-03,PO282072,U028,CC357,6181,False,none
INV00002506,865890260,Royer et Fils SAS,FR3684148460191344389982780,2592.06,EUR,2025-03-05,2025-03-12,PO103631,U015,CC240,6228,False,none
INV00002994,031051834,Germain SCI,FR0473545494808313678377701,4595.47,EUR,2025-11-24,2025-11-25,PO497358,U003,CC901,6132,False,none
INV00002126,643815614,Baron EURL,FR2693769042681818451848947,1524.37,EUR,2024-08-22,2024-08-25,PO855148,U009,CC571,6065,False,none
INV00002926,415206436,Riou Benoit SARL SA,FR7109605673030644212146147,693.03,EUR,2025-02-04,2025-02-11,PO545567,U003,CC626,6068,False,none
INV00004894,413435240,Fernandez Lemoine S.A.R.L. SASU,FR8488861015819956046618398,151.98,EUR,2024-03-07,2024-03-14,PO332129,U026,CC811,6135,False,none
INV00000906,165667010,Diaz Chrétien S.A.R.L. SARL,FR6109477752047116719022941,3287.97,EUR,2024-10-26,2024-10-28,PO858188,U014,CC383,6061,False,none
INV00003896,086353654,Rémy SAS,FR9096443098591679541072728,3962.48,EUR,2025-09-10,2025-09-17,PO583091,U021,CC809,6135,False,none
INV00001030,518233749,Martinez SAS,FR9547735866296194311426265,122.44,EUR,2024-05-30,2024-06-02,,U015,CC358,6181,False,none
INV00002507,376137918,Leduc SARL,FR9415847768634234619942376,4844.67,EUR,2025-08-13,2025-08-13,PO590679,U003,CC525,6063,False,none
INV00002428,505830033,Millet Briand SARL SCI,FR1629060320203265097753967,455.66,EUR,2025-03-01,2025-03-03,PO251230,U002,CC763,6181,False,none
INV00000947,890250392,Pinto SA SA,FR2776563600412577711837274,1391.11,EUR,2024-06-22,2024-06-22,PO503348,U014,CC145,6068,False,none
INV00004169,737530011,Martineau Paris SA SASU,FR5433337320430977688936289,74.38,EUR,2025-12-12,2025-12-13,PO683844,U024,CC113,6132,False,none
INV00000762,731781080,Lamy Noël S.A.S. SA,FR8424210249947174648877190,1980.9,EUR,2025-06-04,2025-06-08,,U011,CC869,6132,False,none
INV00000715,547812914,Poulain EURL,FR3972239898306503121980418,1468.43,EUR,2024-11-10,2024-11-10,PO361103,U026,CC315,6063,False,none
INV00000284,865890260,Royer et Fils SAS,FR3684148460191344389982780,3974.36,EUR,2025-03-30,2025-04-04,PO563405,U028,CC711,6135,False,none
INV00000686,353465549,Hamel Legrand et Fils SARL,FR9247725129578606940960035,327.4,EUR,2024-10-19,2024-10-22,PO398739,U001,CC236,6181,False,none
INV00000703,783908470,Laurent SARL,FR1858877043581128801336138,450.17,EUR,2025-09-04,2025-09-08,PO502704,U002,CC208,6065,False,none
INV00003341,724004991,Lejeune Rodrigues SA EURL,FR6043973597107256366941180,562.45,EUR,2024-04-17,2024-04-23,PO100054,U020,CC446,6063,False,none
INV00002353,668516122,Roy Bouvet S.A.S. SASU,FR4449939089261371504165915,2661.84,EUR,2024-02-27,2024-03-05,PO392779,U027,CC490,6228,False,none
INV00002257,872050614,Chauvin SASU,FR7044090797727810509222161,193.08,EUR,2025-10-08,2025-10-11,PO403978,U009,CC409,6228,False,none
INV00003792,303054868,Faivre S.A.R.L. SA,FR3221717477332945625577017,2079.9,EUR,2025-07-19,2025-07-25,PO248421,U027,CC673,6061,False,none
INV00000473,432830965,Guibert SCI,FR2664347452455574696606065,9.01,EUR,2025-12-20,2025-12-21,PO514507,U022,CC225,6065,False,none
INV00000021,093204899,Berger Dos Santos SA EURL,FR6524968549822749545089203,929.63,EUR,2025-09-29,2025-10-05,PO427270,U029,CC430,6065,False,none
INV00002752,182037788,Renaud SA SCI,FR5531096789940539103717058,718.98,EUR,2025-02-24,2025-03-01,PO704586,U008,CC531,6228,False,none
INV00000885,093204899,Berger Dos Santos SA EURL,FR6524968549822749545089203,1943.49,EUR,2025-03-16,2025-03-21,PO811459,U020,CC495,6181,False,none
INV00002448,988516560,Laroche S.A. SARL,FR6656770051844989266591846,2039.69,EUR,2025-09-23,2025-09-29,PO722585,U003,CC726,6061,False,none
INV00000917,532787747,Faivre SASU,FR2129751702814069375150939,4466.55,EUR,2025-09-22,2025-09-24,PO701651,U017,CC304,6068,False,none
INV00004013,161369681,Lacombe SA,FR4596475987622023413261117,322.46,EUR,2024-03-11,2024-03-11,PO307513,U007,CC286,6068,False,none
INV00004417,148951343,Lucas SAS,FR0358527722170430305486874,225.62,EUR,2025-02-06,2025-02-13,PO987986,U017,CC483,6181,False,none
INV00002239,051238282,Gaillard S.A.S. SARL,FR8414870682778816093068538,1187.4,EUR,2025-08-23,2025-08-27,PO938394,U018,CC928,6061,False,none
INV00000730,669346547,Neveu Costa S.A.S. SASU,FR8327490728012342893113253,2105.82,EUR,2024-06-13,2024-06-15,PO669928,U022,CC373,6063,False,none
INV00003395,735160917,Couturier Lebrun SARL SAS,FR9515970996254384807520344,2023.51,EUR,2024-12-08,2024-12-12,PO810322,U025,CC177,6065,False,none
INV00001265,648408588,Gimenez SARL,FR4629236161880819048235715,401.97,EUR,2024-02-14,2024-02-21,PO449976,U011,CC731,6068,False,none
INV00000483,726149331,Guilbert Courtois et Fils SAS,FR4543127102676720957992707,1262.71,EUR,2025-02-07,2025-02-10,PO617795,U011,CC137,6132,False,none
INV00005060,669849027,Martins S.A.R.L. SARL,FR9481187233351040961497315,24898.09,EUR,2024-06-15,2024-06-22,PO383542,U014,CC102,6132,True,under_threshold
INV00002963,973103241,Maillet SCI,FR8752958066013824127049386,5317.29,EUR,2024-01-15,2024-01-22,,U007,CC123,6228,False,none
INV00001219,149864300,Verdier Lecomte S.A.S. SAS,FR1613044881898484160461540,9978.53,EUR,2024-07-22,2024-07-28,,U012,CC880,6065,False,none
INV00000277,308488725,Brun Rousseau S.A.R.L. SASU,FR1123959473721329016204787,949.52,EUR,2025-11-13,2025-11-15,PO155457,U008,CC469,6181,False,none
INV00000988,199867980,Lopez SARL SCI,FR9828127358573065240778487,638.08,EUR,2024-06-22,2024-06-24,PO143971,U026,CC852,6068,False,none
INV00002084,527177449,De Oliveira SCI,FR1475705120461872346013673,2996.01,EUR,2025-11-13,2025-11-20,PO689900,U017,CC908,6228,False,none
INV00001245,537735158,Leblanc SARL,FR5203758997571130554885102,153.62,EUR,2025-09-06,2025-09-10,PO520940,U003,CC843,6065,False,none
INV00002382,233095849,Jacob Humbert S.A.S. SASU,FR3488788361968931350305872,1139.35,EUR,2024-07-07,2024-07-07,PO757070,U010,CC657,6135,False,none
INV00000571,513338726,Lebreton SCI,FR1549649909133412328120679,2965.91,EUR,2025-05-16,2025-05-17,PO531066,U009,CC885,6228,False,none
INV00001435,877169472,Grondin SA,FR9325523561781703211920613,3751.92,EUR,2025-03-08,2025-03-14,PO490931,U002,CC386,6181,False,none
INV00000993,473647102,Jacob SARL SCI,FR8290552818325381793355486,870.36,EUR,2025-04-27,2025-04-30,PO698910,U013,CC849,6228,False,none
INV00004306,974801624,François EURL,FR9661064628792326487049478,1208.39,EUR,2024-04-15,2024-04-17,PO475617,U027,CC509,6135,False,none
INV00003682,783908470,Laurent SARL,FR1858877043581128801336138,224.99,EUR,2025-02-09,2025-02-13,PO510756,U006,CC113,6068,False,none
INV00000585,881435368,Lombard EURL,FR3344983553935435864496392,2638.07,EUR,2024-11-03,2024-11-10,,U011,CC507,6181,False,none
INV00003526,669096705,Roux SAS,FR0683584168784991216558523,3021.92,EUR,2025-06-20,2025-06-27,PO876431,U019,CC482,6061,False,none
INV00003908,978403690,Couturier SCI,FR8833565880434165182755394,456.18,EUR,2025-08-31,2025-09-06,PO370990,U011,CC883,6068,False,none
INV00002514,663177971,Daniel Descamps et Fils SCI,FR3107139848228501168809255,1223.7,EUR,2025-12-13,2025-12-19,PO270151,U026,CC224,6181,False,none
INV00001349,029593917,Traore Dupuy SA SASU,FR0518600892196394568044731,1905.76,EUR,2024-05-31,2024-06-01,PO189915,U000,CC108,6061,False,none
INV00001007,159399824,Besnard EURL,FR4194620726629250817760299,3841.5,EUR,2025-06-27,2025-07-04,PO794595,U013,CC218,6065,False,none
INV00000674,646471543,Chevalier Cousin SA SAS,FR4814150937710040901380698,476.2,EUR,2025-06-10,2025-06-11,PO746223,U006,CC951,6061,False,none
INV00002412,005162713,De Oliveira Grenier S.A.S. EURL,FR0629635339055044817766558,878.21,EUR,2024-10-05,2024-10-07,PO368183,U027,CC688,6181,False,none
INV00002903,973103241,Maillet SCI,FR8752958066013824127049386,1448.83,EUR,2025-08-03,2025-08-10,PO401781,U000,CC853,6065,False,none
INV00000447,651827553,Alexandre SARL SARL,FR4121269428946420362586314,2877.48,EUR,2024-02-26,2024-03-02,PO224535,U019,CC972,6181,False,none
INV00004616,474517123,Moreau Labbé SA SAS,FR7233542168942104478985625,504.74,EUR,2024-03-21,2024-03-23,PO207334,U014,CC518,6132,False,none
INV00005133,785969691,Gay S.A.R.L. SCI,FR4547163928234143637189239,99970.43,EUR,2025-03-09,2025-03-10,PO748127,U004,CC186,6181,True,amount_outlier
INV00003954,865890260,Royer et Fils SAS,FR3684148460191344389982780,3068.96,EUR,2025-02-13,2025-02-15,PO143787,U024,CC844,6065,False,none
INV00000359,327648350,Vallée SCI,FR8736026064746872343098050,2599.86,EUR,2025-02-11,2025-02-17,PO575747,U026,CC789,6228,False,none
INV00002064,895798687,Bigot SASU,FR0482911467866912517785289,1346.72,EUR,2025-08-08,2025-08-10,PO677497,U001,CC462,6135,False,none
INV00004590,207501102,Gillet SCI,FR2553970548739610290871827,1931.83,EUR,2024-07-24,2024-07-31,PO432115,U017,CC257,6181,False,none
INV00004068,792499125,Gillet S.A.R.L. SA,FR9743356708604145456350200,10973.78,EUR,2025-09-05,2025-09-11,PO713999,U001,CC729,6181,False,none
INV00001690,800030756,Marchal SCI,FR8005458971480263257039653,47.57,EUR,2025-01-15,2025-01-17,PO163660,U008,CC921,6061,False,none
INV00004463,064317139,Auger Maillot SA SA,FR4860917798270808697829221,1153.81,EUR,2024-06-14,2024-06-18,PO211311,U001,CC904,6063,False,none
INV00001548,518023806,Vincent S.A.R.L. SASU,FR0506500425488214236914307,589.68,EUR,2024-02-19,2024-02-20,PO895337,U015,CC543,6061,False,none
INV00001247,807374167,Auger Lacroix et Fils SCI,FR8530276420865675661844386,2271.74,EUR,2024-10-25,2024-10-26,PO727516,U015,CC337,6228,False,none
INV00001985,168784991,Klein SA,FR2518321928554451895202845,33.01,EUR,2025-05-01,2025-05-04,PO671808,U016,CC949,6065,False,none
INV00000294,229959001,Fernandez Bouchet S.A.S. SASU,FR3939774063356939290600780,823.2,EUR,2024-09-21,2024-09-22,PO472058,U012,CC534,6068,False,none
INV00001547,018451462,Godard S.A.R.L. SASU,FR2956981693406088356159514,1054.67,EUR,2025-01-07,2025-01-14,PO937299,U019,CC571,6135,False,none
INV00002012,895798687,Bigot SASU,FR0482911467866912517785289,137.1,EUR,2024-07-05,2024-07-09,PO592236,U001,CC635,6061,False,none
INV00000588,662782827,Bertrand Rodriguez S.A. SASU,FR0484855716176880294240903,936.48,EUR,2025-05-06,2025-05-13,PO396983,U012,CC675,6228,False,none
INV00003329,770348247,Richard S.A. SASU,FR7875622086353654195180238,591.89,EUR,2024-09-03,2024-09-07,PO689320,U005,CC492,6065,False,none
INV00002403,474517123,Moreau Labbé SA SAS,FR7233542168942104478985625,1179.66,EUR,2024-12-18,2024-12-24,PO597964,U014,CC114,6132,False,none
INV00002129,133613861,Guillaume SARL,FR3069979907075504768169957,2804.99,EUR,2024-11-13,2024-11-20,PO492022,U023,CC373,6135,False,none
INV00004526,545494808,Collet SAS,FR2135369378547772522872808,162.73,EUR,2025-09-22,2025-09-29,PO141458,U022,CC303,6065,False,none
INV00003508,089899217,Le Gall EURL,FR6323361328507251786376731,1664.26,EUR,2024-07-25,2024-07-25,PO578441,U021,CC838,6068,False,none
INV00002410,773592555,Lacombe EURL,FR6784795137116241124127238,3095.18,EUR,2025-10-26,2025-10-27,,U015,CC831,6132,False,none
INV00002719,537735158,Leblanc SARL,FR5203758997571130554885102,407.57,EUR,2024-06-10,2024-06-11,PO605583,U021,CC733,6135,False,none
INV00004695,996846081,Bailly Dias SARL EURL,FR2337976627051157942387367,1348.69,EUR,2025-01-02,2025-01-02,PO213764,U029,CC214,6132,False,none
INV00000425,142626551,Dijoux SARL,FR3427017130232129833816742,696.02,EUR,2025-11-12,2025-11-14,,U011,CC832,6181,False,none
INV00002582,928565431,Pereira S.A.S. SARL,FR1856945441496739385258001,132.42,EUR,2025-06-15,2025-06-18,PO972051,U025,CC375,6132,False,none
INV00001054,618091901,Poulain SARL,FR9160858167046861114576832,142.93,EUR,2024-08-26,2024-09-01,PO686986,U028,CC295,6181,False,none
INV00004697,467741862,Blanc SARL,FR6212125902035713432406424,1307.35,EUR,2025-07-04,2025-07-08,PO697177,U012,CC206,6135,False,none
INV00004703,051531952,Ramos Da Silva S.A.R.L. SCI,FR4181040915701840943533448,348.13,EUR,2025-05-28,2025-06-03,PO826139,U003,CC714,6063,False,none
INV00000556,943969078,Pelletier Collet S.A. SCI,FR3710742799077262570165804,1969.05,EUR,2024-04-09,2024-04-14,PO272846,U008,CC312,6061,False,none
INV00004896,332061632,Perrot S.A.R.L. SAS,FR9390392355580996132730346,1110.1,EUR,2025-12-07,2025-12-11,PO427462,U004,CC840,6181,False,none
INV00002054,029333346,Guillon Bailly S.A. EURL,FR4004588679252985856728727,2565.24,EUR,2024-02-16,2024-02-21,PO440317,U003,CC143,6228,False,none
INV00004860,517016608,Ledoux Techer SA EURL,FR7981079649673794577278532,1510.2,EUR,2025-05-01,2025-05-08,PO834059,U020,CC137,6181,False,none
INV00002469,931746120,Fournier Charpentier SARL SA,FR2156110022557941552166746,696.72,EUR,2025-03-27,2025-03-27,PO528236,U000,CC155,6063,False,none
INV00004858,788728743,Hernandez SA,FR2552809242875721586241502,934.63,EUR,2025-11-03,2025-11-04,PO495963,U025,CC985,6181,False,none
INV00000355,526218159,Adam SARL,FR8283192134249128965999497,492.06,EUR,2024-04-13,2024-04-18,PO308314,U002,CC524,6135,False,none
INV00001193,261990623,Georges SASU,FR9029884259959961002311775,171.96,EUR,2024-07-06,2024-07-07,PO692767,U002,CC671,6063,False,none
INV00001716,944869594,Lebon Maury S.A.R.L. EURL,FR7144391649701693429291320,7707.77,EUR,2024-07-21,2024-07-24,PO739361,U025,CC454,6065,False,none
INV00003416,142939685,Labbé SARL EURL,FR9575230837081647090063353,59.47,EUR,2025-07-03,2025-07-04,PO111662,U011,CC682,6068,False,none
INV00002604,021158693,Bigot Coste SARL SASU,FR7696905150267551254278207,110.31,EUR,2025-12-23,2025-12-25,PO280251,U000,CC857,6132,False,none
INV00004260,863794026,Leconte Da Costa et Fils SCI,FR7019283276483503056413953,2348.93,EUR,2024-02-16,2024-02-21,PO678630,U022,CC648,6181,False,none
INV00002828,759579472,Allain Robin et Fils SARL,FR9137326530601198756178688,823.87,EUR,2024-11-05,2024-11-11,PO888117,U024,CC467,6228,False,none
INV00001704,699013983,Robert Pierre et Fils SA,FR1614987283999219212493843,207.14,EUR,2024-03-19,2024-03-24,,U021,CC754,6061,False,none
INV00002863,982620450,Hervé S.A.S. SA,FR9851983273158514936899809,230.22,EUR,2025-11-25,2025-12-02,PO429211,U010,CC307,6063,False,none
INV00003982,680876038,Neveu S.A. SARL,FR5802758842524105648149177,990.59,EUR,2025-06-24,2025-06-26,PO398333,U028,CC392,6061,False,none
INV00002618,270866882,Mary Gros SARL SA,FR2428914161284639855474355,746.69,EUR,2024-02-16,2024-02-22,PO216284,U029,CC801,6181,False,none
INV00002400,305548851,Gomes SARL,FR6298011100051553234159597,201.13,EUR,2025-07-19,2025-07-20,PO894358,U012,CC959,6132,False,none
INV00002139,980500978,Guillet SARL,FR4837826398214658404499727,5664.89,EUR,2025-07-03,2025-07-07,PO711866,U006,CC353,6065,False,none
INV00003239,691251778,Allain S.A. EURL,FR2311426258273902196207100,2649.0,EUR,2024-08-06,2024-08-08,PO815595,U014,CC599,6061,False,none
INV00002383,544964759,Sanchez Garcia S.A. SA,FR4717982134862985797363831,4049.79,EUR,2024-09-24,2024-09-30,,U020,CC398,6228,False,none
INV00003218,933472122,Hamon SASU,FR8116517680866281372143308,31.26,EUR,2024-08-27,2024-08-29,PO369828,U028,CC203,6065,False,none
INV00003998,003791769,Bernier SAS,FR7565277584161692845115447,517.72,EUR,2024-10-20,2024-10-26,PO756445,U012,CC600,6061,False,none
INV00001285,841459332,Gérard EURL,FR5743864908108186617945491,799.69,EUR,2024-12-25,2024-12-27,PO325657,U021,CC562,6132,False,none
INV00004054,144914766,Pascal SASU,FR2671296180332426050801849,558.45,EUR,2024-09-27,2024-10-01,PO194227,U022,CC973,6132,False,none
INV00001772,933472122,Hamon SASU,FR8116517680866281372143308,3895.4,EUR,2024-05-08,2024-05-09,PO585705,U023,CC909,6228,False,none
INV00004609,170999173,Roche Leleu S.A. EURL,FR4842108902851553334264335,8357.23,EUR,2024-10-02,2024-10-06,PO765448,U019,CC620,6132,False,none
INV00002087,275037314,Rodrigues et Fils SCI,FR5784008385076597595450891,1595.52,EUR,2025-08-20,2025-08-22,PO470905,U016,CC291,6063,False,none
INV00001889,270866882,Mary Gros SARL SA,FR2428914161284639855474355,65.8,EUR,2025-07-05,2025-07-11,,U001,CC668,6061,False,none
INV00004365,935889163,Costa Leclerc S.A.S. SASU,FR9290063140352635602293946,512.76,EUR,2025-07-02,2025-07-02,PO692808,U025,CC484,6132,False,none
INV00001591,865890260,Royer et Fils SAS,FR3684148460191344389982780,185.63,EUR,2025-12-10,2025-12-15,PO333727,U014,CC371,6132,False,none
INV00001346,973103241,Maillet SCI,FR8752958066013824127049386,1789.55,EUR,2024-01-24,2024-01-26,PO882208,U021,CC676,6065,False,none
INV00004571,059304078,Texier SAS,FR2176392836929445511668297,404.15,EUR,2025-06-09,2025-06-13,PO891378,U000,CC574,6068,False,none
INV00002162,799088117,Pages SAS,FR0391122528837505661863239,42054.28,EUR,2025-08-26,2025-08-26,PO507990,U019,CC609,6063,False,none
INV00002396,724004991,Lejeune Rodrigues SA EURL,FR6043973597107256366941180,370.08,EUR,2025-08-08,2025-08-08,PO281543,U016,CC649,6132,False,none
INV00003892,995777387,Andre EURL,FR3179808932460953962185188,14278.07,EUR,2025-04-06,2025-04-06,,U015,CC152,6063,False,none
INV00002271,641605297,Bouchet SA SCI,FR7593998245587716947225699,9053.71,EUR,2024-07-09,2024-07-12,PO264662,U002,CC938,6063,False,none
INV00004631,524310690,Benoit EURL,FR8615869886497677622827728,22.7,EUR,2025-01-15,2025-01-18,PO236502,U019,CC587,6068,False,none
INV00003111,656272980,Bazin Berger SA SARL,FR4113075626368970283857865,262.49,EUR,2025-11-25,2025-11-26,PO592854,U026,CC951,6181,False,none
INV00001137,587717535,Maréchal SA,FR7596399076769915078593110,1027.36,EUR,2024-03-26,2024-03-29,PO407213,U002,CC131,6068,False,none
INV00000592,495621372,Martins SA,FR1814244260781975437347642,10979.25,EUR,2025-02-02,2025-02-04,PO557491,U008,CC889,6135,False,none
INV00000972,134316117,Seguin Gay S.A. SASU,FR0315336884443106987205061,1997.97,EUR,2024-08-13,2024-08-16,PO937818,U024,CC470,6068,False,none
INV00000795,833016571,Joubert S.A. SCI,FR8676064413432756041776561,868.77,EUR,2025-01-04,2025-01-10,PO968415,U017,CC536,6135,False,none
INV00003020,980686508,Dupont Da Silva S.A.R.L. SAS,FR2209505560571219881927788,10349.5,EUR,2024-07-28,2024-07-31,PO743054,U010,CC992,6065,False,none
INV00001711,505830033,Millet Briand SARL SCI,FR1629060320203265097753967,1554.42,EUR,2024-02-14,2024-02-19,PO199937,U014,CC612,6181,False,none
INV00003387,383028439,Ollivier EURL,FR9092287772519966365807412,3362.8,EUR,2025-01-23,2025-01-28,PO577319,U009,CC985,6132,False,none
INV00000036,317127484,Bonnin SARL,FR6871918261990623445655743,2119.32,EUR,2024-05-30,2024-06-06,PO133362,U018,CC757,6181,False,none
INV00000453,478985625,Philippe et Fils SA,FR2858929880858382521293289,4580.45,EUR,2025-01-16,2025-01-18,PO583326,U024,CC560,6228,False,none
INV00000913,539621851,Leclercq Rémy SARL SASU,FR0977027278576084958803955,2350.48,EUR,2025-03-01,2025-03-04,PO947831,U029,CC850,6068,False,none
INV00004973,130756263,Lucas SASU,FR3367197889778280647969545,3950.28,EUR,2024-02-13,2024-02-14,PO469149,U014,CC523,6135,False,none
INV00001199,103712938,Lévêque Humbert S.A.R.L. SARL,FR2082659608931992550272751,861.84,EUR,2025-05-29,2025-06-03,PO785362,U021,CC305,6135,False,none
INV00001274,890250392,Pinto SA SA,FR2776563600412577711837274,1547.9,EUR,2024-02-10,2024-02-13,PO336802,U014,CC763,6068,False,none
INV00002375,991241904,Bazin Faivre S.A.S. SAS,FR6918785191088398225871397,99.89,EUR,2025-03-09,2025-03-12,PO183697,U000,CC354,6065,False,none
INV00000037,578759856,Garnier S.A. SCI,FR2889868180978875439435353,560.35,EUR,2024-07-02,2024-07-09,PO835381,U018,CC362,6061,False,none
INV00000974,466574374,Schmitt SCI,FR0894841312840333997718051,4390.89,EUR,2025-11-15,2025-11-16,PO630205,U002,CC470,6228,False,none
INV00003195,321334803,Fontaine Perret SA SASU,FR5621288665268341559991015,523.11,EUR,2025-07-07,2025-07-12,PO549796,U020,CC263,6181,False,none
INV00000983,315869232,Arnaud S.A. SAS,FR4661201836675254599102290,3721.78,EUR,2024-01-14,2024-01-19,PO528736,U020,CC560,6181,False,none
INV00003297,539621851,Leclercq Rémy SARL SASU,FR0977027278576084958803955,301.89,EUR,2024-03-28,2024-03-29,PO983994,U028,CC951,6132,False,none
INV00004211,931746120,Fournier Charpentier SARL SA,FR2156110022557941552166746,805.25,EUR,2024-08-05,2024-08-05,PO227696,U000,CC924,6181,False,none
INV00001418,980500978,Guillet SARL,FR4837826398214658404499727,284.59,EUR,2024-04-10,2024-04-17,,U007,CC876,6068,False,none
INV00003332,988516560,Laroche S.A. SARL,FR6656770051844989266591846,109.82,EUR,2024-01-20,2024-01-26,PO319707,U010,CC715,6063,False,none
INV00001560,435175183,Ledoux SAS,FR9681180715695620175370304,15438.88,EUR,2025-10-25,2025-10-30,PO519273,U013,CC680,6135,False,none
INV00000039,540331739,Paris SAS,FR1487758030468750635190361,9793.99,EUR,2024-10-08,2024-10-08,PO879592,U028,CC525,6135,False,none
INV00001486,165667010,Diaz Chrétien S.A.R.L. SARL,FR6109477752047116719022941,5865.1,EUR,2024-12-16,2024-12-16,PO861785,U029,CC482,6181,False,none
INV00000520,618091901,Poulain SARL,FR9160858167046861114576832,98.42,EUR,2025-02-03,2025-02-08,PO760035,U025,CC386,6065,False,none
INV00000169,816934060,Carre SASU,FR2865905151864492519254629,1632.96,EUR,2024-02-29,2024-03-02,PO992805,U025,CC384,6132,False,none
INV00001355,074329271,Goncalves SA SARL,FR8234654950050702608698221,461.42,EUR,2024-10-12,2024-10-12,PO499454,U015,CC488,6228,False,none
INV00002785,576615654,Baron EURL,FR2352577754781291428341108,11111.77,EUR,2025-07-08,2025-07-08,PO205131,U018,CC290,6065,False,none
INV00003881,346578713,Hubert SCI,FR0310033092327193745299124,1370.42,EUR,2024-11-12,2024-11-17,PO852075,U012,CC655,6061,False,none
INV00004897,353465549,Hamel Legrand et Fils SARL,FR9247725129578606940960035,2513.72,EUR,2024-09-04,2024-09-06,,U001,CC623,6135,False,none
INV00003720,513542784,Pascal SAS,FR6316048175496513709859317,876.72,EUR,2024-08-14,2024-08-20,PO414901,U028,CC674,6181,False,none
INV00003612,728080100,Olivier Rossi S.A.R.L. SASU,FR3655963099384253042897317,3299.69,EUR,2025-02-21,2025-02-25,PO420567,U006,CC744,6135,False,none
INV00000987,596401658,Blin S.A.R.L. SCI,FR7012847818913718949058077,2413.84,EUR,2024-03-15,2024-03-15,PO650705,U018,CC620,6181,False,none
INV00002682,865890260,Royer et Fils SAS,FR3684148460191344389982780,173.96,EUR,2024-11-11,2024-11-15,PO328948,U010,CC922,6181,False,none
INV00004852,229014767,Mendès SARL,FR4002770384309883920530214,112.37,EUR,2025-06-17,2025-06-18,PO330939,U027,CC384,6228,False,none
INV00004190,799088117,Pages SAS,FR0391122528837505661863239,979.83,EUR,2024-03-22,2024-03-25,PO297570,U023,CC221,6132,False,none
INV00001640,093204899,Berger Dos Santos SA EURL,FR6524968549822749545089203,1607.44,EUR,2024-01-30,2024-02-06,PO775545,U007,CC560,6068,False,none
INV00001290,303054868,Faivre S.A.R.L. SA,FR3221717477332945625577017,19292.12,EUR,2025-01-24,2025-01-30,PO499812,U022,CC585,6065,False,none
INV00003681,599293784,Hervé SARL SCI,FR4773244913421388209088307,1178.39,EUR,2025-09-26,2025-09-29,PO620067,U012,CC746,6228,False,none
INV00001380,462638380,Bazin SARL,FR7716420595565749025042901,5659.29,EUR,2025-12-25,2025-12-29,PO167793,U001,CC164,6228,False,none
INV00001933,168784991,Klein SA,FR2518321928554451895202845,1033.82,EUR,2024-12-19,2024-12-21,PO472843,U018,CC878,6068,False,none
INV00000579,199410137,Pages SCI,FR5820377107044964104967066,649.53,EUR,2024-09-02,2024-09-06,PO340134,U027,CC850,6135,False,none
INV00004353,651827553,Alexandre SARL SARL,FR4121269428946420362586314,359.83,EUR,2025-10-14,2025-10-15,PO744809,U006,CC640,6132,False,none
INV00003160,701204556,Andre Normand SARL SA,FR2049409762637484539862895,135.26,EUR,2024-09-26,2024-09-30,PO987938,U000,CC992,6135,False,none
INV00002030,161369681,Lacombe SA,FR4596475987622023413261117,4810.68,EUR,2025-02-13,2025-02-16,PO391971,U027,CC985,6228,False,none
INV00000892,074329271,Goncalves SA SARL,FR8234654950050702608698221,7598.18,EUR,2025-02-16,2025-02-19,PO491235,U004,CC735,6132,False,none
INV00004154,816934060,Carre SASU,FR2865905151864492519254629,3180.76,EUR,2024-06-24,2024-06-27,PO177831,U024,CC299,6132,False,none
INV00000780,100167618,Chartier Costa et Fils SARL,FR6360144485645101739739641,300.32,EUR,2025-09-15,2025-09-16,PO733727,U015,CC317,6228,False,none
INV00000159,508821009,Guillot Joseph S.A.S. SCI,FR5271690618120546475489547,585.86,EUR,2025-06-04,2025-06-11,PO829169,U019,CC535,6065,False,none
INV00000002,785969691,Gay S.A.R.L. SCI,FR4547163928234143637189239,10587.25,EUR,2025-03-09,2025-03-10,PO748127,U004,CC186,6181,False,none
INV00002263,093204899,Berger Dos Santos SA EURL,FR6524968549822749545089203,534.77,EUR,2024-05-25,2024-05-30,PO267791,U029,CC467,6065,False,none
INV00003216,367837770,Mercier Neveu S.A. SARL,FR2338750997700886008484086,194.32,EUR,2024-09-22,2024-09-23,PO309501,U007,CC552,6132,False,none
INV00002109,953428364,Hamel Ollivier S.A.S. SASU,FR4618204339718956907056260,1179.92,EUR,2025-11-06,2025-11-13,PO712957,U003,CC725,6068,False,none
INV00000849,551884422,Buisson et Fils SCI,FR0377661830671985546015851,1176.85,EUR,2024-06-25,2024-06-28,PO870984,U027,CC310,6063,False,none
INV00002737,115542622,Weber SARL,FR2664911110961798178904633,393.15,EUR,2025-01-01,2025-01-07,PO268106,U024,CC856,6061,False,none
INV00002466,078161849,Guillou Gautier et Fils SA,FR1389325288095701543039117,872.59,EUR,2024-11-05,2024-11-06,PO687216,U004,CC664,6135,False,none
INV00003947,288095701,Costa SA,FR8632016328708317278895798,2367.29,EUR,2025-07-04,2025-07-07,PO630389,U029,CC594,6228,False,none
INV00003899,932525002,Aubry Lelièvre S.A. SA,FR8627423183061789320649693,12847.52,EUR,2025-06-03,2025-06-05,,U002,CC514,6132,False,none
INV00001596,567982507,Delahaye EURL,FR7667146283143598926256609,595.96,EUR,2024-12-21,2024-12-22,PO507923,U017,CC843,6135,False,none
INV00001776,020539502,Diallo Pages S.A. SARL,FR2272122816064842294057202,1260.22,EUR,2024-11-05,2024-11-08,PO665559,U007,CC997,6063,False,none
INV00001913,415206436,Riou Benoit SARL SA,FR7109605673030644212146147,2595.2,EUR,2025-03-04,2025-03-05,PO567736,U025,CC115,6063,False,none
INV00001043,569092755,Le Goff SA SA,FR3492766372395041027674783,1977.9,EUR,2025-02-25,2025-02-25,PO387918,U009,CC940,6181,False,none
INV00004861,447962757,Descamps SA,FR0821267969278687653269097,738.53,EUR,2024-08-23,2024-08-23,PO990769,U024,CC372,6228,False,none
INV00001544,337543303,Garnier EURL,FR0859696641605297516136968,376.63,EUR,2024-04-28,2024-05-05,,U027,CC967,6228,False,none
INV00002736,866618892,Payet SCI,FR0660880501716445561857906,7752.74,EUR,2025-04-26,2025-04-28,PO943340,U017,CC124,6068,False,none
INV00003957,547772522,Lefort Mary SARL SCI,FR3903342342583230241026153,64.42,EUR,2025-05-19,2025-05-20,PO712139,U013,CC752,6132,False,none
INV00004760,902787429,Muller Laporte S.A.S. SA,FR3892753269731121965652341,383.84,EUR,2025-12-26,2025-12-27,PO806434,U021,CC412,6181,False,none
INV00000053,466574374,Schmitt SCI,FR0894841312840333997718051,662.94,EUR,2024-12-23,2024-12-24,PO931420,U015,CC277,6228,False,none
INV00001796,803397401,Michaud SARL,FR7526329676291603248413768,1620.32,EUR,2024-08-04,2024-08-09,PO100686,U012,CC758,6065,False,none
INV00003588,134316117,Seguin Gay S.A. SASU,FR0315336884443106987205061,1227.2,EUR,2024-10-04,2024-10-04,PO120327,U010,CC180,6061,False,none
INV00001911,484086211,Aubert SASU,FR3292840445669078263337389,2961.86,EUR,2024-07-29,2024-08-02,PO608581,U015,CC684,6132,False,none
INV00002306,888067065,Munoz SASU,FR6850461735743842150317807,1319.63,EUR,2025-08-30,2025-09-05,PO109471,U024,CC555,6132,False,none
INV00002553,170999173,Roche Leleu S.A. EURL,FR4842108902851553334264335,798.0,EUR,2024-06-23,2024-06-25,PO316260,U005,CC161,6065,False,none
INV00002800,562718750,Chauvin Laporte S.A.R.L. SASU,FR2809263223998213745561140,82.82,EUR,2024-03-12,2024-03-19,,U025,CC553,6061,False,none
INV00000936,398225871,Da Silva SASU,FR8067899730806958146717957,2694.09,EUR,2025-11-05,2025-11-06,PO338158,U013,CC865,6061,False,none
INV00004258,540331739,Paris SAS,FR1487758030468750635190361,2193.71,EUR,2025-05-26,2025-05-31,PO748624,U003,CC953,6228,False,none
INV00000824,379237474,Richard SCI,FR8299861622999119148564679,3791.69,EUR,2025-10-12,2025-10-16,PO948310,U015,CC546,6181,False,none
INV00004882,180635651,Lebon SASU,FR8414298315229107322836084,1396.65,EUR,2025-08-18,2025-08-20,PO462002,U018,CC400,6061,False,none
INV00003178,199488375,Jacques S.A.R.L. SARL,FR9383625366677767555628333,4637.22,EUR,2024-06-18,2024-06-19,PO982390,U009,CC638,6181,False,none
INV00003401,775901751,Lambert SA,FR9251405468356521568182096,2244.25,EUR,2024-03-08,2024-03-15,PO353925,U024,CC967,6061,False,none
INV00001389,259526949,Carre Picard S.A.S. SASU,FR3113875927125663836151718,3349.87,EUR,2025-10-11,2025-10-18,PO453700,U006,CC122,6228,False,none
INV00003564,975001701,Guérin S.A. SAS,FR8474747219705466927589551,5782.61,EUR,2024-01-17,2024-01-23,PO465821,U023,CC526,6061,False,none
INV00005027,029333346,Guillon Bailly S.A. E.U.R.L.,FR4004588679252985856728727,3471.96,EUR,2025-03-27,2025-04-02,PO775631,U022,CC286,6132,True,duplicate_fuzzy
INV00000884,562718750,Chauvin Laporte S.A.R.L. SASU,FR2809263223998213745561140,2846.46,EUR,2025-08-24,2025-08-27,PO184638,U009,CC324,6061,False,none
INV00004063,517016608,Ledoux Techer SA EURL,FR7981079649673794577278532,3348.81,EUR,2024-08-08,2024-08-12,PO904725,U009,CC994,6228,False,none
INV00003646,186999386,Duval SAS,FR1461125457387571775140105,8476.08,EUR,2025-01-10,2025-01-14,PO512373,U009,CC172,6063,False,none
INV00003731,650609835,Colin SA,FR2730147195979647158904290,2957.84,EUR,2024-03-02,2024-03-08,PO324859,U023,CC495,6063,False,none
INV00001607,596401658,Blin S.A.R.L. SCI,FR7012847818913718949058077,3266.51,EUR,2024-02-03,2024-02-09,PO553405,U003,CC926,6181,False,none
INV00001594,097289623,Loiseau SCI,FR9611877347784858800616756,1699.29,EUR,2024-04-06,2024-04-07,PO386926,U017,CC933,6181,False,none
INV00000771,003791769,Bernier SAS,FR7565277584161692845115447,527.85,EUR,2024-05-01,2024-05-08,PO409967,U005,CC169,6132,False,none
INV00002611,972965902,Voisin et Fils EURL,FR9691815899886834527346666,16267.99,EUR,2025-05-29,2025-05-29,PO786947,U013,CC503,6065,False,none
INV00003782,816934060,Carre SASU,FR2865905151864492519254629,2237.49,EUR,2024-02-16,2024-02-22,PO899535,U029,CC397,6135,False,none
INV00003224,944869594,Lebon Maury S.A.R.L. EURL,FR7144391649701693429291320,4176.7,EUR,2025-06-27,2025-07-03,PO809570,U025,CC202,6065,False,none
INV00002273,911914856,Delattre SASU,FR1875409150863218122764579,663.07,EUR,2024-09-18,2024-09-23,PO556592,U017,CC527,6228,False,none
INV00001868,232719374,Jacob SASU,FR1774549904530174268414593,842.41,EUR,2025-07-07,2025-07-09,PO793861,U023,CC641,6228,False,none
INV00001085,731121965,Blondel SCI,FR6563128196482531106092098,306.05,EUR,2025-06-24,2025-06-24,PO274467,U029,CC407,6068,False,none
INV00000010,043898364,Renard SCI,FR5940299015579980284139080,1118.61,EUR,2025-01-16,2025-01-21,PO687783,U013,CC504,6068,False,none
INV00003857,643815614,Baron EURL,FR2693769042681818451848947,411.77,EUR,2024-04-12,2024-04-18,,U016,CC282,6068,False,none
INV00001325,910651801,Petitjean Klein et Fils SAS,FR2587125521376037548214565,1600.97,EUR,2025-07-17,2025-07-17,PO628083,U024,CC293,6068,False,none
INV00003390,816934060,Carre SASU,FR2865905151864492519254629,114.42,EUR,2024-01-21,2024-01-27,PO621038,U015,CC409,6063,False,none
INV00001463,952111790,Pages SAS,FR0979050404333353849516321,5350.59,EUR,2025-02-03,2025-02-10,PO498424,U001,CC599,6063,False,none
INV00000806,765277584,Le Gall Lebon SA EURL,FR0519657013290227846997335,2630.09,EUR,2024-01-26,2024-02-01,PO510373,U006,CC731,6181,False,none
INV00003989,562718750,Chauvin Laporte S.A.R.L. SASU,FR2809263223998213745561140,2916.22,EUR,2025-09-27,2025-09-28,PO417303,U023,CC847,6068,False,none
INV00004385,417154544,Costa SA,FR5121641758231334845871493,6007.93,EUR,2025-10-15,2025-10-22,,U011,CC254,6065,False,none
INV00004028,686879374,Ribeiro SARL,FR9738166496902824983922501,748.01,EUR,2025-11-11,2025-11-17,PO224007,U003,CC414,6181,False,none
INV00002108,400504556,Chauvin SCI,FR0674186256527047743490211,62105.05,EUR,2024-07-17,2024-07-17,PO931570,U019,CC336,6228,False,none
INV00004369,842579913,Durand SASU,FR6349079388413685283061537,191.35,EUR,2024-07-05,2024-07-05,PO317882,U007,CC597,6132,False,none
INV00005107,962132508,Jourdan et Fils EURL,FR7547424631043796868008529,10285.72,EUR,2025-07-21,2025-07-26,PO686392,U003,CC114,6132,True,shared_iban_ring
INV00002234,016400524,Blanchet SA,FR0417839084700766177115921,1020.8,EUR,2024-06-17,2024-06-23,PO482940,U029,CC935,6061,False,none
INV00003211,210388629,Launay Martins et Fils EURL,FR8151448811210314217518878,3436.58,EUR,2024-03-24,2024-03-26,PO460653,U003,CC808,6061,False,none
INV00000963,051238282,Gaillard S.A.S. SARL,FR8414870682778816093068538,380.95,EUR,2025-04-10,2025-04-10,PO466718,U003,CC179,6228,False,none
INV00003415,057202590,Gros SA,FR3823945354614707986321061,3952.92,EUR,2024-08-05,2024-08-11,PO131957,U016,CC298,6132,False,none
INV00004009,949299556,Vasseur Guyot SA SA,FR9534699673311677269608437,14095.22,EUR,2024-02-06,2024-02-13,,U011,CC708,6132,False,none
INV00000398,187851910,Dufour Garcia S.A. SASU,FR2703037236831472760122777,945.68,EUR,2024-06-27,2024-06-28,,U020,CC588,6228,False,none
INV00002632,175354083,Morel Chevallier S.A. SAS,FR1413695727908335090254257,2598.47,EUR,2024-09-07,2024-09-11,PO897814,U000,CC269,6135,False,none
INV00005001,257905072,Gonzalez Bernard S.A. SAS,FR1739087884434481230834024,4064.0,EUR,2024-12-26,2024-12-29,PO943577,U001,CC437,6228,True,duplicate_exact
INV00002996,025634216,Masson EURL,FR1097840369003432445107622,949.15,EUR,2025-08-10,2025-08-15,PO153895,U013,CC711,6181,False,none
INV00000704,413836702,Gonzalez EURL,FR3938497916202232883774419,1061.02,EUR,2025-11-05,2025-11-08,PO567423,U029,CC201,6063,False,none
INV00000431,724004991,Lejeune Rodrigues SA EURL,FR6043973597107256366941180,2278.62,EUR,2025-09-17,2025-09-23,PO834831,U017,CC994,6132,False,none
INV00004813,980893246,Leclercq EURL,FR9610713966055830344144885,353.08,EUR,2025-08-07,2025-08-12,PO108156,U002,CC609,6065,False,none
INV00000292,142626551,Dijoux SARL,FR3427017130232129833816742,615.02,EUR,2025-06-22,2025-06-22,PO850582,U006,CC388,6065,False,none
INV00005017,890250392,Pinto S.A. S.A.,FR2776563600412577711837274,312.73,EUR,2025-09-05,2025-09-08,PO702504,U029,CC546,6228,True,duplicate_fuzzy
INV00000145,244935348,Berger SASU,FR5993183933529042284210205,1727.03,EUR,2024-03-22,2024-03-27,PO827774,U018,CC541,6181,False,none
INV00004278,853615305,Breton EURL,FR4102793714521117518689268,8161.67,EUR,2024-02-15,2024-02-17,PO641616,U007,CC990,6228,False,none
INV00002033,995777387,Andre EURL,FR3179808932460953962185188,1956.92,EUR,2024-09-21,2024-09-23,PO176009,U012,CC655,6135,False,none
INV00003741,880592962,Lemonnier SASU,FR0614770538338848792069804,1387.84,EUR,2024-04-18,2024-04-24,PO721312,U017,CC810,6228,False,none
INV00004339,799088117,Pages SAS,FR0391122528837505661863239,4072.42,EUR,2024-06-03,2024-06-03,,U009,CC473,6135,False,none
INV00001165,357332214,Berger Guérin SARL SAS,FR0665911665535590425979270,1346.85,EUR,2024-04-29,2024-04-29,PO216941,U023,CC553,6068,False,none
INV00003500,599293784,Hervé SARL SCI,FR4773244913421388209088307,103.63,EUR,2024-01-15,2024-01-21,PO809734,U007,CC461,6068,False,none
INV00002050,754558845,Ledoux S.A.R.L. SARL,FR1131139500168094149150762,3341.59,EUR,2025-02-25,2025-03-03,PO936547,U029,CC745,6132,False,none
INV00003760,799702462,Weber S.A.S. EURL,FR5915466024161394498830597,442.61,EUR,2024-12-16,2024-12-18,PO246708,U025,CC646,6065,False,none
INV00002624,848947697,Benard Bouvier S.A.R.L. SARL,FR6918444218299874781224890,1336.09,EUR,2025-08-16,2025-08-21,PO956820,U009,CC219,6068,False,none
INV00004516,890250392,Pinto SA SA,FR2776563600412577711837274,940.15,EUR,2025-12-10,2025-12-14,PO790615,U018,CC724,6181,False,none
INV00000339,261891411,Lecoq SCI,FR4223885652715598354116597,225.08,EUR,2024-01-23,2024-01-28,PO712710,U023,CC499,6068,False,none
INV00004118,711382675,Arnaud SA,FR1865902771670145089935889,235.17,EUR,2024-01-21,2024-01-26,PO788717,U025,CC572,6068,False,none
INV00003922,517016608,Ledoux Techer SA EURL,FR7981079649673794577278532,5617.09,EUR,2024-06-06,2024-06-08,PO979677,U013,CC734,6228,False,none
INV00002973,484219933,Meunier Gautier S.A. SASU,FR3347649078515867342575409,336.22,EUR,2024-02-25,2024-02-28,PO331393,U019,CC213,6061,False,none
INV00000265,473121727,Besnard Muller S.A.R.L. SASU,FR8896271286391741011947072,323.42,EUR,2024-07-20,2024-07-24,PO688285,U002,CC320,6228,False,none
INV00002424,171339596,Lévêque SA,FR4414754102252677119642152,5512.5,EUR,2025-10-13,2025-10-14,PO619689,U004,CC290,6063,False,none
INV00001262,029333346,Guillon Bailly S.A. EURL,FR4004588679252985856728727,64.17,EUR,2024-12-13,2024-12-18,PO460762,U011,CC354,6132,False,none
INV00001771,535218188,Ruiz SA,FR9334722820055778487282997,890.53,EUR,2024-01-20,2024-01-24,PO347996,U014,CC309,6132,False,none
INV00003511,735160917,Couturier Lebrun SARL SAS,FR9515970996254384807520344,244.49,EUR,2024-05-07,2024-05-11,PO938776,U002,CC244,6181,False,none
INV00000271,803397401,Michaud SARL,FR7526329676291603248413768,3879.62,EUR,2025-04-02,2025-04-09,PO929653,U000,CC257,6132,False,none
INV00000696,961586578,Rousseau S.A.R.L. SA,FR3662676586179327104054115,4153.96,EUR,2024-02-05,2024-02-08,,U001,CC489,6181,False,none
INV00000747,896118367,Imbert EURL,FR9114141397552314913577594,152.48,EUR,2024-05-10,2024-05-13,PO158579,U023,CC241,6063,False,none
INV00000244,638546785,Hoarau SAS,FR3973505831997179110065120,647.67,EUR,2025-08-12,2025-08-16,PO486028,U025,CC789,6063,False,none
INV00000317,199410137,Pages SCI,FR5820377107044964104967066,3255.95,EUR,2025-09-09,2025-09-13,PO821411,U002,CC989,6132,False,none
INV00000476,522395590,Robert Allain S.A.S. EURL,FR8676572894134750988986456,3915.77,EUR,2024-12-08,2024-12-15,PO444412,U000,CC808,6065,False,none
INV00002032,863794026,Leconte Da Costa et Fils SCI,FR7019283276483503056413953,4946.74,EUR,2024-07-30,2024-08-01,PO374535,U022,CC563,6068,False,none
INV00000957,078161849,Guillou Gautier et Fils SA,FR1389325288095701543039117,7543.72,EUR,2025-05-24,2025-05-31,,U011,CC591,6068,False,none
INV00004075,594013990,Toussaint EURL,FR2536110371293870051627136,196.58,EUR,2025-12-14,2025-12-14,PO981488,U025,CC870,6061,False,none
INV00000813,533963605,Laporte EURL,FR0993213348039652239559059,5180.94,EUR,2025-10-01,2025-10-04,PO332527,U009,CC298,6068,False,none
INV00004303,398225871,Da Silva SASU,FR8067899730806958146717957,933.29,EUR,2025-03-31,2025-03-31,PO964916,U010,CC258,6181,False,none
INV00001914,911914856,Delattre SASU,FR1875409150863218122764579,1776.95,EUR,2025-03-31,2025-04-06,PO792398,U004,CC126,6068,False,none
INV00003810,332061632,Perrot S.A.R.L. SAS,FR9390392355580996132730346,1201.81,EUR,2024-03-06,2024-03-12,,U028,CC969,6132,False,none
INV00005006,510702966,David SARL,FR5150954930596601864876998,120.21,EUR,2025-03-01,2025-03-02,PO444120,U011,CC506,6181,True,duplicate_exact
INV00003487,783908470,Laurent SARL,FR1858877043581128801336138,2381.41,EUR,2025-09-13,2025-09-15,PO490992,U011,CC665,6061,False,none
INV00001297,526965827,Lebreton S.A. SA,FR0284964985601256253135525,1577.67,EUR,2025-02-15,2025-02-20,PO562104,U022,CC966,6065,False,none
INV00004194,786103579,Delattre SARL SA,FR1881980770460568761124912,8022.03,EUR,2024-09-14,2024-09-15,PO132473,U025,CC651,6228,False,none
INV00001804,014388899,Menard SARL SARL,FR1284872975859883103032432,1289.22,EUR,2024-02-11,2024-02-18,PO460029,U012,CC271,6065,False,none
INV00000758,594013990,Toussaint EURL,FR2536110371293870051627136,3906.48,EUR,2025-08-02,2025-08-08,PO213666,U003,CC179,6135,False,none
INV00000250,484086211,Aubert SASU,FR3292840445669078263337389,181.01,EUR,2024-05-31,2024-06-07,PO694806,U004,CC908,6132,False,none
INV00002461,735160917,Couturier Lebrun SARL SAS,FR9515970996254384807520344,2432.9,EUR,2025-06-07,2025-06-09,PO665260,U029,CC193,6065,False,none
INV00000545,383028439,Ollivier EURL,FR9092287772519966365807412,1789.81,EUR,2025-05-27,2025-05-27,PO111583,U005,CC434,6181,False,none
INV00003241,104328986,Girard Gonzalez S.A. SARL,FR5850209945101622499982795,398.51,EUR,2024-03-15,2024-03-15,,U005,CC106,6065,False,none
INV00000738,982708086,Guyon S.A.S. SCI,FR7246376604655866525483744,8871.57,EUR,2025-06-03,2025-06-03,PO255863,U024,CC771,6065,False,none
INV00000310,109324808,Thibault EURL,FR0449375973832060385050641,81.14,EUR,2024-07-01,2024-07-05,PO272117,U015,CC541,6065,False,none
INV00004037,799088117,Pages SAS,FR0391122528837505661863239,1115.8,EUR,2024-08-06,2024-08-10,PO824005,U003,CC767,6228,False,none
INV00002941,462638380,Bazin SARL,FR7716420595565749025042901,280.08,EUR,2025-02-18,2025-02-18,,U021,CC856,6061,False,none
INV00001131,797403447,Guilbert EURL,FR7376767721903404384279788,804.23,EUR,2025-07-03,2025-07-05,PO103499,U017,CC949,6135,False,none
INV00001449,591846386,Vasseur Menard S.A.R.L. EURL,FR6918856669541329715066626,2349.0,EUR,2025-03-31,2025-03-31,PO755425,U004,CC713,6135,False,none
INV00005070,669849027,Martins S.A.R.L. SARL,FR9481187233351040961497315,9887.15,EUR,2024-06-15,2024-06-22,PO383542,U014,CC102,6132,True,under_threshold
INV00000015,533963605,Laporte EURL,FR0993213348039652239559059,1678.59,EUR,2025-01-30,2025-01-31,PO231113,U022,CC548,6061,False,none
INV00003232,038567700,Rémy SAS,FR1374223196463004023693626,7936.26,EUR,2025-05-07,2025-05-09,PO713685,U015,CC595,6063,False,none
INV00002769,097289623,Loiseau SCI,FR9611877347784858800616756,314.99,EUR,2025-10-27,2025-11-02,PO276028,U019,CC913,6135,False,none
INV00003468,887676772,Germain EURL,FR4284269450053424089164983,1104.53,EUR,2025-04-07,2025-04-14,PO435571,U017,CC242,6063,False,none
INV00000920,735160917,Couturier Lebrun SARL SAS,FR9515970996254384807520344,1201.17,EUR,2025-08-16,2025-08-22,PO175460,U010,CC289,6228,False,none
INV00003029,327648350,Vallée SCI,FR8736026064746872343098050,6389.6,EUR,2025-09-11,2025-09-17,,U001,CC497,6135,False,none
INV00001372,884252410,Lemaire SA,FR3515632686850745106634362,5292.62,EUR,2025-11-18,2025-11-21,PO185097,U005,CC193,6063,False,none
INV00003587,093204899,Berger Dos Santos SA EURL,FR6524968549822749545089203,3003.37,EUR,2025-09-24,2025-09-30,PO220434,U013,CC108,6068,False,none
INV00002544,798552414,Boulay Bertin SARL SAS,FR9375749490228403595442947,54.16,EUR,2025-02-15,2025-02-22,PO245084,U011,CC718,6065,False,none
INV00003598,304637454,Boulanger SA SA,FR9197592304501896164236103,1943.85,EUR,2024-12-11,2024-12-15,PO723293,U004,CC334,6065,False,none
INV00000038,229959001,Fernandez Bouchet S.A.S. SASU,FR3939774063356939290600780,1648.1,EUR,2025-05-13,2025-05-13,PO318877,U020,CC603,6063,False,none
INV00000363,799088117,Pages SAS,FR0391122528837505661863239,10393.13,EUR,2025-12-30,2026-01-02,PO817506,U020,CC569,6063,False,none
INV00004231,544948126,Lacroix Hubert SA SAS,FR3221260650191792025213109,15148.95,EUR,2024-11-25,2024-11-27,PO138465,U028,CC511,6181,False,none
INV00000182,522675289,Alexandre SA,FR7004735047639283199529800,1852.84,EUR,2025-05-09,2025-05-15,,U003,CC801,6228,False,none
INV00003033,134316117,Seguin Gay S.A. SASU,FR0315336884443106987205061,433.06,EUR,2024-09-21,2024-09-28,PO745886,U019,CC264,6181,False,none
INV00002983,711116152,Michaud SAS,FR7694278816580392827229927,9132.96,EUR,2025-11-29,2025-12-03,PO986709,U024,CC305,6132,False,none
INV00001194,014388899,Menard SARL SARL,FR1284872975859883103032432,2741.59,EUR,2024-04-20,2024-04-21,PO591202,U019,CC765,6068,False,none
INV00002852,231665876,Leroux Millet S.A.S. EURL,FR2753278774701687339500479,520.76,EUR,2024-04-29,2024-05-02,PO550219,U000,CC854,6135,False,none
INV00004022,484219933,Meunier Gautier S.A. SASU,FR3347649078515867342575409,1048.74,EUR,2024-11-21,2024-11-25,PO938402,U008,CC629,6181,False,none
INV00001121,341036971,Georges SA,FR1814586833901981794695489,2695.03,EUR,2024-01-11,2024-01-16,PO259151,U014,CC974,6228,False,none
INV00005068,669849027,Martins S.A.R.L. SARL,FR9481187233351040961497315,49645.36,EUR,2024-06-15,2024-06-22,PO383542,U014,CC102,6132,True,under_threshold
INV00002235,971870728,Guillou Vasseur S.A.S. SAS,FR9159724665729341722329716,537.41,EUR,2025-02-24,2025-03-02,PO601626,U019,CC724,6135,False,none
INV00002667,001338908,Henry EURL,FR6461559407816184959310341,1019.74,EUR,2025-12-12,2025-12-17,PO736756,U016,CC266,6132,False,none
INV00003950,728080100,Olivier Rossi S.A.R.L. SASU,FR3655963099384253042897317,1254.81,EUR,2025-06-17,2025-06-19,PO781966,U004,CC979,6228,False,none
INV00003223,826137506,Dijoux SA EURL,FR6670388608680347644726490,406.64,EUR,2024-02-21,2024-02-26,,U010,CC838,6065,False,none
INV00001182,639208678,Dias S.A. SA,FR2098036577449160936595201,1673.38,EUR,2024-02-27,2024-03-04,PO840807,U015,CC355,6132,False,none
INV00004316,933472122,Hamon SASU,FR8116517680866281372143308,724.36,EUR,2024-03-18,2024-03-23,PO970178,U003,CC483,6063,False,none
INV00004429,262244472,Royer Bouvet S.A. SASU,FR6364027011686462252237281,1236.23,EUR,2024-05-11,2024-05-11,PO127671,U019,CC906,6068,False,none
INV00000614,564139537,Parent S.A. SARL,FR0619399091699854353462475,164.22,EUR,2025-07-10,2025-07-15,PO344903,U019,CC596,6181,False,none
INV00005059,669849027,Martins S.A.R.L. SARL,FR9481187233351040961497315,24879.47,EUR,2024-06-15,2024-06-22,PO383542,U014,CC102,6132,True,under_threshold
INV00001466,412528669,Daniel SAS,FR5611082555989534396112910,1749.35,EUR,2025-04-12,2025-04-15,PO199566,U000,CC800,6065,False,none
INV00000401,656482366,Lelièvre SA,FR6535977468862392407581814,84.6,EUR,2024-10-21,2024-10-23,PO300070,U003,CC935,6061,False,none
INV00003042,807374167,Auger Lacroix et Fils SCI,FR8530276420865675661844386,791.61,EUR,2025-02-19,2025-02-19,PO246613,U019,CC545,6181,False,none
INV00000934,980500978,Guillet SARL,FR4837826398214658404499727,389.96,EUR,2025-10-04,2025-10-06,PO547567,U017,CC241,6063,False,none
INV00002419,259526949,Carre Picard S.A.S. SASU,FR3113875927125663836151718,794.64,EUR,2024-10-16,2024-10-22,PO173482,U018,CC469,6068,False,none
INV00004193,275037314,Rodrigues et Fils SCI,FR5784008385076597595450891,448.67,EUR,2024-08-16,2024-08-18,PO706760,U008,CC364,6068,False,none
INV00004655,841459332,Gérard EURL,FR5743864908108186617945491,1248.22,EUR,2024-03-07,2024-03-11,PO802540,U019,CC634,6065,False,none
INV00002641,816934060,Carre SASU,FR2865905151864492519254629,5627.0,EUR,2024-02-07,2024-02-14,PO997726,U011,CC999,6181,False,none
INV00004183,060715969,Huet SCI,FR8166322702672885744890612,275.08,EUR,2024-04-30,2024-05-06,PO723374,U029,CC746,6181,False,none
INV00000726,798552414,Boulay Bertin SARL SAS,FR9375749490228403595442947,1097.29,EUR,2024-02-29,2024-03-01,PO121722,U003,CC946,6061,False,none
INV00000826,143866322,Cousin SA SAS,FR2584993231234266980690872,257.56,EUR,2025-11-09,2025-11-13,PO315830,U023,CC599,6181,False,none
INV00001521,980686508,Dupont Da Silva S.A.R.L. SAS,FR2209505560571219881927788,823.37,EUR,2025-02-14,2025-02-20,,U008,CC456,6068,False,none
INV00003911,143866322,Cousin SA SAS,FR2584993231234266980690872,4608.11,EUR,2024-07-03,2024-07-07,PO544901,U028,CC623,6135,False,none
INV00004893,505830033,Millet Briand SARL SCI,FR1629060320203265097753967,1585.08,EUR,2025-09-12,2025-09-13,PO849206,U002,CC231,6132,False,none
INV00002930,663177971,Daniel Descamps et Fils SCI,FR3107139848228501168809255,203.39,EUR,2025-04-29,2025-04-30,,U021,CC515,6135,False,none
INV00000136,776945314,Neveu SASU,FR6070866882634351751830469,21505.05,EUR,2025-02-08,2025-02-08,PO156413,U002,CC536,6181,False,none
INV00003590,477752047,Mallet SASU,FR7165193982807374167243426,423.61,EUR,2024-05-15,2024-05-15,,U028,CC600,6135,False,none
INV00000628,522047277,Colin Lecoq et Fils SCI,FR5564474212309407778097339,8588.44,EUR,2025-09-29,2025-10-02,PO577924,U004,CC715,6132,False,none
INV00000334,748217594,Morel SARL,FR6653074505444713247546913,1650.58,EUR,2024-08-02,2024-08-06,PO391265,U021,CC663,6065,False,none
INV00003853,988516560,Laroche S.A. SARL,FR6656770051844989266591846,801.27,EUR,2024-03-14,2024-03-14,PO488999,U011,CC431,6135,False,none
INV00000390,053021465,Philippe Payet SARL SAS,FR8407392013546212760250826,152.6,EUR,2024-08-26,2024-08-27,PO558600,U002,CC920,6228,False,none
INV00004525,244935348,Berger SASU,FR5993183933529042284210205,112.5,EUR,2025-11-12,2025-11-19,PO249277,U004,CC342,6132,False,none
INV00005026,349361832,Henry S.C.I.,FR7934074517133959629233095,1907.5,EUR,2025-07-03,2025-07-07,PO783899,U001,CC405,6181,True,duplicate_fuzzy
INV00004091,014388899,Menard SARL SARL,FR1284872975859883103032432,744.01,EUR,2025-10-23,2025-10-28,PO267081,U024,CC889,6068,False,none
INV00001817,467741862,Blanc SARL,FR6212125902035713432406424,512.11,EUR,2024-03-03,2024-03-10,PO734463,U023,CC954,6065,False,none
INV00000400,927065379,Mercier S.A.R.L. SAS,FR1845104636815798123878003,68.01,EUR,2024-05-24,2024-05-29,PO823825,U021,CC504,6132,False,none
INV00000710,890250392,Pinto SA SA,FR2776563600412577711837274,354.72,EUR,2025-06-04,2025-06-05,PO887195,U016,CC493,6181,False,none
INV00001039,426818184,Paul S.A. SARL,FR3071681572450000001529113,8608.81,EUR,2024-10-03,2024-10-08,PO855111,U027,CC238,6065,False,none
INV00000777,021158693,Bigot Coste SARL SASU,FR7696905150267551254278207,54.54,EUR,2024-10-19,2024-10-19,PO210412,U009,CC484,6065,False,none
INV00003359,299468044,Vincent SCI,FR6185361530515220472779010,1527.58,EUR,2024-03-23,2024-03-30,PO878866,U028,CC148,6228,False,none
INV00000046,792499125,Gillet S.A.R.L. SA,FR9743356708604145456350200,3784.49,EUR,2025-11-19,2025-11-24,PO764001,U013,CC945,6135,False,none
INV00001561,357332214,Berger Guérin SARL SAS,FR0665911665535590425979270,182.53,EUR,2024-05-13,2024-05-14,PO753323,U015,CC778,6063,False,none
INV00003948,788191485,Royer S.A. SASU,FR9390018513279724572308481,1290.7,EUR,2024-09-15,2024-09-16,PO107605,U013,CC286,6068,False,none
INV00004948,545494808,Collet SAS,FR2135369378547772522872808,1498.87,EUR,2025-02-28,2025-03-02,PO525057,U018,CC835,6061,False,none
INV00003642,261990623,Georges SASU,FR9029884259959961002311775,321.66,EUR,2025-03-27,2025-04-03,PO353469,U007,CC455,6061,False,none
INV00003726,160648422,Brunet Dos Santos S.A.S. SASU,FR1956608470681039033970519,1574.35,EUR,2025-08-15,2025-08-15,PO197334,U008,CC393,6132,False,none
INV00004993,353465549,Hamel Legrand et Fils SARL,FR9247725129578606940960035,7240.16,EUR,2025-11-08,2025-11-11,PO152510,U024,CC462,6181,False,none
INV00001112,974801624,François EURL,FR9661064628792326487049478,116.31,EUR,2025-07-24,2025-07-29,PO885663,U009,CC532,6181,False,none
INV00002513,327648350,Vallée SCI,FR8736026064746872343098050,1388.98,EUR,2024-04-22,2024-04-24,PO801633,U027,CC400,6068,False,none
INV00003608,880592962,Lemonnier SASU,FR0614770538338848792069804,875.03,EUR,2024-03-03,2024-03-07,PO413552,U017,CC930,6228,False,none
INV00001223,547772522,Lefort Mary SARL SCI,FR3903342342583230241026153,1713.6,EUR,2025-05-03,2025-05-10,PO993353,U018,CC300,6065,False,none
INV00005007,473121727,Besnard Muller S.A.R.L. SASU,FR8896271286391741011947072,323.42,EUR,2024-07-20,2024-07-24,PO688285,U002,CC320,6228,True,duplicate_exact
INV00003023,269166978,Pasquier Laurent S.A. SCI,FR6256342160733754330365414,2093.18,EUR,2025-10-16,2025-10-22,PO461080,U015,CC672,6061,False,none
INV00002421,079911838,Diallo SARL,FR4339533942104709521456232,679.7,EUR,2024-08-01,2024-08-02,PO243195,U010,CC917,6061,False,none
INV00001508,384309883,Lagarde SARL,FR7382073651189394065578201,86.62,EUR,2025-03-29,2025-03-31,,U018,CC424,6068,False,none
INV00001750,215064890,Dubois SASU,FR5318481973741897215406417,2057.2,EUR,2025-07-09,2025-07-14,PO886874,U003,CC357,6068,False,none
INV00004987,464887719,Costa Royer SARL SCI,FR2945892975001701277063242,1195.46,EUR,2024-10-24,2024-10-24,PO565356,U007,CC402,6132,False,none
INV00004226,970283857,Gillet SASU,FR4365565033349114152085076,8817.88,EUR,2025-10-05,2025-10-12,PO851879,U004,CC265,6065,False,none
INV00001799,902787429,Muller Laporte S.A.S. SA,FR3892753269731121965652341,1045.65,EUR,2025-02-27,2025-03-03,PO284452,U024,CC864,6135,False,none
INV00000338,646519398,Chevallier Briand SARL SA,FR8552899316087524377294209,425.37,EUR,2024-09-18,2024-09-22,PO194632,U007,CC714,6063,False,none
INV00000215,060385050,Boutin S.A. SAS,FR6828723244079311029181331,2604.97,EUR,2024-10-23,2024-10-27,PO104792,U017,CC341,6068,False,none
INV00003663,299468044,Vincent SCI,FR6185361530515220472779010,559.1,EUR,2025-03-01,2025-03-06,PO724830,U001,CC458,6061,False,none
INV00001341,330307053,Tessier SAS,FR8232735241039773973278195,3040.21,EUR,2024-05-25,2024-05-28,PO847204,U006,CC682,6068,False,none
INV00000011,464887719,Costa Royer SARL SCI,FR2945892975001701277063242,1296.39,EUR,2025-07-07,2025-07-13,PO331307,U008,CC181,6181,False,none
INV00003886,356159514,Étienne SARL SASU,FR1135733221418880592962229,648.95,EUR,2025-09-26,2025-09-30,PO647670,U014,CC102,6063,False,none
INV00001520,119079030,Lemaître S.A.S. SAS,FR8908215454470229604432701,1024.83,EUR,2025-06-29,2025-07-04,PO121489,U015,CC546,6228,False,none
INV00003894,267736026,Verdier SAS,FR1827874296717565512567468,3759.12,EUR,2025-09-06,2025-09-13,PO899645,U029,CC741,6068,False,none
INV00003640,535218188,Ruiz SA,FR9334722820055778487282997,379.73,EUR,2025-11-25,2025-11-28,,U007,CC533,6132,False,none
INV00000329,955439376,Vaillant S.A.R.L. SASU,FR2592082832308981388158814,1107.99,EUR,2024-10-21,2024-10-21,PO481969,U014,CC251,6068,False,none
INV00004032,687339500,Prévost SARL,FR4598056265650455478137674,374.47,EUR,2024-11-09,2024-11-12,PO193852,U008,CC926,6061,False,none
INV00003004,953428364,Hamel Ollivier S.A.S. SASU,FR4618204339718956907056260,2423.5,EUR,2025-10-09,2025-10-14,PO127147,U008,CC491,6061,False,none
INV00002864,452288515,Dupont Blot SARL SASU,FR9377567772266025626506229,3900.83,EUR,2025-12-20,2025-12-20,PO885327,U006,CC573,6063,False,none
INV00003115,918255371,Masson Aubert SARL SARL,FR9626650237416787256862110,3718.51,EUR,2025-11-17,2025-11-22,PO351045,U007,CC692,6065,False,none
INV00004990,305548851,Gomes SARL,FR6298011100051553234159597,577.11,EUR,2025-09-23,2025-09-26,PO612877,U015,CC134,6135,False,none
INV00002322,691373678,Pereira S.A.R.L. SA,FR9831942268653694551588863,215.08,EUR,2024-11-15,2024-11-16,PO916373,U019,CC464,6068,False,none
INV00002571,978403690,Couturier SCI,FR8833565880434165182755394,2321.47,EUR,2025-01-03,2025-01-08,,U023,CC100,6181,False,none
INV00002913,562328588,Meunier SA,FR8621752500743292712966667,2875.13,EUR,2024-11-24,2024-11-27,PO467485,U002,CC568,6132,False,none
INV00000101,724004991,Lejeune Rodrigues SA EURL,FR6043973597107256366941180,12562.24,EUR,2025-04-25,2025-04-29,PO905967,U014,CC395,6065,False,none
INV00003549,315869232,Arnaud S.A. SAS,FR4661201836675254599102290,1128.7,EUR,2025-08-31,2025-09-02,PO832584,U012,CC104,6135,False,none
INV00001458,639208678,Dias S.A. SA,FR2098036577449160936595201,1236.92,EUR,2024-05-23,2024-05-23,PO317146,U005,CC947,6063,False,none
INV00000171,980686508,Dupont Da Silva S.A.R.L. SAS,FR2209505560571219881927788,519.54,EUR,2025-05-12,2025-05-14,PO487728,U025,CC279,6132,False,none
INV00000107,303054868,Faivre S.A.R.L. SA,FR3221717477332945625577017,1689.6,EUR,2025-03-07,2025-03-08,,U013,CC282,6065,False,none
INV00004329,641605297,Bouchet SA SCI,FR7593998245587716947225699,1756.28,EUR,2024-05-09,2024-05-14,PO288659,U011,CC390,6063,False,none
INV00003569,413435240,Fernandez Lemoine S.A.R.L. SASU,FR8488861015819956046618398,1924.62,EUR,2024-10-24,2024-10-30,PO591190,U018,CC288,6228,False,none
INV00005143,231665876,Leroux Millet S.A.S. EURL,FR2753278774701687339500479,32836.83,EUR,2024-03-22,2024-03-27,PO497242,U026,CC696,6061,True,amount_outlier
INV00003874,944869594,Lebon Maury S.A.R.L. EURL,FR7144391649701693429291320,1846.2,EUR,2025-08-17,2025-08-22,PO575055,U017,CC576,6132,False,none
INV00004431,999347687,Poirier SARL,FR4172322903102879508304405,225.18,EUR,2024-03-28,2024-04-04,,U027,CC301,6065,False,none
INV00000024,888067065,Munoz SASU,FR6850461735743842150317807,13081.34,EUR,2025-09-17,2025-09-18,PO354897,U000,CC143,6228,False,none
INV00004105,481491778,Da Silva S.A.S. EURL,FR1131814396661347323549401,728.26,EUR,2025-09-12,2025-09-19,PO809821,U021,CC630,6068,False,none
INV00004253,010393087,Hebert S.A.R.L. EURL,FR5941241513152854781506185,908.13,EUR,2024-01-13,2024-01-16,PO290324,U001,CC698,6181,False,none
INV00000938,435346247,Jacques SA,FR0607482175946474367136959,2034.56,EUR,2025-03-31,2025-03-31,PO731678,U020,CC350,6132,False,none
INV00000060,816934060,Carre SASU,FR2865905151864492519254629,111.17,EUR,2025-08-01,2025-08-07,PO517885,U016,CC544,6065,False,none
INV00001240,157399305,Delmas SARL,FR4088255629657542786561942,8217.52,EUR,2024-03-01,2024-03-07,PO391945,U001,CC510,6132,False,none
INV00004781,638546785,Hoarau SAS,FR3973505831997179110065120,2056.34,EUR,2025-03-30,2025-04-05,PO943580,U004,CC760,6068,False,none
INV00001040,807374167,Auger Lacroix et Fils SCI,FR8530276420865675661844386,776.41,EUR,2025-06-07,2025-06-12,PO257652,U015,CC168,6061,False,none
INV00004319,949299556,Vasseur Guyot SA SA,FR9534699673311677269608437,351.75,EUR,2025-12-16,2025-12-21,PO589724,U021,CC528,6063,False,none
INV00002760,310341316,Delannoy Langlois S.A.R.L. SASU,FR6557871331509839301031051,3577.53,EUR,2024-10-19,2024-10-20,PO161553,U025,CC858,6068,False,none
INV00002120,902787429,Muller Laporte S.A.S. SA,FR3892753269731121965652341,541.22,EUR,2025-05-17,2025-05-19,PO554914,U028,CC954,6063,False,none
INV00001524,995777387,Andre EURL,FR3179808932460953962185188,880.78,EUR,2025-04-17,2025-04-17,PO650768,U029,CC361,6228,False,none
INV00003521,881435368,Lombard EURL,FR3344983553935435864496392,474.19,EUR,2024-04-25,2024-05-02,PO372808,U012,CC786,6065,False,none
INV00000153,884252410,Lemaire SA,FR3515632686850745106634362,143.93,EUR,2024-12-23,2024-12-29,PO993916,U009,CC163,6135,False,none
INV00002248,119079030,Lemaître S.A.S. SAS,FR8908215454470229604432701,55.8,EUR,2025-07-30,2025-08-01,,U002,CC188,6061,False,none
INV00000481,663193149,Ramos SCI,FR4364039106518017046226567,864.55,EUR,2025-09-02,2025-09-09,PO302365,U014,CC109,6068,False,none
INV00004366,215064890,Dubois SASU,FR5318481973741897215406417,4162.98,EUR,2025-08-31,2025-09-06,PO947061,U016,CC165,6063,False,none
INV00004441,412528669,Daniel SAS,FR5611082555989534396112910,61.66,EUR,2025-03-21,2025-03-23,PO613869,U023,CC608,6132,False,none
INV00003578,359782071,Allard SASU,FR4570862095935186387829456,100.72,EUR,2024-01-30,2024-02-04,PO222104,U018,CC746,6061,False,none
INV00004256,349361832,Henry SCI,FR7934074517133959629233095,12628.67,EUR,2025-12-18,2025-12-25,PO985260,U024,CC761,6135,False,none
INV00003920,267658617,Brun S.A. EURL,FR3210672872866041644859592,93.87,EUR,2024-05-19,2024-05-21,,U013,CC180,6228,False,none
INV00003562,724004991,Lejeune Rodrigues SA EURL,FR6043973597107256366941180,710.91,EUR,2024-05-29,2024-06-05,PO506219,U021,CC690,6068,False,none
INV00003315,578759856,Garnier S.A. SCI,FR2889868180978875439435353,352.03,EUR,2024-02-01,2024-02-02,PO536761,U008,CC108,6132,False,none
INV00001762,241724825,Adam SASU,FR3302166670808509608587495,5244.67,EUR,2024-12-09,2024-12-16,PO150011,U005,CC678,6063,False,none
INV00003538,121277561,Gonzalez SASU,FR0687339785598217661912841,6907.17,EUR,2024-12-26,2024-12-31,PO521033,U025,CC103,6065,False,none
INV00004952,680876038,Neveu S.A. SARL,FR5802758842524105648149177,1825.72,EUR,2025-02-19,2025-02-24,PO316095,U020,CC854,6135,False,none
INV00000750,477752047,Mallet SASU,FR7165193982807374167243426,752.77,EUR,2025-12-17,2025-12-18,,U026,CC933,6181,False,none
INV00003619,942788165,Hamel SAS,FR4686287203195419666450573,460.4,EUR,2025-07-25,2025-07-27,PO828259,U024,CC810,6065,False,none
INV00001785,233095849,Jacob Humbert S.A.S. SASU,FR3488788361968931350305872,419.61,EUR,2024-11-21,2024-11-27,PO891636,U019,CC140,6132,False,none
INV00004406,177739260,Lemonnier Reynaud S.A.R.L. SA,FR7784466345337220109121722,365.53,EUR,2025-03-14,2025-03-16,PO840571,U016,CC332,6061,False,none
INV00003383,142939685,Labbé SARL EURL,FR9575230837081647090063353,129.84,EUR,2024-03-05,2024-03-11,PO996915,U000,CC423,6132,False,none
INV00004269,199410137,Pages SCI,FR5820377107044964104967066,5256.03,EUR,2024-12-17,2024-12-17,PO236009,U008,CC124,6135,False,none
INV00000405,508821009,Guillot Joseph S.A.S. SCI,FR5271690618120546475489547,1522.94,EUR,2025-10-07,2025-10-14,PO311118,U009,CC683,6181,False,none
INV00000757,698485833,Laporte Robert et Fils SAS,FR6644210175096170159591945,7254.98,EUR,2024-03-29,2024-04-05,PO784405,U020,CC514,6181,False,none
INV00002711,254629148,Rey Boucher SARL SCI,FR8996931572791940961055661,424.83,EUR,2024-02-12,2024-02-12,PO843881,U020,CC254,6061,False,none
INV00002670,662961943,Boulay SASU,FR7091025743263039752450864,1205.24,EUR,2024-12-14,2024-12-20,PO384247,U021,CC327,6063,False,none
INV00004168,518233749,Martinez SAS,FR9547735866296194311426265,1184.04,EUR,2025-06-22,2025-06-28,,U003,CC514,6132,False,none
INV00000097,383028439,Ollivier EURL,FR9092287772519966365807412,557.77,EUR,2025-11-01,2025-11-04,PO194560,U008,CC431,6065,False,none
INV00001333,829221699,François EURL,FR9393110059129751910231211,1833.6,EUR,2024-10-17,2024-10-23,PO225453,U027,CC329,6061,False,none
INV00004943,294019655,Garnier SA,FR9019986798079359782071518,181.58,EUR,2025-07-25,2025-07-27,PO550527,U028,CC681,6228,False,none
INV00002791,269166978,Pasquier Laurent S.A. SCI,FR6256342160733754330365414,68.87,EUR,2025-02-19,2025-02-20,PO100139,U002,CC533,6068,False,none
INV00002854,788728743,Hernandez SA,FR2552809242875721586241502,2029.79,EUR,2025-01-15,2025-01-18,,U014,CC297,6061,False,none
INV00000186,177739260,Lemonnier Reynaud S.A.R.L. SA,FR7784466345337220109121722,2176.4,EUR,2025-02-06,2025-02-10,PO179392,U020,CC564,6132,False,none
INV00001136,412528669,Daniel SAS,FR5611082555989534396112910,439.4,EUR,2025-09-05,2025-09-07,PO858183,U027,CC345,6065,False,none
INV00002723,662462873,Moreau Royer S.A.S. SA,FR6513824967183258238687007,2001.76,EUR,2024-06-16,2024-06-16,PO867308,U005,CC929,6132,False,none
INV00003583,346578713,Hubert SCI,FR0310033092327193745299124,757.57,EUR,2025-12-15,2025-12-16,PO851914,U028,CC433,6181,False,none
INV00002058,081219136,Bertrand SAS,FR8076627028951718702621745,781.78,EUR,2024-10-28,2024-10-28,PO751147,U011,CC339,6135,False,none
INV00001319,165667010,Diaz Chrétien S.A.R.L. SARL,FR6109477752047116719022941,21261.01,EUR,2024-11-23,2024-11-30,PO822992,U007,CC172,6063,False,none
INV00004331,043898364,Renard SCI,FR5940299015579980284139080,4874.38,EUR,2025-09-04,2025-09-11,PO117853,U015,CC163,6132,False,none
INV00000148,468862392,Perret Pires S.A. EURL,FR0992518812520566474231220,1828.98,EUR,2024-05-29,2024-05-30,PO725376,U024,CC939,6181,False,none
INV00000028,305548851,Gomes SARL,FR6298011100051553234159597,6436.71,EUR,2024-01-12,2024-01-12,PO475565,U023,CC237,6132,False,none
INV00004271,522047277,Colin Lecoq et Fils SCI,FR5564474212309407778097339,1481.54,EUR,2024-02-28,2024-03-02,PO371264,U010,CC998,6061,False,none
INV00001394,103865719,Albert SA,FR9896094097052774025883586,3207.01,EUR,2024-02-29,2024-03-06,PO728218,U004,CC642,6132,False,none
INV00003363,884252410,Lemaire SA,FR3515632686850745106634362,1594.43,EUR,2025-11-24,2025-11-28,PO781640,U007,CC392,6135,False,none
INV00000692,728080100,Olivier Rossi S.A.R.L. SASU,FR3655963099384253042897317,737.75,EUR,2024-10-31,2024-11-06,PO259903,U023,CC623,6065,False,none
INV00002866,473647102,Jacob SARL SCI,FR8290552818325381793355486,161.8,EUR,2024-08-03,2024-08-09,PO966935,U017,CC315,6132,False,none
INV00003776,926442209,Regnier SAS,FR1328634255638300081867024,1466.97,EUR,2024-04-21,2024-04-28,,U022,CC640,6181,False,none
INV00001386,435175183,Ledoux SAS,FR9681180715695620175370304,3169.89,EUR,2025-12-02,2025-12-04,PO887010,U012,CC529,6061,False,none
INV00001845,517016608,Ledoux Techer SA EURL,FR7981079649673794577278532,473.96,EUR,2024-11-22,2024-11-27,PO713602,U002,CC755,6132,False,none
INV00004879,618091901,Poulain SARL,FR9160858167046861114576832,2908.78,EUR,2024-07-21,2024-07-27,PO422179,U021,CC579,6181,False,none
INV00000129,996846081,Bailly Dias SARL EURL,FR2337976627051157942387367,1473.4,EUR,2025-05-27,2025-05-29,PO138328,U014,CC496,6063,False,none
INV00001599,578759856,Garnier S.A. SCI,FR2889868180978875439435353,5432.35,EUR,2025-10-21,2025-10-25,PO535762,U005,CC536,6068,False,none
INV00003629,841459332,Gérard EURL,FR5743864908108186617945491,220.52,EUR,2025-02-04,2025-02-06,PO587559,U023,CC898,6068,False,none
INV00004644,775901751,Lambert SA,FR9251405468356521568182096,1122.01,EUR,2025-05-08,2025-05-08,PO969107,U029,CC548,6065,False,none
INV00000701,851493689,Clément SA,FR2679772369292984257991366,386.38,EUR,2025-02-10,2025-02-17,PO419141,U003,CC199,6061,False,none
INV00003547,726149331,Guilbert Courtois et Fils SAS,FR4543127102676720957992707,4769.59,EUR,2025-08-05,2025-08-12,,U029,CC604,6063,False,none
INV00003028,057202590,Gros SA,FR3823945354614707986321061,46.37,EUR,2025-03-31,2025-03-31,PO476738,U028,CC256,6181,False,none
INV00002969,655852398,Delattre S.A.R.L. SARL,FR8812075452798524013223423,272.38,EUR,2025-03-22,2025-03-26,PO525155,U006,CC935,6068,False,none
INV00004494,980686508,Dupont Da Silva S.A.R.L. SAS,FR2209505560571219881927788,2677.42,EUR,2025-07-21,2025-07-23,PO686936,U020,CC126,6063,False,none
INV00001708,434266179,Klein SCI,FR8533305912662015720185962,65.93,EUR,2024-04-07,2024-04-08,PO735915,U006,CC346,6063,False,none
INV00002953,931746120,Fournier Charpentier SARL SA,FR2156110022557941552166746,749.55,EUR,2024-03-20,2024-03-23,PO709856,U022,CC479,6065,False,none
INV00000454,671902294,Alves et Fils SARL,FR0589113529096561014388899,2512.52,EUR,2024-01-16,2024-01-22,PO514603,U010,CC653,6061,False,none
INV00000609,616928451,Lemaître S.A.S. SCI,FR6208514036965666683272386,295.21,EUR,2024-04-20,2024-04-25,PO459742,U010,CC936,6068,False,none
INV00004383,618091901,Poulain SARL,FR9160858167046861114576832,274.6,EUR,2025-06-30,2025-07-07,PO825445,U022,CC148,6132,False,none
INV00002074,728080100,Olivier Rossi S.A.R.L. SASU,FR3655963099384253042897317,127.02,EUR,2025-09-14,2025-09-16,PO328384,U021,CC298,6132,False,none
INV00004052,081219136,Bertrand SAS,FR8076627028951718702621745,1324.85,EUR,2025-12-22,2025-12-23,PO846693,U019,CC390,6135,False,none
INV00004198,496513709,Mahe S.A. SA,FR1234835642087375300119721,39.65,EUR,2025-10-05,2025-10-06,PO784870,U000,CC143,6181,False,none
INV00001622,226838851,Rocher S.A.S. EURL,FR8550036915594284347955276,1051.02,EUR,2024-12-26,2024-12-27,PO716881,U000,CC209,6228,False,none
INV00004528,551884422,Buisson et Fils SCI,FR0377661830671985546015851,3385.87,EUR,2024-03-02,2024-03-09,PO992976,U023,CC427,6065,False,none
INV00000040,628900287,Dupont SA,FR1072311127128524648449411,559.23,EUR,2024-09-21,2024-09-25,PO869969,U002,CC954,6132,False,none
INV00002089,995777387,Andre EURL,FR3179808932460953962185188,1587.57,EUR,2024-10-01,2024-10-06,PO336610,U022,CC869,6061,False,none
INV00003924,262244472,Royer Bouvet S.A. SASU,FR6364027011686462252237281,1015.39,EUR,2025-10-29,2025-11-02,PO347044,U008,CC104,6063,False,none
INV00002175,999347687,Poirier SARL,FR4172322903102879508304405,954.16,EUR,2024-10-26,2024-10-31,PO792051,U002,CC325,6181,False,none
INV00000074,869222196,Ollivier Ribeiro SA SAS,FR7808989921722332061632945,232.88,EUR,2025-04-16,2025-04-16,,U029,CC642,6132,False,none
INV00004135,978403690,Couturier SCI,FR8833565880434165182755394,1546.41,EUR,2024-02-20,2024-02-23,PO343473,U011,CC357,6181,False,none
INV00005080,669849027,Martins S.A.R.L. SARL,FR9481187233351040961497315,9897.99,EUR,2024-06-15,2024-06-22,PO383542,U014,CC102,6132,True,under_threshold
INV00002657,326033230,Martin SA,FR0948439910622723626693351,8141.96,EUR,2024-08-14,2024-08-15,PO520974,U021,CC840,6228,False,none
INV00003180,444713247,Adam SA,FR5709178513854457702992959,460.14,EUR,2024-05-31,2024-06-02,PO568929,U017,CC955,6228,False,none
INV00002076,892687056,Brunet SARL SARL,FR8420952004615265461033993,156.73,EUR,2024-08-01,2024-08-03,PO108440,U006,CC264,6135,False,none
INV00000441,051531952,Ramos Da Silva S.A.R.L. SCI,FR4181040915701840943533448,7923.11,EUR,2024-04-14,2024-04-17,PO478816,U014,CC200,6065,False,none
INV00002051,348434437,Gilles SARL SAS,FR3446853664987820829737489,10425.42,EUR,2025-04-05,2025-04-07,PO446919,U010,CC154,6228,False,none
INV00002541,477752047,Mallet SASU,FR7165193982807374167243426,1909.0,EUR,2025-03-26,2025-04-02,PO641269,U026,CC407,6061,False,none
INV00001301,384309883,Lagarde SARL,FR7382073651189394065578201,774.02,EUR,2025-06-14,2025-06-20,PO222034,U021,CC667,6063,False,none
INV00003430,038567700,Rémy SAS,FR1374223196463004023693626,12340.13,EUR,2024-10-28,2024-10-28,PO202432,U025,CC844,6068,False,none
INV00001304,133613861,Guillaume SARL,FR3069979907075504768169957,141.14,EUR,2024-04-03,2024-04-08,PO690344,U018,CC819,6181,False,none
INV00000236,727875588,Gérard SASU,FR9599934768701462638380657,1531.14,EUR,2025-06-16,2025-06-23,PO101429,U027,CC742,6063,False,none
INV00004308,375899757,Blanchard SARL,FR2718749603358268627036924,237.63,EUR,2025-12-24,2025-12-24,PO815776,U014,CC313,6065,False,none
INV00002599,969108589,Ribeiro SASU,FR2209617399704694725878444,183.23,EUR,2024-11-04,2024-11-04,PO669095,U015,CC604,6061,False,none
INV00002573,717565512,Collet SCI,FR8703761379180552696582710,288.75,EUR,2024-10-31,2024-10-31,PO797415,U022,CC205,6065,False,none
INV00003280,160648422,Brunet Dos Santos S.A.S. SASU,FR1956608470681039033970519,78.91,EUR,2025-09-21,2025-09-28,PO159643,U010,CC265,6065,False,none
INV00003186,717565512,Collet SCI,FR8703761379180552696582710,1306.91,EUR,2025-03-06,2025-03-13,PO120775,U004,CC931,6132,False,none
INV00003953,931746120,Fournier Charpentier SARL SA,FR2156110022557941552166746,4697.12,EUR,2025-06-21,2025-06-23,PO461120,U026,CC929,6228,False,none
INV00002768,278681447,Fontaine Laurent S.A.S. SCI,FR5109391119269212447174654,336.11,EUR,2024-12-28,2025-01-01,PO986327,U009,CC880,6135,False,none
INV00002106,467741862,Blanc SARL,FR6212125902035713432406424,2306.91,EUR,2024-12-06,2024-12-09,,U024,CC877,6065,False,none
INV00002679,274205493,Gomes Gallet S.A.R.L. SA,FR5328703203207427617075877,494.78,EUR,2024-01-21,2024-01-22,PO503574,U027,CC212,6065,False,none
INV00002761,374741124,Hervé Sanchez S.A.S. SA,FR2338984690819740056435023,260.61,EUR,2024-02-03,2024-02-03,PO241825,U000,CC722,6132,False,none
INV00001387,547812914,Poulain EURL,FR3972239898306503121980418,347.49,EUR,2024-11-11,2024-11-13,PO499987,U027,CC747,6065,False,none
INV00004842,146584044,Bonnet S.A. SAS,FR4336519941013721510702966,2205.73,EUR,2024-01-17,2024-01-24,,U008,CC372,6135,False,none
INV00004667,187851910,Dufour Garcia S.A. SASU,FR2703037236831472760122777,35.2,EUR,2025-03-26,2025-03-30,PO812668,U019,CC979,6228,False,none
INV00001279,980893246,Leclercq EURL,FR9610713966055830344144885,9772.96,EUR,2025-08-05,2025-08-08,PO707081,U004,CC198,6228,False,none
INV00005050,669849027,Martins S.A.R.L. SARL,FR9481187233351040961497315,24808.5,EUR,2024-06-15,2024-06-22,PO383542,U014,CC102,6132,True,under_threshold
INV00001555,901627204,Jean SASU,FR5443757584419866524041574,1856.18,EUR,2024-05-23,2024-05-24,PO951118,U028,CC450,6135,False,none
INV00003190,738347359,Bonnet SCI,FR0546084325621689363926495,221.36,EUR,2024-09-19,2024-09-24,PO811237,U024,CC607,6132,False,none
INV00004837,321334803,Fontaine Perret SA SASU,FR5621288665268341559991015,276.34,EUR,2025-07-03,2025-07-10,PO927362,U004,CC584,6068,False,none
INV00003594,701204556,Andre Normand SARL SA,FR2049409762637484539862895,2211.01,EUR,2025-03-13,2025-03-20,PO279107,U026,CC152,6068,False,none
INV00001920,432225913,Ruiz Rémy SA SASU,FR8391090326714949819421794,983.2,EUR,2025-03-06,2025-03-08,PO573213,U028,CC464,6068,False,none
INV00000513,908740640,Andre SARL EURL,FR8719318374550842891077119,1007.8,EUR,2024-09-13,2024-09-16,PO902719,U011,CC144,6061,False,none
INV00001308,230461849,Lemaire S.A. EURL,FR3699660577980660392051460,907.06,EUR,2025-11-15,2025-11-15,PO193519,U009,CC701,6065,False,none
INV00000914,434558122,Guillet SARL,FR8764710276773592555625881,2207.6,EUR,2024-11-12,2024-11-18,PO540460,U029,CC165,6061,False,none
INV00003452,826137506,Dijoux SA EURL,FR6670388608680347644726490,4710.33,EUR,2024-03-07,2024-03-14,PO547498,U007,CC839,6061,False,none
INV00003695,517016608,Ledoux Techer SA EURL,FR7981079649673794577278532,497.31,EUR,2025-08-18,2025-08-21,PO442239,U004,CC585,6181,False,none
INV00003156,445187053,Potier EURL,FR9459234268344149782661287,493.6,EUR,2024-04-27,2024-04-30,,U008,CC823,6068,False,none
INV00002198,115542622,Weber SARL,FR2664911110961798178904633,845.6,EUR,2025-07-16,2025-07-22,PO586961,U014,CC180,6063,False,none
INV00000774,382997376,Benard EURL,FR4374443135182337498941343,516.66,EUR,2024-05-19,2024-05-25,PO813644,U004,CC551,6135,False,none
INV00000943,127799799,Jacquet SCI,FR8284631224179749735020802,510.7,EUR,2024-10-06,2024-10-07,PO243792,U026,CC633,6068,False,none
INV00000822,965756924,Gilbert SA,FR7316493289802714872717833,491.4,EUR,2024-12-23,2024-12-28,PO327496,U000,CC435,6065,False,none
INV00000164,699013983,Robert Pierre et Fils SA,FR1614987283999219212493843,201.41,EUR,2024-08-11,2024-08-12,PO761297,U023,CC779,6063,False,none
INV00003983,417154544,Costa SA,FR5121641758231334845871493,598.81,EUR,2024-11-01,2024-11-03,PO910448,U013,CC339,6132,False,none
INV00002538,339845461,Pascal SAS,FR2652924075536668459090225,219.05,EUR,2025-10-06,2025-10-06,PO563785,U009,CC941,6063,False,none
INV00004924,528168505,Brunet Girard et Fils SCI,FR3367998136462251790864168,124.0,EUR,2025-02-22,2025-02-24,PO712555,U000,CC130,6132,False,none
INV00001311,886101581,Thomas Richard S.A.S. SASU,FR5457666567491601692364587,31071.98,EUR,2024-10-03,2024-10-08,PO146893,U029,CC319,6063,False,none
INV00004688,359782071,Allard SASU,FR4570862095935186387829456,231.06,EUR,2024-04-22,2024-04-29,PO722104,U017,CC613,6228,False,none
INV00004309,482814893,Chauvet Colas SARL SARL,FR4380443699577738721489513,8248.34,EUR,2024-06-28,2024-06-29,PO758459,U019,CC465,6068,False,none
INV00004789,870831727,Becker SCI,FR2373947312172715518844225,12693.97,EUR,2024-12-02,2024-12-09,PO435754,U012,CC689,6061,False,none
INV00003300,020539502,Diallo Pages S.A. SARL,FR2272122816064842294057202,411.07,EUR,2025-07-10,2025-07-14,,U006,CC840,6132,False,none
INV00003310,062962015,Breton SA EURL,FR4128767548138666754858193,129.04,EUR,2025-08-10,2025-08-13,PO164310,U013,CC789,6068,False,none
INV00000327,218515691,Collet SCI,FR5331467536127515627796304,268.87,EUR,2024-11-09,2024-11-11,PO758342,U022,CC628,6065,False,none
INV00002490,218515691,Collet SCI,FR5331467536127515627796304,732.69,EUR,2025-01-17,2025-01-20,PO184208,U016,CC250,6228,False,none
INV00004832,770348247,Richard S.A. SASU,FR7875622086353654195180238,35740.89,EUR,2024-11-01,2024-11-04,PO859959,U010,CC817,6228,False,none
INV00000832,773592555,Lacombe EURL,FR6784795137116241124127238,2310.87,EUR,2024-05-25,2024-05-25,PO111430,U022,CC436,6068,False,none
INV00003079,584419866,Gay EURL,FR4351364424936312303477866,1599.18,EUR,2025-08-31,2025-09-02,PO533351,U018,CC232,6181,False,none
INV00003462,019380262,Blanc Pinto S.A. SCI,FR0220696942152910867713334,2815.96,EUR,2024-08-20,2024-08-22,PO142889,U019,CC547,6228,False,none
INV00004529,562718750,Chauvin Laporte S.A.R.L. SASU,FR2809263223998213745561140,728.06,EUR,2025-11-05,2025-11-06,,U005,CC551,6135,False,none
INV00000054,438057198,Jacob S.A. SCI,FR9751877941763425073305597,6352.54,EUR,2024-04-01,2024-04-02,PO414985,U001,CC848,6181,False,none
INV00004064,562328588,Meunier SA,FR8621752500743292712966667,13133.54,EUR,2024-11-11,2024-11-16,PO293697,U007,CC608,6228,False,none
INV00003451,972965902,Voisin et Fils EURL,FR9691815899886834527346666,366.81,EUR,2024-01-19,2024-01-24,,U011,CC897,6181,False,none
INV00001901,182688615,Briand Traore SARL SASU,FR0346040142473107201137984,111.18,EUR,2025-08-08,2025-08-14,PO558027,U026,CC252,6063,False,none
INV00001481,927065379,Mercier S.A.R.L. SAS,FR1845104636815798123878003,3662.44,EUR,2025-05-28,2025-05-30,PO355512,U027,CC591,6068,False,none
INV00004150,616928451,Lemaître S.A.S. SCI,FR6208514036965666683272386,1725.93,EUR,2025-09-05,2025-09-08,PO704386,U013,CC645,6228,False,none
INV00003335,367837770,Mercier Neveu S.A. SARL,FR2338750997700886008484086,822.99,EUR,2025-12-07,2025-12-14,PO388118,U009,CC857,6181,False,none
INV00000946,479851583,Ruiz SA SASU,FR5425376576927789431910090,3309.61,EUR,2024-05-16,2024-05-22,PO188597,U001,CC385,6181,False,none
INV00003293,170999173,Roche Leleu S.A. EURL,FR4842108902851553334264335,409.13,EUR,2024-08-17,2024-08-21,PO914245,U010,CC615,6068,False,none
INV00002161,304637454,Boulanger SA SA,FR9197592304501896164236103,3637.58,EUR,2024-04-24,2024-04-25,PO136446,U015,CC506,6063,False,none
INV00003057,479851583,Ruiz SA SASU,FR5425376576927789431910090,458.78,EUR,2025-01-11,2025-01-14,PO920375,U023,CC221,6132,False,none
INV00000768,004786863,Boulay et Fils SAS,FR9374907539989354492683158,1451.94,EUR,2024-07-12,2024-07-17,PO551832,U001,CC829,6181,False,none
INV00004850,908740640,Andre SARL EURL,FR8719318374550842891077119,927.91,EUR,2025-01-04,2025-01-11,PO776485,U018,CC931,6063,False,none
INV00003495,509839301,Moreno SA SARL,FR7886518506716572628498776,1548.61,EUR,2025-10-23,2025-10-24,PO300239,U019,CC944,6181,False,none
INV00000285,680876038,Neveu S.A. SARL,FR5802758842524105648149177,1262.9,EUR,2024-03-31,2024-04-04,,U026,CC221,6068,False,none
INV00005089,669849027,Martins S.A.R.L. SARL,FR9481187233351040961497315,9889.36,EUR,2024-06-15,2024-06-22,PO383542,U014,CC102,6132,True,under_threshold
INV00004589,060715969,Huet SCI,FR8166322702672885744890612,3003.44,EUR,2024-09-14,2024-09-16,PO835865,U002,CC646,6132,False,none
INV00002332,693801184,Delannoy EURL,FR2388995729893762974549303,282.08,EUR,2024-05-19,2024-05-26,PO371182,U015,CC414,6228,False,none
INV00002717,728080100,Olivier Rossi S.A.R.L. SASU,FR3655963099384253042897317,599.13,EUR,2025-03-22,2025-03-24,PO783291,U029,CC850,6132,False,none
INV00002079,060385050,Boutin S.A. SAS,FR6828723244079311029181331,3031.23,EUR,2025-10-09,2025-10-11,PO700500,U022,CC897,6065,False,none
INV00003389,944869594,Lebon Maury S.A.R.L. EURL,FR7144391649701693429291320,2103.95,EUR,2025-04-03,2025-04-06,PO604208,U020,CC331,6135,False,none
INV00000722,943969078,Pelletier Collet S.A. SCI,FR3710742799077262570165804,2844.64,EUR,2024-04-13,2024-04-20,PO294015,U026,CC983,6065,False,none
INV00000951,100225579,Menard Brunel S.A. SARL,FR8520715116966672521452647,412.46,EUR,2025-12-08,2025-12-08,PO680170,U012,CC838,6132,False,none
INV00004504,317127484,Bonnin SARL,FR6871918261990623445655743,2268.47,EUR,2024-11-20,2024-11-20,,U026,CC323,6061,False,none
INV00002262,304637454,Boulanger SA SA,FR9197592304501896164236103,580.64,EUR,2025-02-13,2025-02-18,PO381026,U005,CC563,6228,False,none
INV00000989,841459332,Gérard EURL,FR5743864908108186617945491,3294.99,EUR,2025-06-27,2025-07-01,PO745374,U010,CC201,6135,False,none
INV00003212,807374167,Auger Lacroix et Fils SCI,FR8530276420865675661844386,571.77,EUR,2025-04-21,2025-04-24,PO809778,U011,CC456,6132,False,none
INV00001759,931746120,Fournier Charpentier SARL SA,FR2156110022557941552166746,559.99,EUR,2025-07-23,2025-07-27,PO619326,U014,CC553,6132,False,none
INV00004237,167014508,Pires EURL,FR6708031499825080046358068,2120.05,EUR,2024-05-04,2024-05-10,PO654725,U003,CC185,6181,False,none
INV00001724,803397401,Michaud SARL,FR7526329676291603248413768,4279.91,EUR,2025-03-15,2025-03-15,PO200647,U003,CC864,6065,False,none
INV00000341,881435368,Lombard EURL,FR3344983553935435864496392,1578.29,EUR,2024-09-15,2024-09-15,PO492906,U022,CC215,6135,False,none
INV00003701,932525002,Aubry Lelièvre S.A. SA,FR8627423183061789320649693,6166.11,EUR,2025-03-14,2025-03-20,,U002,CC125,6132,False,none
INV00000688,556472929,Moreno EURL,FR6614492074926999699648997,627.18,EUR,2025-05-12,2025-05-18,PO619640,U025,CC798,6065,False,none
INV00003432,599293784,Hervé SARL SCI,FR4773244913421388209088307,1166.11,EUR,2024-07-03,2024-07-04,PO745292,U000,CC319,6061,False,none
INV00000966,765277584,Le Gall Lebon SA EURL,FR0519657013290227846997335,20973.58,EUR,2025-06-09,2025-06-14,PO408347,U019,CC131,6065,False,none
INV00005055,669849027,Martins S.A.R.L. SARL,FR9481187233351040961497315,49585.05,EUR,2024-06-15,2024-06-22,PO383542,U014,CC102,6132,True,under_threshold
INV00002203,884252410,Lemaire SA,FR3515632686850745106634362,883.5,EUR,2025-11-20,2025-11-26,PO395376,U013,CC773,6181,False,none
INV00002713,904530174,Pelletier Chartier SA SCI,FR4658377674996165926610857,3487.56,EUR,2025-05-02,2025-05-03,PO373698,U017,CC735,6181,False,none
INV00004547,239431290,Diaz SAS,FR7139527536749785249141686,445.15,EUR,2024-07-06,2024-07-07,PO603718,U014,CC772,6063,False,none
INV00003572,359782071,Allard SASU,FR4570862095935186387829456,1485.88,EUR,2024-06-03,2024-06-06,,U004,CC320,6068,False,none
INV00001990,062962015,Breton SA EURL,FR4128767548138666754858193,6256.32,EUR,2024-05-30,2024-06-02,PO922375,U017,CC209,6061,False,none
INV00004120,226838851,Rocher S.A.S. EURL,FR8550036915594284347955276,192.69,EUR,2025-11-16,2025-11-17,PO510451,U000,CC916,6063,False,none
INV00004232,059304078,Texier SAS,FR2176392836929445511668297,1558.98,EUR,2025-09-20,2025-09-24,PO342863,U003,CC286,6068,False,none
INV00005020,717565512,Collet S.C.I.,FR8703761379180552696582710,944.4,EUR,2024-08-13,2024-08-19,PO128635,U012,CC518,6228,True,duplicate_fuzzy
INV00003600,996504773,Bertrand SASU,FR7136497189241956252571509,626.78,EUR,2024-05-20,2024-05-27,,U011,CC145,6063,False,none
INV00004708,995777387,Andre EURL,FR3179808932460953962185188,1150.12,EUR,2025-10-24,2025-10-31,PO736189,U024,CC159,6135,False,none
INV00005131,369155942,Paul et Fils SCI,FR9212600308356691062715312,84571.45,EUR,2025-03-06,2025-03-12,PO783740,U027,CC379,6135,True,amount_outlier
INV00004255,435346247,Jacques SA,FR0607482175946474367136959,1404.29,EUR,2024-08-14,2024-08-19,PO505750,U018,CC679,6228,False,none
INV00000385,232719374,Jacob SASU,FR1774549904530174268414593,1240.11,EUR,2024-06-22,2024-06-26,PO553360,U023,CC925,6132,False,none
INV00004508,731121965,Blondel SCI,FR6563128196482531106092098,9592.02,EUR,2025-10-09,2025-10-15,PO890038,U022,CC830,6068,False,none
INV00004710,349361832,Henry SCI,FR7934074517133959629233095,1982.2,EUR,2024-06-20,2024-06-25,PO699923,U001,CC749,6132,False,none
INV00000536,821486289,Normand Perrin S.A.R.L. SARL,FR8766630932998199605932971,1813.53,EUR,2024-02-10,2024-02-11,PO296971,U013,CC888,6181,False,none
INV00004811,398225871,Da Silva SASU,FR8067899730806958146717957,715.53,EUR,2024-02-09,2024-02-16,PO151916,U023,CC107,6068,False,none
INV00004212,294019655,Garnier SA,FR9019986798079359782071518,900.85,EUR,2025-10-27,2025-10-29,PO726526,U012,CC413,6135,False,none
INV00003507,100167618,Chartier Costa et Fils SARL,FR6360144485645101739739641,453.47,EUR,2025-02-10,2025-02-11,PO381049,U016,CC122,6068,False,none
INV00000201,509839301,Moreno SA SARL,FR7886518506716572628498776,2149.9,EUR,2025-09-16,2025-09-21,,U025,CC838,6061,False,none
INV00001332,031051834,Germain SCI,FR0473545494808313678377701,1646.84,EUR,2024-08-21,2024-08-24,,U000,CC676,6061,False,none
INV00003502,089899217,Le Gall EURL,FR6323361328507251786376731,267.31,EUR,2025-08-26,2025-09-02,,U004,CC236,6068,False,none
INV00002708,949299556,Vasseur Guyot SA SA,FR9534699673311677269608437,544.34,EUR,2025-09-01,2025-09-02,PO223950,U000,CC309,6228,False,none
INV00004021,240084271,De Oliveira SASU,FR8171543799371240659657569,1152.33,EUR,2025-02-01,2025-02-04,PO134122,U008,CC811,6068,False,none
INV00001854,545494808,Collet SAS,FR2135369378547772522872808,1600.24,EUR,2024-10-02,2024-10-02,PO281682,U001,CC145,6132,False,none
INV00004610,952111790,Pages SAS,FR0979050404333353849516321,1003.54,EUR,2024-09-23,2024-09-28,PO354591,U013,CC192,6228,False,none
INV00002872,510702966,David SARL,FR5150954930596601864876998,1185.48,EUR,2024-04-22,2024-04-28,PO897363,U027,CC710,6061,False,none
INV00003030,788728743,Hernandez SA,FR2552809242875721586241502,408.1,EUR,2024-09-09,2024-09-13,PO145331,U002,CC508,6135,False,none
INV00001205,687339500,Prévost SARL,FR4598056265650455478137674,10686.06,EUR,2025-11-12,2025-11-12,PO518568,U006,CC310,6181,False,none
INV00001645,249985698,Dufour Letellier S.A.R.L. SARL,FR0684245088210099688143536,302.84,EUR,2025-01-13,2025-01-17,PO356161,U024,CC784,6065,False,none
INV00003417,855744431,Pottier SARL EURL,FR9890250392614293968562185,260.43,EUR,2025-06-22,2025-06-27,PO896984,U004,CC664,6228,False,none
INV00003476,187851910,Dufour Garcia S.A. SASU,FR2703037236831472760122777,260.2,EUR,2024-05-06,2024-05-06,PO479212,U010,CC410,6132,False,none
INV00002861,522047277,Colin Lecoq et Fils SCI,FR5564474212309407778097339,560.46,EUR,2025-10-02,2025-10-06,PO849173,U017,CC742,6228,False,none
INV00001792,004786863,Boulay et Fils SAS,FR9374907539989354492683158,536.81,EUR,2025-03-31,2025-04-02,,U019,CC562,6132,False,none
INV00003797,863794026,Leconte Da Costa et Fils SCI,FR7019283276483503056413953,31232.56,EUR,2024-12-17,2024-12-17,PO401354,U009,CC907,6135,False,none
INV00003368,025634216,Masson EURL,FR1097840369003432445107622,574.43,EUR,2025-03-09,2025-03-12,PO318062,U001,CC736,6061,False,none
INV00003367,294019655,Garnier SA,FR9019986798079359782071518,1710.55,EUR,2024-05-25,2024-05-29,PO467769,U006,CC405,6063,False,none
INV00003533,175354083,Morel Chevallier S.A. SAS,FR1413695727908335090254257,1832.11,EUR,2025-11-21,2025-11-21,PO854259,U022,CC868,6228,False,none
INV00004531,418328569,Lagarde SARL,FR4663213580040104145964229,656.95,EUR,2024-04-09,2024-04-12,PO210263,U028,CC116,6181,False,none
INV00003449,462265676,Rodrigues SARL,FR2408115562606029084668455,146.31,EUR,2024-10-07,2024-10-12,PO979787,U023,CC767,6063,False,none
INV00000603,533963605,Laporte EURL,FR0993213348039652239559059,2192.36,EUR,2024-08-25,2024-08-28,,U005,CC928,6068,False,none
INV00003056,699013983,Robert Pierre et Fils SA,FR1614987283999219212493843,4894.79,EUR,2024-08-14,2024-08-15,PO495150,U009,CC551,6132,False,none
INV00004498,694097499,Pages SARL,FR4749946579678427114773201,2083.43,EUR,2025-05-15,2025-05-16,PO918265,U005,CC110,6065,False,none
INV00000126,685160481,Pruvost S.A.S. SCI,FR0715064890901001676184723,465.15,EUR,2025-03-15,2025-03-20,PO915572,U006,CC194,6228,False,none
INV00003876,001338908,Henry EURL,FR6461559407816184959310341,2451.81,EUR,2025-12-03,2025-12-07,PO601797,U014,CC569,6061,False,none
INV00002935,199410137,Pages SCI,FR5820377107044964104967066,1423.66,EUR,2025-09-13,2025-09-18,PO119783,U021,CC434,6065,False,none
INV00003531,229612018,Lacombe et Fils SARL,FR0309818063565126944869594,14671.65,EUR,2024-09-26,2024-10-02,PO214492,U018,CC727,6063,False,none
INV00002730,877169472,Grondin SA,FR9325523561781703211920613,1023.06,EUR,2025-03-26,2025-03-27,PO471214,U016,CC101,6135,False,none
INV00000827,275037314,Rodrigues et Fils SCI,FR5784008385076597595450891,3483.56,EUR,2025-04-07,2025-04-14,PO883369,U008,CC935,6135,False,none
INV00001639,688937346,Seguin Buisson S.A. EURL,FR8795269495888794705516940,1227.89,EUR,2025-10-02,2025-10-06,PO392896,U005,CC536,6061,False,none
INV00000984,182037788,Renaud SA SCI,FR5531096789940539103717058,1217.48,EUR,2025-04-02,2025-04-04,PO718196,U029,CC939,6063,False,none
INV00003281,231665876,Leroux Millet S.A.S. EURL,FR2753278774701687339500479,277.72,EUR,2025-06-02,2025-06-09,PO392719,U017,CC974,6181,False,none
INV00005122,782911467,Georges S.A.S. SA,FR7432020417929111799313656,57598.33,EUR,2024-09-11,2024-09-17,PO354778,U000,CC255,6063,True,amount_outlier
INV00002188,556472929,Moreno EURL,FR6614492074926999699648997,413.58,EUR,2025-08-23,2025-08-30,PO540775,U011,CC342,6068,False,none
INV00004755,182688615,Briand Traore SARL SASU,FR0346040142473107201137984,959.31,EUR,2024-08-17,2024-08-20,PO236799,U007,CC596,6181,False,none
INV00002443,051238282,Gaillard S.A.S. SARL,FR8414870682778816093068538,264.54,EUR,2025-05-23,2025-05-27,PO383554,U014,CC140,6065,False,none
INV00000362,724004991,Lejeune Rodrigues SA EURL,FR6043973597107256366941180,3139.68,EUR,2024-03-08,2024-03-08,PO374516,U007,CC732,6228,False,none
INV00002349,982708086,Guyon S.A.S. SCI,FR7246376604655866525483744,13269.44,EUR,2025-07-18,2025-07-19,PO282544,U015,CC656,6228,False,none
INV00000345,412528669,Daniel SAS,FR5611082555989534396112910,89.82,EUR,2025-06-22,2025-06-28,PO834649,U011,CC931,6063,False,none
INV00000814,786103579,Delattre SARL SA,FR1881980770460568761124912,1739.12,EUR,2025-09-03,2025-09-07,PO388321,U002,CC247,6061,False,none
INV00003205,765277584,Le Gall Lebon SA EURL,FR0519657013290227846997335,313.8,EUR,2024-03-15,2024-03-20,PO140319,U021,CC235,6061,False,none
INV00004292,556472929,Moreno EURL,FR6614492074926999699648997,395.3,EUR,2024-09-15,2024-09-18,PO360529,U015,CC521,6228,False,none
INV00004944,648408588,Gimenez SARL,FR4629236161880819048235715,1009.26,EUR,2024-06-28,2024-07-04,PO680330,U009,CC638,6228,False,none
INV00003325,186449251,Thibault Morvan S.A. SA,FR1984577600490824043350488,101.02,EUR,2024-08-21,2024-08-21,PO806056,U005,CC624,6068,False,none
INV00004106,029593917,Traore Dupuy SA SASU,FR0518600892196394568044731,1843.21,EUR,2024-10-25,2024-10-25,PO199198,U019,CC622,6135,False,none
INV00002116,020539502,Diallo Pages S.A. SARL,FR2272122816064842294057202,407.84,EUR,2024-11-02,2024-11-03,PO943245,U012,CC470,6135,False,none
INV00001834,187026217,Hoareau Le Gall et Fils EURL,FR7442209690295939172513552,1596.52,EUR,2024-10-14,2024-10-16,PO776486,U000,CC741,6132,False,none
INV00000793,526965827,Lebreton S.A. SA,FR0284964985601256253135525,971.74,EUR,2025-07-26,2025-08-01,PO319952,U006,CC795,6061,False,none
INV00005097,000000000,Le Roux SA,FR4339533942104709521456232,6001.77,EUR,2025-08-05,2025-08-10,PO851583,U006,CC968,6068,True,shell_company
INV00002674,413836702,Gonzalez EURL,FR3938497916202232883774419,695.56,EUR,2024-11-08,2024-11-08,PO638105,U020,CC652,6061,False,none
INV00000094,187026217,Hoareau Le Gall et Fils EURL,FR7442209690295939172513552,764.4,EUR,2025-12-03,2025-12-07,PO399803,U014,CC270,6181,False,none
INV00004225,724238849,Payet SCI,FR6113542784980841241182449,2826.73,EUR,2025-05-28,2025-05-31,PO531101,U027,CC880,6135,False,none
INV00003756,121277561,Gonzalez SASU,FR0687339785598217661912841,81.05,EUR,2025-11-03,2025-11-06,PO263096,U006,CC523,6132,False,none
INV00002891,231491357,Jacquet SA,FR0433399948532089532638902,4300.52,EUR,2025-04-03,2025-04-04,PO622420,U011,CC563,6065,False,none
INV00002371,160648422,Brunet Dos Santos S.A.S. SASU,FR1956608470681039033970519,715.05,EUR,2025-09-17,2025-09-18,PO705125,U001,CC479,6135,False,none
INV00004281,207501102,Gillet SCI,FR2553970548739610290871827,453.82,EUR,2025-12-26,2025-12-28,PO306114,U026,CC902,6228,False,none
INV00004572,545494808,Collet SAS,FR2135369378547772522872808,675.58,EUR,2024-11-16,2024-11-22,PO693803,U019,CC995,6228,False,none
INV00003228,662782827,Bertrand Rodriguez S.A. SASU,FR0484855716176880294240903,3006.85,EUR,2025-05-17,2025-05-18,PO238951,U015,CC470,6135,False,none
INV00002853,821486289,Normand Perrin S.A.R.L. SARL,FR8766630932998199605932971,770.02,EUR,2025-04-23,2025-04-29,PO893503,U008,CC269,6228,False,none
INV00002912,051531952,Ramos Da Silva S.A.R.L. SCI,FR4181040915701840943533448,2214.71,EUR,2024-10-02,2024-10-08,PO408035,U000,CC731,6065,False,none
INV00001865,375564641,Laroche S.A.S. SA,FR1830165712082677345401938,708.34,EUR,2024-09-25,2024-09-28,PO820147,U029,CC817,6228,False,none
INV00001857,796114351,Peron SARL SAS,FR5864493699951679335055738,153.26,EUR,2024-02-14,2024-02-14,PO887068,U025,CC933,6061,False,none
INV00002645,363745458,Charrier Blondel et Fils EURL,FR7985725459606339912971024,3684.38,EUR,2025-09-02,2025-09-03,,U016,CC415,6135,False,none
INV00002243,980893246,Leclercq EURL,FR9610713966055830344144885,385.42,EUR,2024-07-06,2024-07-10,PO752527,U025,CC952,6065,False,none
INV00002336,359782071,Allard SASU,FR4570862095935186387829456,575.45,EUR,2024-06-07,2024-06-08,PO969164,U027,CC710,6061,False,none
INV00000950,735160917,Couturier Lebrun SARL SAS,FR9515970996254384807520344,1119.22,EUR,2025-03-29,2025-03-29,PO969520,U019,CC544,6181,False,none
INV00003068,269166978,Pasquier Laurent S.A. SCI,FR6256342160733754330365414,27079.58,EUR,2025-12-30,2026-01-02,PO453005,U024,CC351,6065,False,none
INV00001120,115542622,Weber SARL,FR2664911110961798178904633,209.69,EUR,2025-06-02,2025-06-08,PO684745,U000,CC451,6135,False,none
INV00002597,508821009,Guillot Joseph S.A.S. SCI,FR5271690618120546475489547,506.41,EUR,2024-06-06,2024-06-08,PO197962,U016,CC658,6068,False,none
INV00002204,711116152,Michaud SAS,FR7694278816580392827229927,752.58,EUR,2024-03-12,2024-03-16,PO406351,U023,CC326,6132,False,none
INV00000419,177739260,Lemonnier Reynaud S.A.R.L. SA,FR7784466345337220109121722,3186.98,EUR,2024-01-23,2024-01-25,PO640422,U019,CC785,6063,False,none
INV00000922,800030756,Marchal SCI,FR8005458971480263257039653,10067.98,EUR,2025-10-03,2025-10-04,PO755853,U012,CC994,6063,False,none
INV00001254,010393087,Hebert S.A.R.L. EURL,FR5941241513152854781506185,8635.51,EUR,2025-01-17,2025-01-18,,U022,CC925,6228,False,none
INV00000477,121003236,Klein Dumont S.A.S. EURL,FR6871114837537458438458810,956.91,EUR,2024-11-29,2024-11-29,PO104487,U028,CC109,6065,False,none
INV00002035,995777387,Andre EURL,FR3179808932460953962185188,1160.58,EUR,2025-04-20,2025-04-21,PO101075,U019,CC282,6228,False,none
INV00001202,051238282,Gaillard S.A.S. SARL,FR8414870682778816093068538,806.1,EUR,2024-10-02,2024-10-07,PO790138,U006,CC306,6132,False,none
INV00002626,547772522,Lefort Mary SARL SCI,FR3903342342583230241026153,18555.27,EUR,2025-11-06,2025-11-06,PO826187,U006,CC909,6132,False,none
INV00004967,639208678,Dias S.A. SA,FR2098036577449160936595201,140.55,EUR,2025-06-30,2025-07-05,PO970808,U003,CC696,6135,False,none
INV00001970,911914856,Delattre SASU,FR1875409150863218122764579,183.1,EUR,2024-09-09,2024-09-12,PO281287,U018,CC709,6135,False,none
INV00003110,977008860,Bigot SCI,FR5865754602734151488814311,701.01,EUR,2025-08-26,2025-08-27,PO508171,U013,CC918,6181,False,none
INV00004018,522047277,Colin Lecoq et Fils SCI,FR5564474212309407778097339,2173.72,EUR,2025-10-30,2025-10-31,PO541272,U025,CC124,6068,False,none
INV00002151,888067065,Munoz SASU,FR6850461735743842150317807,125.74,EUR,2025-09-21,2025-09-21,,U029,CC255,6228,False,none
INV00003687,262244472,Royer Bouvet S.A. SASU,FR6364027011686462252237281,485.39,EUR,2025-11-13,2025-11-20,PO476676,U003,CC634,6181,False,none
INV00001997,464887719,Costa Royer SARL SCI,FR2945892975001701277063242,3311.74,EUR,2024-07-20,2024-07-23,PO930837,U003,CC254,6063,False,none
INV00004033,869222196,Ollivier Ribeiro SA SAS,FR7808989921722332061632945,1049.12,EUR,2025-12-22,2025-12-26,PO809527,U008,CC747,6135,False,none
INV00003054,975001701,Guérin S.A. SAS,FR8474747219705466927589551,14169.66,EUR,2025-04-17,2025-04-19,PO399530,U025,CC898,6135,False,none
INV00001248,528168505,Brunet Girard et Fils SCI,FR3367998136462251790864168,2359.86,EUR,2024-08-19,2024-08-26,PO890888,U029,CC837,6135,False,none
INV00002192,726149331,Guilbert Courtois et Fils SAS,FR4543127102676720957992707,45.24,EUR,2024-04-04,2024-04-11,PO397892,U015,CC107,6061,False,none
INV00002712,965756924,Gilbert SA,FR7316493289802714872717833,1846.53,EUR,2025-02-20,2025-02-23,,U029,CC596,6181,False,none
INV00000992,288095701,Costa SA,FR8632016328708317278895798,792.41,EUR,2024-03-23,2024-03-26,,U026,CC942,6061,False,none
INV00002190,852772217,Leclerc S.A.S. SA,FR9185424932149587020701601,966.28,EUR,2025-03-02,2025-03-07,PO230746,U004,CC146,6065,False,none
INV00003762,270866882,Mary Gros SARL SA,FR2428914161284639855474355,209.87,EUR,2024-10-15,2024-10-20,PO273451,U029,CC290,6135,False,none
INV00003597,518233749,Martinez SAS,FR9547735866296194311426265,43.3,EUR,2024-06-05,2024-06-08,PO326667,U012,CC647,6061,False,none
INV00001318,532787747,Faivre SASU,FR2129751702814069375150939,646.34,EUR,2024-02-12,2024-02-19,PO110936,U020,CC809,6181,False,none
INV00001863,363745458,Charrier Blondel et Fils EURL,FR7985725459606339912971024,167.87,EUR,2024-03-24,2024-03-30,PO186662,U006,CC803,6228,False,none
INV00002343,225358414,Leconte Bertrand SA SA,FR1454364597010822078113799,3586.84,EUR,2024-05-21,2024-05-25,PO370874,U014,CC565,6132,False,none
INV00002449,001338908,Henry EURL,FR6461559407816184959310341,118.45,EUR,2025-07-27,2025-07-28,PO224896,U012,CC917,6061,False,none
INV00002136,539621851,Leclercq Rémy SARL SASU,FR0977027278576084958803955,1490.41,EUR,2025-12-29,2026-01-04,PO985249,U014,CC286,6063,False,none
INV00001065,244935348,Berger SASU,FR5993183933529042284210205,904.11,EUR,2024-12-29,2025-01-01,PO625887,U004,CC846,6132,False,none
INV00005111,601726280,Ferrand Rey SA SAS,FR0277417430435023850228946,47344.74,EUR,2025-01-13,2025-01-13,PO218192,U011,CC297,6181,True,shared_iban_ring
INV00004227,232719374,Jacob SASU,FR1774549904530174268414593,1292.51,EUR,2025-06-19,2025-06-21,PO776351,U017,CC230,6063,False,none
INV00002621,435175183,Ledoux SAS,FR9681180715695620175370304,5862.9,EUR,2024-08-12,2024-08-14,PO544238,U002,CC555,6181,False,none
INV00000077,591846386,Vasseur Menard S.A.R.L. EURL,FR6918856669541329715066626,529.65,EUR,2025-04-13,2025-04-13,PO393804,U007,CC255,6135,False,none
INV00002898,798552414,Boulay Bertin SARL SAS,FR9375749490228403595442947,5761.92,EUR,2025-10-17,2025-10-22,PO781890,U002,CC742,6228,False,none
INV00001314,796114351,Peron SARL SAS,FR5864493699951679335055738,511.55,EUR,2025-01-04,2025-01-09,PO508856,U026,CC333,6135,False,none
INV00004510,305548851,Gomes SARL,FR6298011100051553234159597,103.13,EUR,2025-05-04,2025-05-07,PO779586,U006,CC786,6065,False,none
INV00000872,863840666,Peron SCI,FR9838843660443240061572768,291.69,EUR,2025-07-30,2025-08-06,PO819096,U016,CC845,6061,False,none
INV00003850,547772522,Lefort Mary SARL SCI,FR3903342342583230241026153,387.27,EUR,2024-05-15,2024-05-15,PO440711,U000,CC548,6181,False,none
INV00004936,495621372,Martins SA,FR1814244260781975437347642,3313.39,EUR,2024-09-21,2024-09-21,PO510267,U016,CC620,6063,False,none
INV00002965,356588043,Marion SAS,FR9698795098221040164818804,2243.72,EUR,2024-03-02,2024-03-03,PO743348,U013,CC934,6228,False,none
INV00003391,474367136,Giraud S.A. EURL,FR8430307053457861035797279,639.6,EUR,2025-05-25,2025-05-26,PO484270,U002,CC617,6068,False,none
INV00002560,513542784,Pascal SAS,FR6316048175496513709859317,829.01,EUR,2024-01-22,2024-01-23,PO896365,U000,CC321,6063,False,none
INV00005047,669849027,Martins S.A.R.L. SARL,FR9481187233351040961497315,49755.05,EUR,2024-06-15,2024-06-22,PO383542,U014,CC102,6132,True,under_threshold
INV00002635,466574374,Schmitt SCI,FR0894841312840333997718051,256.42,EUR,2025-04-12,2025-04-16,,U000,CC103,6135,False,none
INV00003530,513338726,Lebreton SCI,FR1549649909133412328120679,1621.28,EUR,2024-12-30,2025-01-01,PO411818,U020,CC436,6181,False,none
INV00000375,099861622,Marie EURL,FR6426861205943897607401775,4208.16,EUR,2025-07-11,2025-07-18,PO217955,U027,CC837,6065,False,none
INV00001908,726149331,Guilbert Courtois et Fils SAS,FR4543127102676720957992707,198.88,EUR,2025-02-14,2025-02-21,PO514187,U025,CC720,6228,False,none
INV00005081,669849027,Martins S.A.R.L. SARL,FR9481187233351040961497315,49600.65,EUR,2024-06-15,2024-06-22,PO383542,U014,CC102,6132,True,under_threshold
INV00004517,869222196,Ollivier Ribeiro SA SAS,FR7808989921722332061632945,1118.74,EUR,2024-11-08,2024-11-13,PO629078,U013,CC821,6181,False,none
INV00004027,473647102,Jacob SARL SCI,FR8290552818325381793355486,5380.71,EUR,2024-10-24,2024-10-31,PO218216,U022,CC419,6068,False,none
INV00001604,762120216,Guillou Gérard S.A.R.L. SCI,FR6390814415298217392957867,9314.02,EUR,2024-08-23,2024-08-28,PO945783,U006,CC658,6132,False,none
INV00001118,578759856,Garnier S.A. SCI,FR2889868180978875439435353,2337.0,EUR,2025-08-09,2025-08-14,,U007,CC118,6135,False,none
INV00003677,532787747,Faivre SASU,FR2129751702814069375150939,125.85,EUR,2025-04-06,2025-04-13,PO604397,U003,CC706,6065,False,none
INV00003490,060385050,Boutin S.A. SAS,FR6828723244079311029181331,234.62,EUR,2024-02-10,2024-02-16,PO323771,U023,CC853,6132,False,none
INV00005014,261990623,Georges SASU,FR9029884259959961002311775,141.09,EUR,2024-12-02,2024-12-09,PO276287,U018,CC300,6181,True,duplicate_exact
INV00002958,903521356,Joseph SCI,FR8891872401078356743000389,157.02,EUR,2025-03-07,2025-03-13,PO881133,U020,CC660,6068,False,none
INV00001994,479851583,Ruiz SA SASU,FR5425376576927789431910090,360.86,EUR,2025-09-08,2025-09-15,PO366121,U012,CC338,6061,False,none
INV00005106,904798657,Brunet et Fils SARL,FR7547424631043796868008529,22478.35,EUR,2025-06-30,2025-07-06,PO997503,U004,CC382,6063,True,shared_iban_ring
INV00004901,774348734,Perrot Paul SARL SCI,FR4914384249818299229959001,5139.68,EUR,2025-03-28,2025-03-29,PO943525,U028,CC924,6181,False,none
INV00002376,193466766,Goncalves SASU,FR8549561213773062604235973,264.72,EUR,2025-02-04,2025-02-06,PO430457,U011,CC224,6068,False,none
INV00001342,952111790,Pages SAS,FR0979050404333353849516321,4628.58,EUR,2024-04-08,2024-04-13,PO674835,U027,CC882,6181,False,none
INV00000320,104328986,Girard Gonzalez S.A. SARL,FR5850209945101622499982795,402.8,EUR,2024-03-30,2024-03-31,PO204917,U022,CC791,6068,False,none
INV00001619,415206436,Riou Benoit SARL SA,FR7109605673030644212146147,13103.8,EUR,2024-05-14,2024-05-15,PO389946,U009,CC961,6063,False,none
INV00003713,728326842,Chevallier Lenoir et Fils SARL,FR3381228217819236534606056,832.03,EUR,2024-05-10,2024-05-17,PO748268,U020,CC694,6228,False,none
INV00002060,432225913,Ruiz Rémy SA SASU,FR8391090326714949819421794,2111.37,EUR,2025-11-13,2025-11-20,PO923062,U025,CC679,6135,False,none
INV00002219,332061632,Perrot S.A.R.L. SAS,FR9390392355580996132730346,1150.93,EUR,2024-11-23,2024-11-28,PO298340,U008,CC812,6135,False,none
INV00001673,249985698,Dufour Letellier S.A.R.L. SARL,FR0684245088210099688143536,901.32,EUR,2024-08-08,2024-08-09,PO663679,U002,CC365,6132,False,none
INV00000260,855744431,Pottier SARL EURL,FR9890250392614293968562185,808.29,EUR,2025-10-05,2025-10-05,PO981723,U007,CC556,6135,False,none
INV00004556,415206436,Riou Benoit SARL SA,FR7109605673030644212146147,1389.04,EUR,2024-05-05,2024-05-10,PO530522,U007,CC628,6135,False,none
INV00002039,731121965,Blondel SCI,FR6563128196482531106092098,553.5,EUR,2024-01-16,2024-01-21,PO104827,U015,CC362,6063,False,none
INV00000901,795687833,Fischer SAS,FR7559779452321941680061027,96.51,EUR,2025-07-02,2025-07-04,PO293785,U004,CC938,6068,False,none
INV00003744,330307053,Tessier SAS,FR8232735241039773973278195,282.18,EUR,2025-08-03,2025-08-05,PO232270,U019,CC953,6061,False,none
INV00002026,432445107,Meyer SAS,FR2011179080759579472846392,1940.87,EUR,2025-07-14,2025-07-19,PO490959,U015,CC953,6061,False,none
INV00004234,975001701,Guérin S.A. SAS,FR8474747219705466927589551,4018.8,EUR,2025-11-20,2025-11-21,PO789778,U009,CC980,6181,False,none
INV00001917,003791769,Bernier SAS,FR7565277584161692845115447,1407.68,EUR,2025-05-14,2025-05-15,PO817588,U022,CC868,6228,False,none
INV00001828,596401658,Blin S.A.R.L. SCI,FR7012847818913718949058077,202.79,EUR,2024-04-07,2024-04-13,PO290997,U021,CC202,6132,False,none
INV00001573,797403447,Guilbert EURL,FR7376767721903404384279788,691.21,EUR,2025-12-11,2025-12-12,PO334662,U022,CC390,6061,False,none
INV00004532,102499471,Baron et Fils SAS,FR0223253672946671168457759,1736.39,EUR,2025-02-26,2025-03-04,PO450569,U025,CC695,6132,False,none
INV00004208,493759738,Faivre S.A. SASU,FR8443985298940626078701041,427.95,EUR,2025-09-21,2025-09-24,PO508971,U017,CC468,6068,False,none
INV00000224,587717535,Maréchal SA,FR7596399076769915078593110,733.13,EUR,2024-10-16,2024-10-22,PO739037,U014,CC282,6181,False,none
INV00000723,662702895,Lefebvre Laine S.A.R.L. EURL,FR3759325250029218515691545,3957.97,EUR,2025-05-26,2025-06-02,PO289170,U020,CC388,6061,False,none
INV00004626,793341016,Riou EURL,FR8212182097023164334817058,500.68,EUR,2025-01-30,2025-02-03,PO758539,U020,CC357,6181,False,none
INV00001141,100225579,Menard Brunel S.A. SARL,FR8520715116966672521452647,131.73,EUR,2024-04-30,2024-05-06,PO850755,U017,CC223,6061,False,none
INV00002762,447962757,Descamps SA,FR0821267969278687653269097,1827.45,EUR,2024-10-25,2024-11-01,PO696035,U014,CC812,6135,False,none
INV00000846,060715969,Huet SCI,FR8166322702672885744890612,399.53,EUR,2025-01-31,2025-02-07,PO434844,U027,CC251,6181,False,none
INV00004289,666676008,Langlois S.A.R.L. SASU,FR7942585917793238223116491,1751.82,EUR,2024-03-02,2024-03-09,,U002,CC751,6063,False,none
INV00002551,218501631,Vasseur SA SCI,FR3822068155839386613315520,7412.22,EUR,2025-03-18,2025-03-23,PO266498,U013,CC970,6063,False,none
INV00002928,906120347,Perrin SASU,FR7123859514346823948400273,1154.76,EUR,2025-12-25,2025-12-26,PO168076,U008,CC334,6181,False,none
INV00000117,809402445,Ollivier Bonneau S.A.S. SCI,FR6188117298068650863765991,1581.57,EUR,2024-04-20,2024-04-21,PO631302,U017,CC431,6061,False,none
INV00000645,161369681,Lacombe SA,FR4596475987622023413261117,101.88,EUR,2024-09-03,2024-09-04,PO289893,U012,CC595,6181,False,none
INV00000003,758181412,Gonzalez SARL,FR3767722330604633312797573,2434.42,EUR,2025-07-22,2025-07-25,PO397979,U014,CC741,6065,False,none
INV00004170,809402445,Ollivier Bonneau S.A.S. SCI,FR6188117298068650863765991,1047.88,EUR,2024-01-25,2024-01-25,PO835543,U002,CC808,6228,False,none
INV00000467,261990623,Georges SASU,FR9029884259959961002311775,1521.8,EUR,2024-05-16,2024-05-19,PO119527,U008,CC667,6063,False,none
INV00000005,544964759,Sanchez Garcia S.A. SA,FR4717982134862985797363831,950.31,EUR,2024-12-08,2024-12-12,PO241678,U022,CC652,6065,False,none
INV00000919,656482366,Lelièvre SA,FR6535977468862392407581814,1233.85,EUR,2025-12-27,2025-12-27,PO801138,U003,CC308,6061,False,none
INV00002595,357332214,Berger Guérin SARL SAS,FR0665911665535590425979270,1140.04,EUR,2025-10-07,2025-10-10,PO151767,U016,CC971,6228,False,none
INV00004324,560466183,Rocher et Fils SASU,FR0824972439920116691836264,175.05,EUR,2024-10-30,2024-11-03,PO404591,U001,CC343,6135,False,none
INV00001063,462638380,Bazin SARL,FR7716420595565749025042901,2363.5,EUR,2025-06-06,2025-06-06,PO804633,U027,CC424,6065,False,none
INV00002590,341036971,Georges SA,FR1814586833901981794695489,5407.6,EUR,2024-11-05,2024-11-11,PO207883,U028,CC245,6061,False,none
INV00000242,725217525,Gay et Fils SASU,FR6831670450232902822700934,1062.81,EUR,2024-05-26,2024-05-31,PO628027,U021,CC533,6132,False,none
INV00001160,663177971,Daniel Descamps et Fils SCI,FR3107139848228501168809255,951.4,EUR,2025-11-30,2025-12-03,PO852227,U014,CC281,6061,False,none
INV00002870,103865719,Albert SA,FR9896094097052774025883586,4205.19,EUR,2024-08-04,2024-08-05,PO694618,U020,CC908,6181,False,none
INV00003735,043581128,Lemonnier Chrétien S.A. EURL,FR4008172143643813000413211,45.89,EUR,2025-04-22,2025-04-28,PO793375,U007,CC955,6065,False,none
INV00002397,848947697,Benard Bouvier S.A.R.L. SARL,FR6918444218299874781224890,1132.41,EUR,2024-03-31,2024-04-07,PO435440,U024,CC459,6063,False,none
INV00003517,588153714,Simon S.A. SAS,FR7785695579887749242437540,702.65,EUR,2024-11-10,2024-11-15,PO180122,U003,CC633,6063,False,none
INV00003421,533963605,Laporte EURL,FR0993213348039652239559059,204.49,EUR,2024-06-28,2024-06-28,PO636576,U028,CC922,6061,False,none
INV00002563,944869594,Lebon Maury S.A.R.L. EURL,FR7144391649701693429291320,1603.89,EUR,2024-05-26,2024-05-30,PO334751,U027,CC215,6228,False,none
INV00001605,786103579,Delattre SARL SA,FR1881980770460568761124912,3766.66,EUR,2025-06-07,2025-06-07,PO750475,U025,CC912,6063,False,none
INV00004978,239431290,Diaz SAS,FR7139527536749785249141686,186.72,EUR,2025-11-02,2025-11-05,PO662095,U027,CC547,6135,False,none
INV00002324,438057198,Jacob S.A. SCI,FR9751877941763425073305597,217.41,EUR,2024-06-19,2024-06-23,PO697145,U001,CC614,6228,False,none
INV00002709,980893246,Leclercq EURL,FR9610713966055830344144885,27036.86,EUR,2025-05-05,2025-05-07,PO984596,U017,CC581,6065,False,none
INV00004536,332061632,Perrot S.A.R.L. SAS,FR9390392355580996132730346,1062.99,EUR,2025-06-25,2025-07-02,,U016,CC368,6181,False,none
INV00001312,892687056,Brunet SARL SARL,FR8420952004615265461033993,18233.77,EUR,2025-07-11,2025-07-16,,U006,CC607,6068,False,none
INV00003448,754558845,Ledoux S.A.R.L. SARL,FR1131139500168094149150762,464.43,EUR,2025-05-16,2025-05-20,PO504510,U021,CC260,6181,False,none
INV00003812,556472929,Moreno EURL,FR6614492074926999699648997,723.22,EUR,2024-01-28,2024-02-02,PO289841,U001,CC433,6135,False,none
INV00004800,477752047,Mallet SASU,FR7165193982807374167243426,869.61,EUR,2024-09-23,2024-09-25,,U003,CC201,6181,False,none
INV00002362,200342442,Leblanc EURL,FR3552597107563353574859532,1415.97,EUR,2024-02-12,2024-02-17,PO232559,U016,CC859,6063,False,none
INV00001975,569961125,Sanchez SCI,FR3984449029502648016440373,3933.25,EUR,2024-09-21,2024-09-23,PO377586,U016,CC279,6132,False,none
INV00003514,305548851,Gomes SARL,FR6298011100051553234159597,112.19,EUR,2024-04-10,2024-04-17,PO673103,U018,CC925,6065,False,none
INV00001761,218515691,Collet SCI,FR5331467536127515627796304,7245.93,EUR,2025-04-30,2025-05-02,PO461287,U000,CC668,6063,False,none
INV00002739,059304078,Texier SAS,FR2176392836929445511668297,838.59,EUR,2024-01-22,2024-01-29,PO113052,U004,CC501,6135,False,none
INV00004804,417154544,Costa SA,FR5121641758231334845871493,3802.21,EUR,2024-07-18,2024-07-20,PO449273,U006,CC619,6181,False,none
INV00002472,299468044,Vincent SCI,FR6185361530515220472779010,4643.08,EUR,2025-04-10,2025-04-14,PO850078,U011,CC111,6228,False,none
INV00004007,662532447,Masse SARL,FR6009454490149542770707057,5641.03,EUR,2024-06-16,2024-06-16,PO823545,U024,CC550,6061,False,none
INV00001493,014388899,Menard SARL SARL,FR1284872975859883103032432,75.56,EUR,2025-03-18,2025-03-19,PO381240,U029,CC377,6132,False,none
INV00004206,187851910,Dufour Garcia S.A. SASU,FR2703037236831472760122777,405.79,EUR,2025-12-14,2025-12-14,PO666582,U017,CC607,6132,False,none
INV00002158,863840666,Peron SCI,FR9838843660443240061572768,5482.76,EUR,2025-01-13,2025-01-16,PO255565,U005,CC254,6228,False,none
INV00001169,656272980,Bazin Berger SA SARL,FR4113075626368970283857865,500.33,EUR,2024-04-15,2024-04-17,PO434713,U028,CC621,6228,False,none
INV00004657,382997376,Benard EURL,FR4374443135182337498941343,93.9,EUR,2025-03-29,2025-04-05,PO310665,U012,CC452,6063,False,none
INV00000232,668516122,Roy Bouvet S.A.S. SASU,FR4449939089261371504165915,228.41,EUR,2024-12-30,2024-12-31,PO352194,U002,CC671,6061,False,none
INV00000066,341232812,Maillet Munoz SARL SCI,FR0591251341252866929662782,1252.77,EUR,2024-03-07,2024-03-08,PO354854,U019,CC251,6132,False,none
INV00001603,991241904,Bazin Faivre S.A.S. SAS,FR6918785191088398225871397,94.64,EUR,2025-04-11,2025-04-18,PO604618,U021,CC729,6132,False,none
INV00003283,795687833,Fischer SAS,FR7559779452321941680061027,3824.99,EUR,2025-06-27,2025-06-28,PO762534,U025,CC801,6135,False,none
INV00003596,554665905,Paul Pereira SA SAS,FR0938633839288619576122868,807.04,EUR,2024-05-30,2024-06-02,PO700692,U011,CC619,6228,False,none
INV00000125,833016571,Joubert S.A. SCI,FR8676064413432756041776561,226.69,EUR,2025-02-11,2025-02-12,PO349185,U011,CC562,6132,False,none
INV00001296,728326842,Chevallier Lenoir et Fils SARL,FR3381228217819236534606056,2393.88,EUR,2024-01-21,2024-01-28,PO328981,U011,CC199,6065,False,none
INV00001976,165726284,Gaudin Charpentier S.A. EURL,FR6595995342836440892687056,3931.24,EUR,2024-10-01,2024-10-04,PO365518,U011,CC916,6132,False,none
INV00005121,305066714,Maillot Bodin SA SASU,FR5240507648717754619924065,18311.27,EUR,2024-07-26,2024-07-30,PO434562,U014,CC466,6228,True,shared_iban_ring
INV00004622,701204556,Andre Normand SARL SA,FR2049409762637484539862895,4134.23,EUR,2025-04-13,2025-04-20,PO291428,U006,CC739,6068,False,none
INV00002075,468862392,Perret Pires S.A. EURL,FR0992518812520566474231220,1082.56,EUR,2024-12-14,2024-12-19,PO121507,U000,CC502,6228,False,none
INV00003086,199867980,Lopez SARL SCI,FR9828127358573065240778487,26300.03,EUR,2024-02-15,2024-02-22,PO243592,U011,CC219,6132,False,none
INV00004483,971870728,Guillou Vasseur S.A.S. SAS,FR9159724665729341722329716,179.4,EUR,2025-04-26,2025-04-27,PO862343,U015,CC661,6065,False,none
INV00003345,404157473,Mace S.A.R.L. SAS,FR9500159416516231981898471,1065.11,EUR,2024-12-08,2024-12-11,PO425967,U001,CC238,6132,False,none
INV00004605,513338726,Lebreton SCI,FR1549649909133412328120679,1915.53,EUR,2025-03-25,2025-03-26,PO163382,U018,CC953,6068,False,none
INV00002797,576615654,Baron EURL,FR2352577754781291428341108,802.36,EUR,2024-11-01,2024-11-04,PO293257,U024,CC876,6181,False,none
INV00000918,851493689,Clément SA,FR2679772369292984257991366,133.38,EUR,2025-10-22,2025-10-25,PO269963,U013,CC933,6068,False,none
INV00001646,060385050,Boutin S.A. SAS,FR6828723244079311029181331,197.15,EUR,2024-09-15,2024-09-17,PO443279,U024,CC806,6181,False,none
INV00000364,310341316,Delannoy Langlois S.A.R.L. SASU,FR6557871331509839301031051,67.92,EUR,2025-10-18,2025-10-24,PO847986,U012,CC825,6181,False,none
INV00003287,466711684,Martel SCI,FR4166205634111595034281139,1968.32,EUR,2025-05-17,2025-05-20,PO823246,U022,CC704,6061,False,none
INV00002125,330307053,Tessier SAS,FR8232735241039773973278195,36.53,EUR,2025-07-08,2025-07-12,PO845763,U002,CC773,6181,False,none
INV00004123,927065379,Mercier S.A.R.L. SAS,FR1845104636815798123878003,119.49,EUR,2024-07-15,2024-07-22,PO684707,U028,CC684,6068,False,none
INV00000525,694097499,Pages SARL,FR4749946579678427114773201,454.35,EUR,2024-04-12,2024-04-15,PO495400,U018,CC260,6135,False,none
INV00000055,414586850,Marty SA,FR6823124329212779979955271,301.03,EUR,2025-06-27,2025-06-27,PO450632,U011,CC936,6181,False,none
INV00000638,225358414,Leconte Bertrand SA SA,FR1454364597010822078113799,832.25,EUR,2025-04-26,2025-04-28,PO547858,U021,CC961,6065,False,none
INV00000302,234138999,Pages Valette S.A.R.L. SA,FR3040412091179112442117536,2425.41,EUR,2025-12-20,2025-12-23,PO860427,U015,CC385,6132,False,none
INV00002766,513338726,Lebreton SCI,FR1549649909133412328120679,413.39,EUR,2024-05-30,2024-06-03,PO445377,U007,CC626,6063,False,none
INV00001276,182688615,Briand Traore SARL SASU,FR0346040142473107201137984,209.53,EUR,2024-01-31,2024-02-03,PO989092,U016,CC694,6181,False,none
INV00002055,413836702,Gonzalez EURL,FR3938497916202232883774419,205.02,EUR,2024-08-25,2024-08-29,PO798438,U019,CC204,6068,False,none
INV00004432,218501631,Vasseur SA SCI,FR3822068155839386613315520,512.61,EUR,2024-10-12,2024-10-12,PO985007,U025,CC784,6228,False,none
INV00003644,051531952,Ramos Da Silva S.A.R.L. SCI,FR4181040915701840943533448,1446.13,EUR,2025-01-05,2025-01-06,PO473811,U010,CC647,6228,False,none
INV00004143,991241904,Bazin Faivre S.A.S. SAS,FR6918785191088398225871397,696.28,EUR,2025-09-17,2025-09-22,PO332375,U006,CC321,6135,False,none
INV00002878,910651801,Petitjean Klein et Fils SAS,FR2587125521376037548214565,1160.28,EUR,2024-08-26,2024-08-28,PO790172,U028,CC323,6063,False,none
INV00004202,400504556,Chauvin SCI,FR0674186256527047743490211,1066.58,EUR,2025-12-07,2025-12-09,PO409778,U023,CC290,6065,False,none
INV00002286,332061632,Perrot S.A.R.L. SAS,FR9390392355580996132730346,1268.31,EUR,2025-06-01,2025-06-04,PO665435,U010,CC298,6181,False,none
INV00002261,187026217,Hoareau Le Gall et Fils EURL,FR7442209690295939172513552,124.17,EUR,2024-08-03,2024-08-10,PO754221,U022,CC286,6181,False,none
INV00002296,444713247,Adam SA,FR5709178513854457702992959,667.75,EUR,2025-10-28,2025-10-31,PO295910,U014,CC854,6063,False,none
INV00001753,104332181,Laurent et Fils SCI,FR1533218196001338908386379,981.06,EUR,2025-10-20,2025-10-20,PO638861,U013,CC714,6181,False,none
INV00001968,148951343,Lucas SAS,FR0358527722170430305486874,80.57,EUR,2024-11-02,2024-11-06,PO642186,U020,CC497,6061,False,none
INV00004489,996846081,Bailly Dias SARL EURL,FR2337976627051157942387367,350.05,EUR,2025-06-14,2025-06-14,PO416639,U028,CC143,6065,False,none
INV00003117,765277584,Le Gall Lebon SA EURL,FR0519657013290227846997335,3609.83,EUR,2024-05-07,2024-05-07,,U010,CC652,6132,False,none
INV00002393,339845461,Pascal SAS,FR2652924075536668459090225,5790.09,EUR,2025-07-07,2025-07-13,PO240845,U029,CC977,6063,False,none
INV00000523,434266179,Klein SCI,FR8533305912662015720185962,966.48,EUR,2025-05-02,2025-05-09,PO618827,U015,CC374,6181,False,none
INV00003900,656272980,Bazin Berger SA SARL,FR4113075626368970283857865,298.28,EUR,2024-02-08,2024-02-15,PO931882,U025,CC796,6135,False,none
INV00003122,231665876,Leroux Millet S.A.S. EURL,FR2753278774701687339500479,1247.8,EUR,2025-11-10,2025-11-17,PO108025,U017,CC677,6228,False,none
INV00004156,165667010,Diaz Chrétien S.A.R.L. SARL,FR6109477752047116719022941,201.11,EUR,2025-09-30,2025-10-03,PO809070,U002,CC582,6228,False,none
INV00001969,235116155,Guillon SA,FR5453287101226916697848018,16219.2,EUR,2025-03-26,2025-03-26,PO717411,U016,CC505,6228,False,none
INV00000671,230461849,Lemaire S.A. EURL,FR3699660577980660392051460,389.24,EUR,2025-02-16,2025-02-21,PO765506,U002,CC178,6068,False,none
INV00004188,375265479,Chartier SASU,FR8312871539915668633414111,346.95,EUR,2025-03-12,2025-03-16,PO165555,U014,CC284,6063,False,none
INV00000666,737826398,Regnier SARL EURL,FR2937474112490352135680442,300.04,EUR,2025-02-27,2025-03-05,PO233769,U008,CC109,6065,False,none
INV00004475,160648422,Brunet Dos Santos S.A.S. SASU,FR1956608470681039033970519,2219.13,EUR,2024-05-15,2024-05-19,PO151996,U023,CC777,6061,False,none
INV00001887,473647102,Jacob SARL SCI,FR8290552818325381793355486,392.66,EUR,2025-11-19,2025-11-26,PO916190,U011,CC480,6132,False,none
INV00003266,038567700,Rémy SAS,FR1374223196463004023693626,330.14,EUR,2025-07-07,2025-07-10,PO100889,U009,CC796,6063,False,none
INV00000280,533645257,Fischer Garnier S.A.S. SARL,FR6862633556434369709317069,367.8,EUR,2024-06-10,2024-06-14,PO831871,U022,CC471,6063,False,none
INV00001719,135290965,Carlier S.A.S. SARL,FR3288718981312920875102932,741.84,EUR,2024-08-18,2024-08-25,PO127657,U018,CC242,6181,False,none
INV00002947,904530174,Pelletier Chartier SA SCI,FR4658377674996165926610857,341.79,EUR,2024-05-14,2024-05-17,PO881632,U001,CC847,6135,False,none
INV00004455,588153714,Simon S.A. SAS,FR7785695579887749242437540,992.68,EUR,2025-08-24,2025-08-24,PO605786,U022,CC776,6228,False,none
INV00000899,018451462,Godard S.A.R.L. SASU,FR2956981693406088356159514,1525.97,EUR,2025-06-24,2025-07-01,PO227728,U009,CC514,6228,False,none
INV00005000,562328588,Meunier SA,FR8621752500743292712966667,13133.54,EUR,2024-11-11,2024-11-16,PO293697,U007,CC608,6228,True,duplicate_exact
INV00000760,244935348,Berger SASU,FR5993183933529042284210205,1152.06,EUR,2025-09-22,2025-09-26,PO311524,U020,CC133,6068,False,none
INV00001906,996846081,Bailly Dias SARL EURL,FR2337976627051157942387367,655.02,EUR,2024-03-01,2024-03-05,PO430350,U007,CC783,6063,False,none
INV00004042,249985698,Dufour Letellier S.A.R.L. SARL,FR0684245088210099688143536,837.77,EUR,2024-11-17,2024-11-21,PO297991,U027,CC863,6228,False,none
INV00003823,434558122,Guillet SARL,FR8764710276773592555625881,215.31,EUR,2024-03-08,2024-03-13,PO151001,U029,CC901,6068,False,none
INV00004138,210470952,Cousin Pereira S.A.R.L. SCI,FR2248251353465549471709991,612.66,EUR,2025-05-30,2025-06-03,PO100725,U028,CC406,6061,False,none
INV00003818,308488725,Brun Rousseau S.A.R.L. SASU,FR1123959473721329016204787,169.51,EUR,2025-06-24,2025-06-26,PO914311,U006,CC306,6181,False,none
INV00004300,935889163,Costa Leclerc S.A.S. SASU,FR9290063140352635602293946,532.78,EUR,2025-04-24,2025-04-28,PO186724,U013,CC604,6135,False,none
INV00002593,902787429,Muller Laporte S.A.S. SA,FR3892753269731121965652341,768.89,EUR,2025-03-11,2025-03-12,,U022,CC335,6135,False,none
INV00004164,706324241,Charpentier S.A.R.L. EURL,FR5896136715778711216636515,954.65,EUR,2024-12-31,2025-01-06,PO331904,U003,CC909,6132,False,none
INV00003031,413435240,Fernandez Lemoine S.A.R.L. SASU,FR8488861015819956046618398,1416.3,EUR,2025-03-22,2025-03-29,PO333487,U013,CC779,6063,False,none
INV00003579,229612018,Lacombe et Fils SARL,FR0309818063565126944869594,677.17,EUR,2025-07-03,2025-07-05,PO426126,U028,CC246,6061,False,none
INV00002832,888067065,Munoz SASU,FR6850461735743842150317807,2167.53,EUR,2024-03-08,2024-03-12,PO372642,U002,CC888,6228,False,none
INV00003472,418328569,Lagarde SARL,FR4663213580040104145964229,234.09,EUR,2025-06-07,2025-06-12,PO260617,U018,CC793,6132,False,none
INV00000137,317127484,Bonnin SARL,FR6871918261990623445655743,1897.35,EUR,2024-12-31,2025-01-07,PO427617,U010,CC937,6068,False,none
INV00002180,852772217,Leclerc S.A.S. SA,FR9185424932149587020701601,868.95,EUR,2024-07-24,2024-07-25,PO494238,U018,CC316,6135,False,none
INV00002128,576615654,Baron EURL,FR2352577754781291428341108,1029.18,EUR,2024-04-04,2024-04-04,PO352586,U002,CC180,6135,False,none
INV00003177,562718750,Chauvin Laporte S.A.R.L. SASU,FR2809263223998213745561140,3207.02,EUR,2024-05-13,2024-05-15,PO469601,U027,CC505,6135,False,none
INV00004505,392827229,Dumas S.A.R.L. SARL,FR7176775372603214505766194,81.99,EUR,2024-02-24,2024-02-29,PO119576,U022,CC789,6228,False,none
INV00004261,074329271,Goncalves SA SARL,FR8234654950050702608698221,200.98,EUR,2025-12-29,2025-12-30,,U024,CC636,6135,False,none
INV00004344,303911718,Besnard SA,FR0743455812236231665876036,103.35,EUR,2025-01-21,2025-01-21,PO183317,U015,CC190,6135,False,none
INV00001331,965756924,Gilbert SA,FR7316493289802714872717833,4886.89,EUR,2025-11-16,2025-11-16,PO278169,U023,CC429,6135,False,none
INV00002017,375899757,Blanchard SARL,FR2718749603358268627036924,745.53,EUR,2025-09-01,2025-09-07,PO575565,U027,CC179,6228,False,none
INV00002482,560466183,Rocher et Fils SASU,FR0824972439920116691836264,2179.88,EUR,2024-02-27,2024-03-02,PO970181,U002,CC778,6065,False,none
INV00001358,356159514,Étienne SARL SASU,FR1135733221418880592962229,1636.05,EUR,2025-07-10,2025-07-12,PO810277,U012,CC253,6063,False,none
INV00001329,018451462,Godard S.A.R.L. SASU,FR2956981693406088356159514,1790.63,EUR,2024-02-17,2024-02-24,,U007,CC716,6132,False,none
INV00002150,796114351,Peron SARL SAS,FR5864493699951679335055738,1312.82,EUR,2025-08-24,2025-08-26,PO663095,U002,CC125,6135,False,none
INV00002122,599293784,Hervé SARL SCI,FR4773244913421388209088307,6055.89,EUR,2025-08-31,2025-09-05,PO681755,U022,CC428,6132,False,none
INV00003981,357332214,Berger Guérin SARL SAS,FR0665911665535590425979270,191.74,EUR,2025-03-29,2025-03-29,PO864183,U011,CC799,6068,False,none
INV00001252,249985698,Dufour Letellier S.A.R.L. SARL,FR0684245088210099688143536,4496.8,EUR,2024-07-20,2024-07-26,PO769054,U003,CC985,6132,False,none
INV00003278,467741862,Blanc SARL,FR6212125902035713432406424,28.88,EUR,2025-11-23,2025-11-29,PO989173,U026,CC591,6135,False,none
INV00003374,618091901,Poulain SARL,FR9160858167046861114576832,10804.05,EUR,2025-12-17,2025-12-18,,U007,CC934,6132,False,none
INV00002814,444713247,Adam SA,FR5709178513854457702992959,136.27,EUR,2025-02-10,2025-02-11,PO209397,U010,CC730,6132,False,none
INV00001848,417154544,Costa SA,FR5121641758231334845871493,1027.63,EUR,2024-06-24,2024-06-26,PO403922,U007,CC120,6135,False,none
INV00003037,688937346,Seguin Buisson S.A. EURL,FR8795269495888794705516940,5605.82,EUR,2025-10-01,2025-10-06,PO517669,U019,CC210,6135,False,none
INV00000388,666676008,Langlois S.A.R.L. SASU,FR7942585917793238223116491,334.99,EUR,2024-03-19,2024-03-21,PO546711,U002,CC141,6135,False,none
INV00000235,544964759,Sanchez Garcia S.A. SA,FR4717982134862985797363831,1094.82,EUR,2024-02-03,2024-02-10,PO245357,U027,CC820,6181,False,none
INV00001077,995777387,Andre EURL,FR3179808932460953962185188,203.82,EUR,2024-08-17,2024-08-20,PO590406,U008,CC132,6063,False,none
INV00001984,418328569,Lagarde SARL,FR4663213580040104145964229,2346.95,EUR,2024-04-16,2024-04-16,PO849478,U020,CC299,6061,False,none
INV00004363,988516560,Laroche S.A. SARL,FR6656770051844989266591846,702.21,EUR,2024-05-07,2024-05-08,PO446324,U025,CC547,6181,False,none
INV00003962,288095701,Costa SA,FR8632016328708317278895798,16586.2,EUR,2025-01-27,2025-01-29,PO744832,U008,CC420,6132,False,none
INV00000770,676320163,Marchal SCI,FR8220297021355690927557192,1424.86,EUR,2025-03-13,2025-03-17,PO936116,U025,CC189,6228,False,none
INV00002165,432225913,Ruiz Rémy SA SASU,FR8391090326714949819421794,1146.05,EUR,2024-03-03,2024-03-05,PO616942,U021,CC912,6181,False,none
INV00000673,143866322,Cousin SA SAS,FR2584993231234266980690872,3031.55,EUR,2024-03-18,2024-03-24,PO866296,U004,CC591,6228,False,none
INV00000249,057202590,Gros SA,FR3823945354614707986321061,3300.37,EUR,2024-07-24,2024-07-29,PO459443,U020,CC761,6135,False,none
INV00001574,887947055,Torres SASU,FR7873864631752071678112669,3788.07,EUR,2025-03-09,2025-03-16,PO476178,U016,CC413,6132,False,none
INV00003419,149864300,Verdier Lecomte S.A.S. SAS,FR1613044881898484160461540,499.73,EUR,2025-07-20,2025-07-24,PO745592,U015,CC852,6065,False,none
INV00002081,223253672,Imbert SA,FR2304120092820667849843624,342.31,EUR,2024-09-08,2024-09-08,PO542242,U026,CC793,6061,False,none
INV00001823,972965902,Voisin et Fils EURL,FR9691815899886834527346666,541.75,EUR,2024-03-20,2024-03-24,PO235158,U009,CC729,6063,False,none
INV00000716,104332181,Laurent et Fils SCI,FR1533218196001338908386379,337.56,EUR,2024-02-21,2024-02-26,PO839730,U028,CC662,6132,False,none
INV00004814,910651801,Petitjean Klein et Fils SAS,FR2587125521376037548214565,2977.03,EUR,2024-11-05,2024-11-12,PO860305,U004,CC661,6065,False,none
INV00002048,918255371,Masson Aubert SARL SARL,FR9626650237416787256862110,130.64,EUR,2024-04-25,2024-05-02,PO674571,U007,CC834,6132,False,none
INV00004178,383028439,Ollivier EURL,FR9092287772519966365807412,344.34,EUR,2025-02-26,2025-02-27,PO945594,U011,CC299,6061,False,none
INV00002724,193466766,Goncalves SASU,FR8549561213773062604235973,3369.82,EUR,2024-08-26,2024-09-02,PO738513,U000,CC898,6132,False,none
INV00004662,892687056,Brunet SARL SARL,FR8420952004615265461033993,245.09,EUR,2025-12-14,2025-12-19,PO220731,U011,CC339,6065,False,none
INV00001460,310341316,Delannoy Langlois S.A.R.L. SASU,FR6557871331509839301031051,749.24,EUR,2024-07-27,2024-08-02,PO418543,U013,CC734,6228,False,none
INV00001668,562718750,Chauvin Laporte S.A.R.L. SASU,FR2809263223998213745561140,484.53,EUR,2025-12-03,2025-12-10,PO372869,U019,CC319,6061,False,none
INV00002756,776945314,Neveu SASU,FR6070866882634351751830469,181.11,EUR,2025-01-21,2025-01-28,,U029,CC497,6181,False,none
INV00002000,240084271,De Oliveira SASU,FR8171543799371240659657569,7086.5,EUR,2025-12-01,2025-12-01,PO284265,U028,CC102,6061,False,none
INV00000404,093204899,Berger Dos Santos SA EURL,FR6524968549822749545089203,593.22,EUR,2024-06-25,2024-06-27,PO566895,U015,CC582,6061,False,none
INV00000384,299468044,Vincent SCI,FR6185361530515220472779010,2832.0,EUR,2024-10-19,2024-10-25,PO398776,U020,CC870,6065,False,none
INV00004633,327104054,Gaillard Hardy et Fils SCI,FR5870562271043318751097921,365.13,EUR,2024-01-11,2024-01-18,PO491242,U019,CC754,6061,False,none
INV00002152,144914766,Pascal SASU,FR2671296180332426050801849,431.52,EUR,2024-12-27,2024-12-28,PO435322,U014,CC778,6068,False,none
INV00001633,545494808,Collet SAS,FR2135369378547772522872808,409.87,EUR,2024-10-27,2024-10-30,PO218083,U018,CC102,6068,False,none
INV00004727,418328569,Lagarde SARL,FR4663213580040104145964229,563.66,EUR,2024-09-06,2024-09-10,PO842184,U001,CC952,6065,False,none
INV00003925,368872588,Grenier SA EURL,FR5815372215566847323653377,5081.67,EUR,2024-05-21,2024-05-23,PO709479,U022,CC318,6181,False,none
INV00004158,655852398,Delattre S.A.R.L. SARL,FR8812075452798524013223423,717.02,EUR,2024-12-27,2024-12-29,PO927319,U023,CC234,6061,False,none
INV00000223,417154544,Costa SA,FR5121641758231334845871493,54.97,EUR,2025-11-15,2025-11-21,PO493774,U028,CC325,6063,False,none
INV00002193,104332181,Laurent et Fils SCI,FR1533218196001338908386379,23501.58,EUR,2025-01-13,2025-01-15,PO688526,U014,CC505,6132,False,none
INV00003136,892687056,Brunet SARL SARL,FR8420952004615265461033993,9257.77,EUR,2025-12-03,2025-12-10,PO541800,U001,CC880,6063,False,none
INV00004469,618091901,Poulain SARL,FR9160858167046861114576832,1059.03,EUR,2024-05-02,2024-05-05,PO487376,U012,CC154,6063,False,none
INV00001824,754558845,Ledoux S.A.R.L. SARL,FR1131139500168094149150762,7087.99,EUR,2024-08-30,2024-09-04,,U029,CC971,6061,False,none
INV00004742,327648350,Vallée SCI,FR8736026064746872343098050,1638.34,EUR,2024-05-13,2024-05-13,PO321990,U020,CC243,6135,False,none
INV00000797,974801624,François EURL,FR9661064628792326487049478,548.62,EUR,2025-08-10,2025-08-14,PO821997,U021,CC547,6132,False,none
INV00002871,043581128,Lemonnier Chrétien S.A. EURL,FR4008172143643813000413211,171.28,EUR,2025-12-22,2025-12-23,PO240315,U026,CC927,6061,False,none
INV00000009,237333433,Boulay SA,FR6802635582430176464489880,1298.81,EUR,2024-12-28,2025-01-04,PO903072,U013,CC917,6132,False,none
INV00001944,467741862,Blanc SARL,FR6212125902035713432406424,1010.67,EUR,2024-06-02,2024-06-08,PO166248,U015,CC873,6228,False,none
INV00001838,599293784,Hervé SARL SCI,FR4773244913421388209088307,102.67,EUR,2025-05-22,2025-05-27,PO436434,U008,CC864,6135,False,none
INV00000255,944064090,Jourdan Jean et Fils SA,FR3946800722903494466574374,1643.68,EUR,2024-11-12,2024-11-12,PO460549,U004,CC481,6228,False,none
INV00004485,442067883,Dias SARL,FR2617195535603319036890030,1732.32,EUR,2024-07-26,2024-07-27,PO267806,U018,CC696,6132,False,none
INV00004649,229014767,Mendès SARL,FR4002770384309883920530214,78.56,EUR,2024-04-25,2024-04-28,PO734151,U027,CC306,6132,False,none
INV00001581,829221699,François EURL,FR9393110059129751910231211,1777.55,EUR,2025-08-16,2025-08-23,PO516798,U025,CC826,6135,False,none
INV00002956,165726284,Gaudin Charpentier S.A. EURL,FR6595995342836440892687056,1360.3,EUR,2024-03-07,2024-03-12,PO261581,U009,CC307,6181,False,none
INV00000924,218501631,Vasseur SA SCI,FR3822068155839386613315520,1381.92,EUR,2024-02-11,2024-02-16,,U026,CC396,6132,False,none
INV00004569,638546785,Hoarau SAS,FR3973505831997179110065120,338.68,EUR,2025-09-11,2025-09-12,PO116432,U003,CC614,6228,False,none
INV00002508,304637454,Boulanger SA SA,FR9197592304501896164236103,9059.25,EUR,2024-11-02,2024-11-03,PO592811,U026,CC258,6065,False,none
INV00003775,809402445,Ollivier Bonneau S.A.S. SCI,FR6188117298068650863765991,413.86,EUR,2025-08-22,2025-08-29,PO189483,U002,CC165,6228,False,none
INV00004136,234138999,Pages Valette S.A.R.L. SA,FR3040412091179112442117536,111.93,EUR,2025-06-12,2025-06-14,PO819353,U011,CC498,6061,False,none
INV00002779,415206436,Riou Benoit SARL SA,FR7109605673030644212146147,31.0,EUR,2024-04-18,2024-04-18,PO582591,U003,CC686,6063,False,none
INV00000539,537735158,Leblanc SARL,FR5203758997571130554885102,467.76,EUR,2025-09-24,2025-09-30,PO889185,U012,CC881,6132,False,none
INV00002745,814141397,Philippe EURL,FR3406791766512215001418842,1372.66,EUR,2025-03-17,2025-03-20,,U006,CC797,6065,False,none
INV00004639,167014508,Pires EURL,FR6708031499825080046358068,6128.74,EUR,2024-12-13,2024-12-13,PO306162,U000,CC938,6061,False,none
INV00004712,669346547,Neveu Costa S.A.S. SASU,FR8327490728012342893113253,3321.4,EUR,2025-06-26,2025-06-28,PO198409,U012,CC444,6181,False,none
INV00001145,821486289,Normand Perrin S.A.R.L. SARL,FR8766630932998199605932971,580.08,EUR,2024-10-15,2024-10-17,PO788428,U010,CC245,6068,False,none
INV00004468,175354083,Morel Chevallier S.A. SAS,FR1413695727908335090254257,150.64,EUR,2024-04-21,2024-04-22,,U022,CC611,6061,False,none
INV00000667,578759856,Garnier S.A. SCI,FR2889868180978875439435353,7351.8,EUR,2024-05-18,2024-05-20,PO695130,U023,CC373,6061,False,none
INV00003019,207501102,Gillet SCI,FR2553970548739610290871827,1425.32,EUR,2025-01-20,2025-01-21,,U009,CC204,6132,False,none
INV00000357,799088117,Pages SAS,FR0391122528837505661863239,2553.88,EUR,2025-06-18,2025-06-19,PO307897,U008,CC818,6065,False,none
INV00002831,554665905,Paul Pereira SA SAS,FR0938633839288619576122868,1114.87,EUR,2025-09-10,2025-09-10,PO534868,U012,CC461,6132,False,none
INV00002783,785969691,Gay S.A.R.L. SCI,FR4547163928234143637189239,243.71,EUR,2024-12-11,2024-12-11,PO591475,U001,CC890,6065,False,none
INV00001353,014388899,Menard SARL SARL,FR1284872975859883103032432,3168.88,EUR,2025-02-24,2025-03-02,PO679150,U020,CC580,6132,False,none
INV00000470,143866322,Cousin SA SAS,FR2584993231234266980690872,4038.49,EUR,2024-09-24,2024-09-24,PO969659,U019,CC396,6065,False,none
INV00002703,807374167,Auger Lacroix et Fils SCI,FR8530276420865675661844386,19531.56,EUR,2025-10-07,2025-10-09,,U027,CC926,6132,False,none
INV00003330,662782827,Bertrand Rodriguez S.A. SASU,FR0484855716176880294240903,955.28,EUR,2025-09-02,2025-09-06,PO961082,U026,CC122,6135,False,none
INV00003637,535218188,Ruiz SA,FR9334722820055778487282997,472.73,EUR,2024-03-14,2024-03-19,PO875255,U024,CC787,6065,False,none
INV00001396,808412411,De Sousa SCI,FR4086926179640537735158506,4177.62,EUR,2024-07-15,2024-07-18,PO442046,U022,CC339,6135,False,none
INV00003584,267288574,Dijoux Seguin S.A. SARL,FR2495382804056129965082695,481.09,EUR,2024-12-21,2024-12-23,PO594902,U018,CC637,6228,False,none
INV00004627,369155942,Paul et Fils SCI,FR9212600308356691062715312,1487.14,EUR,2024-10-14,2024-10-20,PO971697,U010,CC321,6228,False,none
INV00003376,160648422,Brunet Dos Santos S.A.S. SASU,FR1956608470681039033970519,875.29,EUR,2025-06-26,2025-06-27,PO433742,U016,CC320,6228,False,none
INV00001256,701204556,Andre Normand SARL SA,FR2049409762637484539862895,2313.91,EUR,2024-04-02,2024-04-08,PO799984,U012,CC143,6063,False,none
INV00003512,904530174,Pelletier Chartier SA SCI,FR4658377674996165926610857,2013.22,EUR,2025-11-29,2025-12-01,PO305650,U025,CC921,6065,False,none
INV00001250,656272980,Bazin Berger SA SARL,FR4113075626368970283857865,391.34,EUR,2025-10-27,2025-10-29,PO825024,U027,CC913,6228,False,none
INV00004956,468862392,Perret Pires S.A. EURL,FR0992518812520566474231220,1202.63,EUR,2024-03-28,2024-04-04,PO828512,U012,CC311,6135,False,none
INV00004298,231491357,Jacquet SA,FR0433399948532089532638902,829.99,EUR,2024-12-06,2024-12-08,PO639044,U001,CC729,6061,False,none
INV00003284,584419866,Gay EURL,FR4351364424936312303477866,1640.62,EUR,2025-04-11,2025-04-17,PO198690,U005,CC710,6228,False,none
INV00002933,576615654,Baron EURL,FR2352577754781291428341108,224.67,EUR,2025-07-24,2025-07-25,PO376066,U005,CC823,6068,False,none
INV00004175,223253672,Imbert SA,FR2304120092820667849843624,755.93,EUR,2025-07-31,2025-07-31,PO248540,U019,CC380,6063,False,none
INV00001852,505830033,Millet Briand SARL SCI,FR1629060320203265097753967,217.17,EUR,2025-12-05,2025-12-06,PO842306,U028,CC937,6135,False,none
INV00005019,565574313,Bouvet S.A. S.A.,FR5259025176298334774332683,503.4,EUR,2025-03-15,2025-03-22,PO690275,U021,CC214,6065,True,duplicate_fuzzy
INV00002105,193466766,Goncalves SASU,FR8549561213773062604235973,1359.7,EUR,2024-02-02,2024-02-04,PO560227,U015,CC467,6065,False,none
INV00000133,901627204,Jean SASU,FR5443757584419866524041574,3678.97,EUR,2024-12-26,2024-12-26,PO686810,U016,CC204,6068,False,none
INV00000928,447962757,Descamps SA,FR0821267969278687653269097,480.72,EUR,2024-09-01,2024-09-01,PO673662,U026,CC851,6135,False,none
INV00000823,931746120,Fournier Charpentier SARL SA,FR2156110022557941552166746,1033.45,EUR,2025-04-23,2025-04-24,PO232729,U008,CC380,6228,False,none
INV00004684,473647102,Jacob SARL SCI,FR8290552818325381793355486,293.62,EUR,2025-09-21,2025-09-28,PO518904,U029,CC481,6228,False,none
INV00001531,996504773,Bertrand SASU,FR7136497189241956252571509,710.03,EUR,2024-12-22,2024-12-22,PO275113,U001,CC580,6065,False,none
INV00001214,478985625,Philippe et Fils SA,FR2858929880858382521293289,6830.34,EUR,2025-07-08,2025-07-11,PO793058,U009,CC480,6181,False,none
INV00000504,363495788,Da Costa SA,FR8561567933410166687002176,1266.5,EUR,2025-03-06,2025-03-10,PO638051,U020,CC872,6135,False,none
INV00004285,423536937,Delorme EURL,FR0759465217073033793375636,1319.4,EUR,2025-06-24,2025-07-01,PO305848,U007,CC983,6061,False,none
INV00001996,099861622,Marie EURL,FR6426861205943897607401775,1076.76,EUR,2024-10-17,2024-10-20,PO780208,U007,CC706,6228,False,none
INV00003072,833016571,Joubert S.A. SCI,FR8676064413432756041776561,815.47,EUR,2025-09-27,2025-10-02,PO649236,U004,CC142,6063,False,none
INV00001958,762120216,Guillou Gérard S.A.R.L. SCI,FR6390814415298217392957867,10754.98,EUR,2024-07-22,2024-07-28,PO530398,U001,CC434,6181,False,none
INV00001384,473647102,Jacob SARL SCI,FR8290552818325381793355486,101.79,EUR,2025-10-23,2025-10-28,PO881156,U006,CC333,6065,False,none
INV00000894,182688615,Briand Traore SARL SASU,FR0346040142473107201137984,1706.92,EUR,2025-02-06,2025-02-07,PO202130,U026,CC397,6228,False,none
INV00000455,347955276,Ledoux SA,FR7929384401348087354378826,435.07,EUR,2024-08-09,2024-08-16,PO777292,U002,CC986,6065,False,none
INV00004825,977236929,Moreau EURL,FR7191767993593744039464083,338.35,EUR,2025-05-18,2025-05-19,PO454762,U004,CC374,6181,False,none
INV00003709,726149331,Guilbert Courtois et Fils SAS,FR4543127102676720957992707,1577.08,EUR,2025-10-23,2025-10-29,PO410286,U021,CC937,6228,False,none
INV00004761,299228092,Reynaud Bègue SA SARL,FR0826351004627765725659202,473.68,EUR,2024-08-18,2024-08-20,PO126819,U014,CC924,6181,False,none
INV00004268,278681447,Fontaine Laurent S.A.S. SCI,FR5109391119269212447174654,332.49,EUR,2025-10-03,2025-10-06,PO564888,U029,CC358,6135,False,none
INV00003522,594013990,Toussaint EURL,FR2536110371293870051627136,1886.46,EUR,2025-05-03,2025-05-06,PO439364,U008,CC161,6063,False,none
INV00004134,435346247,Jacques SA,FR0607482175946474367136959,1408.64,EUR,2024-08-20,2024-08-26,PO941183,U019,CC755,6065,False,none
INV00003602,288095701,Costa SA,FR8632016328708317278895798,418.96,EUR,2025-05-27,2025-05-29,,U027,CC675,6065,False,none
INV00000713,193466766,Goncalves SASU,FR8549561213773062604235973,72.36,EUR,2025-07-30,2025-08-02,PO381558,U017,CC221,6065,False,none
INV00004186,639208678,Dias S.A. SA,FR2098036577449160936595201,1639.87,EUR,2024-10-23,2024-10-25,PO386802,U005,CC307,6135,False,none
INV00002214,031051834,Germain SCI,FR0473545494808313678377701,1112.65,EUR,2025-09-24,2025-09-28,PO989461,U009,CC490,6063,False,none
INV00002923,532787747,Faivre SASU,FR2129751702814069375150939,1342.74,EUR,2025-11-12,2025-11-13,PO605625,U009,CC694,6068,False,none
INV00001810,669849027,Martins S.A.R.L. SARL,FR9481187233351040961497315,5086.44,EUR,2025-01-17,2025-01-24,PO308821,U016,CC953,6135,False,none
INV00003486,003791769,Bernier SAS,FR7565277584161692845115447,411.34,EUR,2025-08-05,2025-08-10,PO749670,U021,CC421,6065,False,none
INV00003141,931746120,Fournier Charpentier SARL SA,FR2156110022557941552166746,5273.05,EUR,2025-03-10,2025-03-15,PO624700,U022,CC311,6135,False,none
INV00001827,517016608,Ledoux Techer SA EURL,FR7981079649673794577278532,8141.0,EUR,2025-10-16,2025-10-21,PO172606,U006,CC105,6135,False,none
INV00001155,299228092,Reynaud Bègue SA SARL,FR0826351004627765725659202,8026.87,EUR,2024-06-23,2024-06-29,,U002,CC450,6068,False,none
INV00001324,160648422,Brunet Dos Santos S.A.S. SASU,FR1956608470681039033970519,701.9,EUR,2025-01-03,2025-01-04,PO745210,U011,CC548,6065,False,none
INV00004312,693801184,Delannoy EURL,FR2388995729893762974549303,87.57,EUR,2025-02-24,2025-02-24,PO230490,U025,CC809,6061,False,none
INV00000510,890250392,Pinto SA SA,FR2776563600412577711837274,1122.17,EUR,2024-10-19,2024-10-22,PO589199,U019,CC318,6068,False,none
INV00001680,435346247,Jacques SA,FR0607482175946474367136959,1886.57,EUR,2025-12-13,2025-12-13,PO470500,U010,CC488,6063,False,none
INV00000499,207501102,Gillet SCI,FR2553970548739610290871827,7059.83,EUR,2024-09-28,2024-10-04,PO747288,U024,CC520,6068,False,none
INV00004677,680876038,Neveu S.A. SARL,FR5802758842524105648149177,1816.38,EUR,2024-05-18,2024-05-24,PO370783,U021,CC685,6065,False,none
INV00001856,278681447,Fontaine Laurent S.A.S. SCI,FR5109391119269212447174654,458.41,EUR,2024-07-22,2024-07-27,PO474723,U005,CC342,6181,False,none
INV00001388,130756263,Lucas SASU,FR3367197889778280647969545,406.11,EUR,2024-12-15,2024-12-17,PO292843,U006,CC197,6061,False,none
INV00003719,594013990,Toussaint EURL,FR2536110371293870051627136,1464.8,EUR,2025-01-23,2025-01-28,PO139271,U012,CC395,6061,False,none
INV00002386,711116152,Michaud SAS,FR7694278816580392827229927,210.61,EUR,2025-11-25,2025-11-25,PO979041,U016,CC345,6228,False,none
INV00003236,518233749,Martinez SAS,FR9547735866296194311426265,870.46,EUR,2024-09-11,2024-09-11,PO612933,U007,CC939,6065,False,none
INV00001540,524310690,Benoit EURL,FR8615869886497677622827728,5649.38,EUR,2025-11-27,2025-11-29,PO416640,U012,CC350,6065,False,none
INV00001217,142939685,Labbé SARL EURL,FR9575230837081647090063353,157.97,EUR,2024-08-19,2024-08-22,PO755687,U011,CC961,6132,False,none
INV00002681,661771159,Pascal EURL,FR1993466766506180919015814,1397.25,EUR,2025-05-27,2025-05-28,PO766477,U024,CC923,6065,False,none
INV00002993,186449251,Thibault Morvan S.A. SA,FR1984577600490824043350488,723.56,EUR,2025-08-13,2025-08-19,PO175232,U007,CC667,6063,False,none
INV00001191,663177971,Daniel Descamps et Fils SCI,FR3107139848228501168809255,152.79,EUR,2024-01-28,2024-01-28,PO163214,U029,CC624,6135,False,none
INV00001542,911914856,Delattre SASU,FR1875409150863218122764579,64.87,EUR,2025-10-30,2025-11-06,PO153840,U007,CC249,6063,False,none
INV00003301,104328986,Girard Gonzalez S.A. SARL,FR5850209945101622499982795,683.56,EUR,2024-06-07,2024-06-10,,U012,CC322,6061,False,none
INV00003324,146303161,Barbe S.A.S. SCI,FR2997745731441583311703037,336.6,EUR,2024-11-10,2024-11-13,PO420385,U004,CC387,6065,False,none
INV00002539,555439878,Chauvin et Fils SAS,FR8000767620901447340433700,37596.88,EUR,2024-05-12,2024-05-16,PO440071,U022,CC570,6065,False,none
INV00000953,464887719,Costa Royer SARL SCI,FR2945892975001701277063242,993.2,EUR,2024-03-23,2024-03-29,PO349799,U004,CC115,6132,False,none
INV00004330,058651850,Bernard Boulay SA SASU,FR7178686337524310690331190,1503.47,EUR,2025-02-16,2025-02-20,PO951688,U025,CC354,6228,False,none
INV00000732,518233749,Martinez SAS,FR9547735866296194311426265,2974.47,EUR,2025-09-13,2025-09-16,PO254535,U011,CC771,6132,False,none
INV00001156,758181412,Gonzalez SARL,FR3767722330604633312797573,1360.84,EUR,2025-10-29,2025-10-30,PO473818,U015,CC570,6061,False,none
INV00003294,596401658,Blin S.A.R.L. SCI,FR7012847818913718949058077,391.89,EUR,2024-02-14,2024-02-17,PO714461,U017,CC876,6063,False,none
INV00002982,669849027,Martins S.A.R.L. SARL,FR9481187233351040961497315,10762.16,EUR,2025-01-05,2025-01-05,PO175868,U028,CC735,6061,False,none
INV00002156,965756924,Gilbert SA,FR7316493289802714872717833,1260.59,EUR,2025-07-03,2025-07-03,PO295545,U018,CC843,6228,False,none
INV00001062,399091699,Huet et Fils SASU,FR9543161172400504556238692,138.85,EUR,2024-01-21,2024-01-26,,U017,CC384,6068,False,none
INV00002616,571775140,Martel EURL,FR6524082226940539672757844,632.01,EUR,2025-02-10,2025-02-14,PO198195,U002,CC706,6068,False,none
INV00001167,803397401,Michaud SARL,FR7526329676291603248413768,178.51,EUR,2024-02-21,2024-02-23,PO606755,U016,CC390,6132,False,none
INV00003222,653287101,Le Roux S.A. SASU,FR0242786801128059826204505,1415.7,EUR,2024-11-08,2024-11-13,PO556997,U023,CC605,6061,False,none
INV00003636,237333433,Boulay SA,FR6802635582430176464489880,188.26,EUR,2025-03-13,2025-03-17,PO817131,U018,CC509,6061,False,none
INV00002938,724238849,Payet SCI,FR6113542784980841241182449,10844.01,EUR,2024-02-25,2024-03-02,PO315803,U027,CC857,6065,False,none
INV00004491,527858549,Roussel EURL,FR3635785294563718344049639,353.25,EUR,2025-08-08,2025-08-13,PO670172,U002,CC807,6065,False,none
INV00003140,932525002,Aubry Lelièvre S.A. SA,FR8627423183061789320649693,977.31,EUR,2024-06-10,2024-06-15,PO683328,U029,CC974,6068,False,none
INV00000143,348434437,Gilles SARL SAS,FR3446853664987820829737489,1574.99,EUR,2025-06-02,2025-06-03,PO780999,U002,CC911,6132,False,none
INV00003577,782489638,Vasseur SAS,FR3167065627298069901627204,170.41,EUR,2025-12-02,2025-12-08,PO377768,U008,CC643,6135,False,none
INV00002782,134316117,Seguin Gay S.A. SASU,FR0315336884443106987205061,5564.22,EUR,2024-04-23,2024-04-30,PO803125,U017,CC571,6181,False,none
INV00000717,821486289,Normand Perrin S.A.R.L. SARL,FR8766630932998199605932971,222.96,EUR,2025-03-12,2025-03-14,PO741185,U009,CC432,6061,False,none
INV00001819,970283857,Gillet SASU,FR4365565033349114152085076,1278.58,EUR,2024-01-28,2024-01-30,PO446966,U017,CC928,6181,False,none
INV00002502,731781080,Lamy Noël S.A.S. SA,FR8424210249947174648877190,1244.25,EUR,2024-03-20,2024-03-26,PO263145,U024,CC463,6061,False,none
INV00004360,234138999,Pages Valette S.A.R.L. SA,FR3040412091179112442117536,1438.17,EUR,2024-07-11,2024-07-12,PO676366,U015,CC554,6132,False,none
INV00004171,799088117,Pages SAS,FR0391122528837505661863239,86.48,EUR,2024-02-03,2024-02-04,PO943518,U024,CC665,6068,False,none
INV00000395,157399305,Delmas SARL,FR4088255629657542786561942,1954.73,EUR,2024-09-21,2024-09-27,,U013,CC997,6132,False,none
INV00004986,651827553,Alexandre SARL SARL,FR4121269428946420362586314,1331.04,EUR,2024-11-26,2024-12-02,PO599893,U013,CC325,6228,False,none
INV00004492,435175183,Ledoux SAS,FR9681180715695620175370304,2901.52,EUR,2025-03-25,2025-03-26,PO504315,U014,CC784,6135,False,none
INV00001365,210388629,Launay Martins et Fils EURL,FR8151448811210314217518878,867.34,EUR,2024-04-13,2024-04-20,PO137731,U022,CC788,6132,False,none
INV00004699,104328986,Girard Gonzalez S.A. SARL,FR5850209945101622499982795,4550.61,EUR,2025-02-25,2025-02-26,PO699649,U028,CC659,6068,False,none
INV00000595,527047743,Aubry EURL,FR3775955872096289365435884,1779.65,EUR,2024-07-01,2024-07-03,PO577595,U021,CC250,6132,False,none
INV00003952,135290965,Carlier S.A.S. SARL,FR3288718981312920875102932,347.3,EUR,2024-03-29,2024-04-01,,U004,CC894,6228,False,none
INV00002914,207501102,Gillet SCI,FR2553970548739610290871827,384.4,EUR,2024-08-11,2024-08-15,PO948302,U012,CC933,6061,False,none
INV00002326,308488725,Brun Rousseau S.A.R.L. SASU,FR1123959473721329016204787,868.75,EUR,2025-06-10,2025-06-11,PO313956,U013,CC481,6063,False,none
INV00003766,731781080,Lamy Noël S.A.S. SA,FR8424210249947174648877190,830.73,EUR,2025-11-21,2025-11-21,PO623954,U015,CC187,6135,False,none
INV00003440,943969078,Pelletier Collet S.A. SCI,FR3710742799077262570165804,1815.19,EUR,2025-10-30,2025-11-01,PO266566,U016,CC268,6061,False,none
INV00003851,774348734,Perrot Paul SARL SCI,FR4914384249818299229959001,133.23,EUR,2024-05-07,2024-05-09,PO256685,U029,CC654,6068,False,none
INV00004132,462265676,Rodrigues SARL,FR2408115562606029084668455,751.77,EUR,2024-04-15,2024-04-20,,U026,CC512,6135,False,none
INV00004732,524310690,Benoit EURL,FR8615869886497677622827728,7096.7,EUR,2025-07-27,2025-07-28,PO563055,U011,CC713,6068,False,none
INV00002143,779071416,Barre SA,FR3851584826691362483550542,207.8,EUR,2025-11-05,2025-11-10,PO248990,U029,CC223,6063,False,none
INV00001571,299228092,Reynaud Bègue SA SARL,FR0826351004627765725659202,1717.25,EUR,2024-03-24,2024-03-30,PO614179,U003,CC373,6132,False,none
INV00004079,694097499,Pages SARL,FR4749946579678427114773201,1425.99,EUR,2024-05-27,2024-06-01,PO547815,U015,CC504,6135,False,none
INV00001122,210470952,Cousin Pereira S.A.R.L. SCI,FR2248251353465549471709991,474.75,EUR,2025-09-27,2025-10-03,PO133833,U021,CC972,6063,False,none
INV00002786,482814893,Chauvet Colas SARL SARL,FR4380443699577738721489513,334.89,EUR,2025-08-26,2025-08-29,PO991613,U026,CC247,6228,False,none
INV00002967,799650752,Le Roux Bailly SA SAS,FR6031739363854678544587717,526.72,EUR,2025-09-12,2025-09-13,PO517576,U025,CC301,6132,False,none
INV00002504,996846081,Bailly Dias SARL EURL,FR2337976627051157942387367,67.88,EUR,2025-07-30,2025-07-30,PO180783,U006,CC548,6135,False,none
INV00003465,445187053,Potier EURL,FR9459234268344149782661287,4853.94,EUR,2025-03-03,2025-03-04,PO824433,U004,CC827,6135,False,none
INV00000675,799702462,Weber S.A.S. EURL,FR5915466024161394498830597,158.91,EUR,2024-12-30,2025-01-05,PO886083,U011,CC350,6061,False,none
INV00002808,527177449,De Oliveira SCI,FR1475705120461872346013673,408.35,EUR,2024-04-28,2024-05-05,PO319011,U003,CC635,6068,False,none
INV00003348,303054868,Faivre S.A.R.L. SA,FR3221717477332945625577017,15039.16,EUR,2025-04-30,2025-05-03,PO840006,U015,CC538,6065,False,none
INV00000728,848947697,Benard Bouvier S.A.R.L. SARL,FR6918444218299874781224890,933.8,EUR,2025-06-27,2025-06-27,PO211504,U017,CC853,6135,False,none
INV00000412,799650752,Le Roux Bailly SA SAS,FR6031739363854678544587717,5799.65,EUR,2024-07-13,2024-07-19,PO973548,U021,CC768,6135,False,none
INV00003146,721811437,Lebrun Boutin S.A. SCI,FR8889218785193583749079779,330.68,EUR,2024-07-05,2024-07-10,PO721013,U028,CC270,6228,False,none
INV00001516,218501631,Vasseur SA SCI,FR3822068155839386613315520,274.35,EUR,2024-12-15,2024-12-22,PO491078,U004,CC820,6063,False,none
INV00000825,865890260,Royer et Fils SAS,FR3684148460191344389982780,753.38,EUR,2025-10-30,2025-11-02,PO307488,U021,CC966,6132,False,none
INV00003267,982620450,Hervé S.A.S. SA,FR9851983273158514936899809,3326.02,EUR,2025-12-24,2025-12-31,PO201462,U021,CC405,6065,False,none
INV00003974,910651801,Petitjean Klein et Fils SAS,FR2587125521376037548214565,3878.9,EUR,2024-09-08,2024-09-12,PO686312,U007,CC739,6135,False,none
INV00000616,466574374,Schmitt SCI,FR0894841312840333997718051,261.26,EUR,2025-12-24,2025-12-26,PO699672,U025,CC977,6061,False,none
INV00000114,803397401,Michaud SARL,FR7526329676291603248413768,3086.12,EUR,2025-02-08,2025-02-11,PO302957,U000,CC221,6061,False,none
INV00000417,726149331,Guilbert Courtois et Fils SAS,FR4543127102676720957992707,1185.62,EUR,2024-09-13,2024-09-14,PO219505,U019,CC332,6063,False,none
INV00003069,547812914,Poulain EURL,FR3972239898306503121980418,2500.41,EUR,2024-04-29,2024-05-02,PO176702,U006,CC246,6132,False,none
INV00001625,413836702,Gonzalez EURL,FR3938497916202232883774419,415.32,EUR,2024-10-13,2024-10-13,PO864148,U022,CC229,6065,False,none
INV00005101,385478726,Rousseau SASU,FR4259570861993145843456631,6607.17,EUR,2025-09-16,2025-09-21,,U025,CC838,6061,True,shared_iban_ring
INV00004185,996846081,Bailly Dias SARL EURL,FR2337976627051157942387367,610.08,EUR,2024-03-12,2024-03-16,,U002,CC472,6228,False,none
INV00002896,493759738,Faivre S.A. SASU,FR8443985298940626078701041,971.14,EUR,2024-10-22,2024-10-28,PO125130,U014,CC312,6132,False,none
INV00004817,304637454,Boulanger SA SA,FR9197592304501896164236103,1747.62,EUR,2024-12-07,2024-12-10,PO660111,U000,CC174,6061,False,none
INV00002082,782911467,Georges S.A.S. SA,FR7432020417929111799313656,1178.0,EUR,2024-09-11,2024-09-17,PO354778,U000,CC255,6063,False,none
INV00000753,866618892,Payet SCI,FR0660880501716445561857906,2143.6,EUR,2025-08-08,2025-08-10,PO111395,U012,CC952,6181,False,none
INV00002546,584419866,Gay EURL,FR4351364424936312303477866,6064.51,EUR,2025-02-13,2025-02-17,PO648736,U012,CC705,6068,False,none
INV00003969,888067065,Munoz SASU,FR6850461735743842150317807,54.22,EUR,2024-11-22,2024-11-28,PO235581,U020,CC771,6228,False,none
INV00003373,103865719,Albert SA,FR9896094097052774025883586,35279.06,EUR,2024-07-18,2024-07-18,PO138607,U008,CC577,6061,False,none
INV00004107,666676008,Langlois S.A.R.L. SASU,FR7942585917793238223116491,8858.45,EUR,2025-04-02,2025-04-08,PO936625,U011,CC898,6063,False,none
INV00002444,805310033,Daniel SARL SARL,FR8988728743152742054932966,1979.74,EUR,2025-06-27,2025-07-03,PO552663,U005,CC251,6061,False,none
INV00004380,218515691,Collet SCI,FR5331467536127515627796304,1444.24,EUR,2024-10-19,2024-10-24,PO757823,U003,CC341,6068,False,none
INV00001066,816934060,Carre SASU,FR2865905151864492519254629,1336.06,EUR,2025-05-30,2025-06-02,PO529131,U005,CC750,6061,False,none
INV00003913,980500978,Guillet SARL,FR4837826398214658404499727,2516.73,EUR,2024-11-29,2024-12-06,PO308204,U020,CC381,6061,False,none
INV00003498,775901751,Lambert SA,FR9251405468356521568182096,6084.45,EUR,2024-10-13,2024-10-15,PO427785,U010,CC796,6063,False,none
INV00002738,661771159,Pascal EURL,FR1993466766506180919015814,49.43,EUR,2025-09-11,2025-09-17,PO392239,U020,CC810,6061,False,none
INV00004000,688444310,Pascal S.A.R.L. SAS,FR5152057563983652037583094,196.17,EUR,2024-02-24,2024-02-25,PO931713,U024,CC590,6132,False,none
INV00001568,980500978,Guillet SARL,FR4837826398214658404499727,2631.57,EUR,2025-06-06,2025-06-08,PO984557,U011,CC795,6135,False,none
INV00002427,383028439,Ollivier EURL,FR9092287772519966365807412,3163.47,EUR,2025-10-08,2025-10-12,PO526835,U001,CC248,6068,False,none
INV00003746,267736026,Verdier SAS,FR1827874296717565512567468,322.74,EUR,2024-04-19,2024-04-20,PO886270,U001,CC185,6135,False,none
INV00004783,995777387,Andre EURL,FR3179808932460953962185188,728.99,EUR,2025-04-15,2025-04-17,PO938649,U000,CC178,6181,False,none
INV00001687,663177971,Daniel Descamps et Fils SCI,FR3107139848228501168809255,923.81,EUR,2025-04-04,2025-04-08,PO437264,U011,CC777,6061,False,none
INV00000851,339845461,Pascal SAS,FR2652924075536668459090225,1005.15,EUR,2025-07-13,2025-07-14,PO953536,U018,CC879,6135,False,none
INV00003546,223253672,Imbert SA,FR2304120092820667849843624,486.29,EUR,2025-04-15,2025-04-22,PO112514,U029,CC325,6135,False,none
INV00000895,688444310,Pascal S.A.R.L. SAS,FR5152057563983652037583094,1283.36,EUR,2025-11-11,2025-11-16,PO227341,U023,CC698,6061,False,none
INV00004592,060715969,Huet SCI,FR8166322702672885744890612,3290.72,EUR,2024-03-07,2024-03-11,PO291860,U025,CC296,6065,False,none
INV00000335,442067883,Dias SARL,FR2617195535603319036890030,2076.82,EUR,2024-11-06,2024-11-06,PO609442,U025,CC120,6061,False,none
INV00002839,562328588,Meunier SA,FR8621752500743292712966667,359.22,EUR,2025-03-14,2025-03-18,PO112704,U018,CC888,6181,False,none
INV00003087,527047743,Aubry EURL,FR3775955872096289365435884,148.91,EUR,2024-05-09,2024-05-09,PO313502,U007,CC765,6065,False,none
INV00004611,909275326,Guillou Jacquet SARL SASU,FR2644630600025895529638639,2456.25,EUR,2024-12-08,2024-12-12,PO861170,U008,CC444,6132,False,none
INV00001348,104328986,Girard Gonzalez S.A. SARL,FR5850209945101622499982795,69.21,EUR,2024-12-13,2024-12-15,PO610326,U010,CC725,6061,False,none
INV00001015,995777387,Andre EURL,FR3179808932460953962185188,749.16,EUR,2024-04-28,2024-05-03,PO904092,U024,CC666,6063,False,none
INV00002816,146584044,Bonnet S.A. SAS,FR4336519941013721510702966,604.6,EUR,2024-04-11,2024-04-13,PO302488,U026,CC705,6132,False,none
INV00001631,363745458,Charrier Blondel et Fils EURL,FR7985725459606339912971024,1046.95,EUR,2024-12-18,2024-12-20,PO708388,U003,CC787,6068,False,none
INV00002489,199488375,Jacques S.A.R.L. SARL,FR9383625366677767555628333,4597.06,EUR,2025-10-22,2025-10-26,PO192213,U024,CC226,6063,False,none
INV00003730,452288515,Dupont Blot SARL SASU,FR9377567772266025626506229,1404.39,EUR,2024-04-05,2024-04-08,PO893909,U001,CC418,6065,False,none
INV00003251,646519398,Chevallier Briand SARL SA,FR8552899316087524377294209,478.61,EUR,2025-12-10,2025-12-11,PO768126,U013,CC327,6181,False,none
INV00004807,743953394,Leduc SA SCI,FR2245444328309652074466609,6009.47,EUR,2025-07-06,2025-07-06,PO806435,U000,CC469,6068,False,none
INV00002070,556472929,Moreno EURL,FR6614492074926999699648997,317.92,EUR,2025-01-31,2025-02-03,PO819349,U018,CC448,6065,False,none
INV00004452,182037788,Renaud SA SCI,FR5531096789940539103717058,1077.15,EUR,2024-12-13,2024-12-16,PO273227,U025,CC230,6065,False,none
INV00005033,473647102,Jacob S.A.R.L. SCI,FR8290552818325381793355486,2655.5,EUR,2024-06-05,2024-06-11,PO394032,U020,CC702,6228,True,duplicate_fuzzy
INV00001635,330307053,Tessier SAS,FR8232735241039773973278195,4383.71,EUR,2024-01-19,2024-01-20,PO440904,U013,CC487,6132,False,none
INV00004646,165726284,Gaudin Charpentier S.A. EURL,FR6595995342836440892687056,231.4,EUR,2025-05-31,2025-06-05,PO230904,U009,CC885,6065,False,none
INV00002479,887947055,Torres SASU,FR7873864631752071678112669,19981.38,EUR,2025-08-26,2025-09-02,PO634131,U012,CC967,6181,False,none
INV00002265,288095701,Costa SA,FR8632016328708317278895798,4588.54,EUR,2024-04-19,2024-04-24,PO265326,U004,CC706,6132,False,none
INV00002959,539621851,Leclercq Rémy SARL SASU,FR0977027278576084958803955,1862.24,EUR,2025-12-28,2026-01-01,PO791377,U009,CC520,6135,False,none
INV00004880,564139537,Parent S.A. SARL,FR0619399091699854353462475,3094.78,EUR,2024-08-29,2024-08-30,PO191302,U001,CC190,6132,False,none
INV00003059,159399824,Besnard EURL,FR4194620726629250817760299,435.55,EUR,2024-04-09,2024-04-15,PO456496,U001,CC452,6065,False,none
INV00002141,119079030,Lemaître S.A.S. SAS,FR8908215454470229604432701,1560.46,EUR,2024-12-06,2024-12-12,PO907738,U014,CC331,6063,False,none
INV00003118,384309883,Lagarde SARL,FR7382073651189394065578201,227.3,EUR,2024-12-02,2024-12-05,,U027,CC895,6068,False,none
INV00004873,731121965,Blondel SCI,FR6563128196482531106092098,797.98,EUR,2024-10-07,2024-10-10,,U010,CC610,6228,False,none
INV00004045,234138999,Pages Valette S.A.R.L. SA,FR3040412091179112442117536,1271.98,EUR,2025-12-06,2025-12-11,PO742836,U023,CC496,6181,False,none
INV00003356,051531952,Ramos Da Silva S.A.R.L. SCI,FR4181040915701840943533448,740.85,EUR,2025-05-11,2025-05-14,PO326106,U008,CC411,6132,False,none
INV00002744,159399824,Besnard EURL,FR4194620726629250817760299,2488.48,EUR,2025-03-19,2025-03-20,PO745014,U002,CC653,6132,False,none
INV00003506,207501102,Gillet SCI,FR2553970548739610290871827,686.45,EUR,2024-11-27,2024-12-04,PO862503,U018,CC523,6228,False,none
INV00001679,816934060,Carre SASU,FR2865905151864492519254629,839.95,EUR,2025-03-20,2025-03-23,PO944495,U003,CC549,6135,False,none
INV00004249,218501631,Vasseur SA SCI,FR3822068155839386613315520,33434.02,EUR,2024-11-21,2024-11-23,PO374253,U018,CC718,6061,False,none
INV00003147,932525002,Aubry Lelièvre S.A. SA,FR8627423183061789320649693,953.76,EUR,2024-11-03,2024-11-05,PO141311,U025,CC135,6065,False,none
INV00002294,109324808,Thibault EURL,FR0449375973832060385050641,647.39,EUR,2025-11-16,2025-11-22,PO914713,U003,CC100,6063,False,none
INV00000580,202970213,Bonnet SCI,FR5879290490471281442944401,1193.75,EUR,2024-08-18,2024-08-21,PO830100,U023,CC327,6181,False,none
INV00001470,304637454,Boulanger SA SA,FR9197592304501896164236103,2052.21,EUR,2025-04-19,2025-04-20,PO609867,U007,CC105,6181,False,none
INV00004070,892268018,Meunier Riou SARL SAS,FR3076329092791456083318195,10743.72,EUR,2024-11-02,2024-11-05,PO777995,U011,CC570,6063,False,none
INV00003343,229014767,Mendès SARL,FR4002770384309883920530214,256.53,EUR,2025-11-23,2025-11-25,PO828020,U006,CC476,6181,False,none
INV00004583,669096705,Roux SAS,FR0683584168784991216558523,2525.77,EUR,2025-07-31,2025-08-01,PO976575,U029,CC127,6065,False,none
INV00003672,478985625,Philippe et Fils SA,FR2858929880858382521293289,575.35,EUR,2024-10-28,2024-11-03,PO552048,U001,CC459,6135,False,none
INV00000559,051531952,Ramos Da Silva S.A.R.L. SCI,FR4181040915701840943533448,3553.84,EUR,2025-11-15,2025-11-22,PO171551,U002,CC661,6068,False,none
INV00002849,662462873,Moreau Royer S.A.S. SA,FR6513824967183258238687007,1287.0,EUR,2024-08-04,2024-08-09,PO219200,U021,CC416,6063,False,none
INV00000512,438057198,Jacob S.A. SCI,FR9751877941763425073305597,4131.93,EUR,2025-11-14,2025-11-15,PO681636,U003,CC245,6132,False,none
INV00004729,565574313,Bouvet SA SA,FR5259025176298334774332683,1345.87,EUR,2024-02-03,2024-02-06,PO557875,U005,CC583,6135,False,none
INV00001081,918255371,Masson Aubert SARL SARL,FR9626650237416787256862110,1996.37,EUR,2024-08-18,2024-08-20,PO560333,U025,CC731,6228,False,none
INV00001664,160648422,Brunet Dos Santos S.A.S. SASU,FR1956608470681039033970519,3984.24,EUR,2025-06-12,2025-06-12,PO136835,U017,CC279,6181,False,none
INV00001012,229014767,Mendès SARL,FR4002770384309883920530214,2816.03,EUR,2025-01-07,2025-01-10,PO958285,U001,CC415,6228,False,none
INV00001931,650609835,Colin SA,FR2730147195979647158904290,1652.95,EUR,2024-08-08,2024-08-11,PO741522,U013,CC126,6132,False,none
INV00001150,468862392,Perret Pires S.A. EURL,FR0992518812520566474231220,2375.5,EUR,2024-11-06,2024-11-10,PO561229,U021,CC401,6065,False,none
INV00002838,051238282,Gaillard S.A.S. SARL,FR8414870682778816093068538,291.75,EUR,2025-05-25,2025-05-25,PO914595,U027,CC384,6063,False,none
INV00000116,833016571,Joubert S.A. SCI,FR8676064413432756041776561,3812.28,EUR,2025-05-28,2025-05-31,,U006,CC806,6132,False,none
INV00000740,669346547,Neveu Costa S.A.S. SASU,FR8327490728012342893113253,5864.12,EUR,2024-06-03,2024-06-07,PO438746,U004,CC286,6181,False,none
INV00004955,496513709,Mahe S.A. SA,FR1234835642087375300119721,514.89,EUR,2024-08-07,2024-08-09,PO119363,U006,CC870,6065,False,none
INV00003675,545494808,Collet SAS,FR2135369378547772522872808,1983.62,EUR,2025-02-08,2025-02-13,PO462913,U013,CC439,6068,False,none
INV00000830,186449251,Thibault Morvan S.A. SA,FR1984577600490824043350488,112.38,EUR,2024-06-04,2024-06-09,PO220219,U005,CC928,6135,False,none
INV00000119,865890260,Royer et Fils SAS,FR3684148460191344389982780,338.04,EUR,2025-11-26,2025-12-03,PO935981,U001,CC761,6065,False,none
INV00004752,332061632,Perrot S.A.R.L. SAS,FR9390392355580996132730346,1716.97,EUR,2025-09-29,2025-10-01,PO983957,U012,CC854,6132,False,none
INV00004928,432225913,Ruiz Rémy SA SASU,FR8391090326714949819421794,638.49,EUR,2025-06-04,2025-06-04,PO745991,U021,CC871,6068,False,none
INV00005074,669849027,Martins S.A.R.L. SARL,FR9481187233351040961497315,9895.0,EUR,2024-06-15,2024-06-22,PO383542,U014,CC102,6132,True,under_threshold
INV00000635,676320163,Marchal SCI,FR8220297021355690927557192,2932.21,EUR,2024-02-28,2024-03-01,PO929714,U018,CC986,6061,False,none
INV00004465,901627204,Jean SASU,FR5443757584419866524041574,15246.7,EUR,2024-12-19,2024-12-19,PO650053,U025,CC172,6181,False,none
INV00004364,826137506,Dijoux SA EURL,FR6670388608680347644726490,647.75,EUR,2025-05-22,2025-05-26,,U004,CC741,6181,False,none
INV00004142,473121727,Besnard Muller S.A.R.L. SASU,FR8896271286391741011947072,281.02,EUR,2024-07-21,2024-07-22,PO769862,U001,CC143,6132,False,none
INV00000991,796114351,Peron SARL SAS,FR5864493699951679335055738,2966.35,EUR,2025-02-02,2025-02-05,PO247852,U003,CC311,6065,False,none
INV00000876,347955276,Ledoux SA,FR7929384401348087354378826,2034.8,EUR,2024-02-22,2024-02-27,PO510020,U018,CC527,6132,False,none
INV00000004,799650752,Le Roux Bailly SA SAS,FR6031739363854678544587717,471.42,EUR,2025-05-19,2025-05-19,PO440998,U027,CC587,6228,False,none
INV00003051,121003236,Klein Dumont S.A.S. EURL,FR6871114837537458438458810,363.69,EUR,2024-11-26,2024-11-26,PO710027,U020,CC449,6181,False,none
INV00003124,759579472,Allain Robin et Fils SARL,FR9137326530601198756178688,225.58,EUR,2025-03-09,2025-03-16,PO892375,U003,CC223,6132,False,none
INV00002660,522675289,Alexandre SA,FR7004735047639283199529800,14421.86,EUR,2025-04-11,2025-04-13,PO689144,U004,CC528,6135,False,none
INV00002491,988516560,Laroche S.A. SARL,FR6656770051844989266591846,225.59,EUR,2024-04-01,2024-04-01,PO549875,U007,CC414,6068,False,none
INV00003854,706324241,Charpentier S.A.R.L. EURL,FR5896136715778711216636515,763.6,EUR,2025-09-24,2025-09-30,PO448997,U013,CC106,6228,False,none
INV00004777,074329271,Goncalves SA SARL,FR8234654950050702608698221,691.02,EUR,2024-12-14,2024-12-17,PO934995,U024,CC765,6135,False,none
INV00001715,978403690,Couturier SCI,FR8833565880434165182755394,4269.13,EUR,2025-05-23,2025-05-27,PO725026,U003,CC842,6181,False,none
INV00001148,303054868,Faivre S.A.R.L. SA,FR3221717477332945625577017,1817.41,EUR,2025-03-05,2025-03-09,PO898304,U004,CC251,6132,False,none
INV00003261,825128682,Diallo SARL,FR2041085628843188485200894,10020.16,EUR,2024-05-12,2024-05-13,PO808553,U016,CC612,6181,False,none
INV00000574,207501102,Gillet SCI,FR2553970548739610290871827,843.39,EUR,2025-08-06,2025-08-06,PO713455,U014,CC491,6068,False,none
INV00003769,746807154,Briand EURL,FR2461889241418328569146303,375.45,EUR,2024-10-26,2024-10-31,PO821520,U004,CC116,6132,False,none
INV00003736,814141397,Philippe EURL,FR3406791766512215001418842,86.66,EUR,2025-07-15,2025-07-22,PO373441,U022,CC180,6068,False,none
INV00004146,762120216,Guillou Gérard S.A.R.L. SCI,FR6390814415298217392957867,1919.98,EUR,2024-11-28,2024-11-28,PO132680,U002,CC288,6132,False,none
INV00000853,944869594,Lebon Maury S.A.R.L. EURL,FR7144391649701693429291320,516.63,EUR,2025-10-06,2025-10-11,PO574409,U027,CC735,6068,False,none
INV00001982,717565512,Collet SCI,FR8703761379180552696582710,17380.9,EUR,2024-02-18,2024-02-24,PO959462,U002,CC586,6135,False,none
INV00002774,229959001,Fernandez Bouchet S.A.S. SASU,FR3939774063356939290600780,789.56,EUR,2024-10-29,2024-11-03,PO813970,U000,CC169,6228,False,none
INV00001166,115542622,Weber SARL,FR2664911110961798178904633,2129.1,EUR,2025-01-19,2025-01-26,PO363976,U024,CC516,6132,False,none
INV00000971,418328569,Lagarde SARL,FR4663213580040104145964229,1053.43,EUR,2025-01-16,2025-01-23,PO645611,U014,CC424,6132,False,none
INV00002701,239431290,Diaz SAS,FR7139527536749785249141686,415.34,EUR,2024-11-15,2024-11-21,PO586530,U022,CC607,6228,False,none
INV00004495,870831727,Becker SCI,FR2373947312172715518844225,907.1,EUR,2025-10-05,2025-10-08,,U010,CC240,6068,False,none
INV00003847,901627204,Jean SASU,FR5443757584419866524041574,22.86,EUR,2025-05-06,2025-05-13,PO304012,U013,CC416,6132,False,none
INV00002368,146584044,Bonnet S.A. SAS,FR4336519941013721510702966,813.69,EUR,2024-02-05,2024-02-08,PO458318,U024,CC544,6063,False,none
INV00004115,980893246,Leclercq EURL,FR9610713966055830344144885,339.22,EUR,2025-11-03,2025-11-07,PO556633,U024,CC778,6135,False,none
INV00004780,231491357,Jacquet SA,FR0433399948532089532638902,2561.67,EUR,2024-08-29,2024-08-29,PO707442,U023,CC295,6132,False,none
INV00004131,910651801,Petitjean Klein et Fils SAS,FR2587125521376037548214565,1081.97,EUR,2024-11-04,2024-11-08,PO564039,U002,CC707,6068,False,none
INV00002950,765277584,Le Gall Lebon SA EURL,FR0519657013290227846997335,178.14,EUR,2025-07-20,2025-07-26,PO448667,U018,CC967,6063,False,none
INV00000524,121277561,Gonzalez SASU,FR0687339785598217661912841,5605.09,EUR,2025-12-18,2025-12-18,PO312861,U014,CC983,6068,False,none
INV00002455,330307053,Tessier SAS,FR8232735241039773973278195,1439.99,EUR,2024-04-15,2024-04-18,PO186488,U029,CC198,6063,False,none
INV00001841,259526949,Carre Picard S.A.S. SASU,FR3113875927125663836151718,1763.47,EUR,2025-10-09,2025-10-09,PO290476,U022,CC550,6063,False,none
INV00000537,210470952,Cousin Pereira S.A.R.L. SCI,FR2248251353465549471709991,338.79,EUR,2024-02-13,2024-02-20,PO685573,U000,CC483,6065,False,none
INV00002806,933472122,Hamon SASU,FR8116517680866281372143308,4648.91,EUR,2025-03-30,2025-04-02,PO300183,U025,CC620,6135,False,none
INV00004341,865890260,Royer et Fils SAS,FR3684148460191344389982780,3484.9,EUR,2025-07-28,2025-08-03,PO229002,U013,CC671,6068,False,none
INV00003175,104328986,Girard Gonzalez S.A. SARL,FR5850209945101622499982795,5957.22,EUR,2024-10-19,2024-10-19,PO845099,U029,CC397,6063,False,none
INV00000784,060715969,Huet SCI,FR8166322702672885744890612,1084.27,EUR,2025-03-05,2025-03-07,,U012,CC183,6132,False,none
INV00004057,059304078,Texier SAS,FR2176392836929445511668297,2513.02,EUR,2024-07-15,2024-07-18,,U004,CC524,6135,False,none
INV00001409,535218188,Ruiz SA,FR9334722820055778487282997,308.82,EUR,2024-03-28,2024-03-31,PO575354,U009,CC266,6065,False,none
INV00002537,014388899,Menard SARL SARL,FR1284872975859883103032432,2034.21,EUR,2025-12-25,2025-12-28,PO857764,U001,CC321,6063,False,none
INV00000154,977236929,Moreau EURL,FR7191767993593744039464083,705.6,EUR,2024-11-09,2024-11-14,PO395917,U027,CC131,6068,False,none
INV00003009,484086211,Aubert SASU,FR3292840445669078263337389,155.15,EUR,2024-02-05,2024-02-07,PO108082,U015,CC517,6065,False,none
INV00001686,330307053,Tessier SAS,FR8232735241039773973278195,197.97,EUR,2024-11-10,2024-11-16,PO228914,U007,CC522,6065,False,none
INV00002901,779082723,Perret SA,FR6634392529596111102867120,2243.17,EUR,2025-04-01,2025-04-02,PO900281,U009,CC957,6132,False,none
INV00005100,286974762,Hubert S.A.S. SAS,FR4259570861993145843456631,32364.58,EUR,2024-02-13,2024-02-16,PO859749,U002,CC387,6181,True,shared_iban_ring
INV00004721,932525002,Aubry Lelièvre S.A. SA,FR8627423183061789320649693,726.31,EUR,2025-04-23,2025-04-25,PO444504,U022,CC806,6068,False,none
INV00003863,974801624,François EURL,FR9661064628792326487049478,458.84,EUR,2024-10-21,2024-10-23,PO678009,U020,CC298,6068,False,none
INV00002733,495621372,Martins SA,FR1814244260781975437347642,13258.42,EUR,2024-11-20,2024-11-26,,U015,CC940,6228,False,none
INV00001895,711116152,Michaud SAS,FR7694278816580392827229927,1659.19,EUR,2024-11-29,2024-11-29,PO340322,U010,CC181,6061,False,none
INV00000569,474517123,Moreau Labbé SA SAS,FR7233542168942104478985625,776.66,EUR,2024-06-17,2024-06-18,PO282055,U000,CC511,6135,False,none
INV00001816,814770054,Lombard Petitjean SA SA,FR4488147435031365024916300,11649.87,EUR,2025-04-02,2025-04-02,PO285938,U014,CC492,6063,False,none
INV00002065,442067883,Dias SARL,FR2617195535603319036890030,124.53,EUR,2025-11-10,2025-11-10,PO798799,U024,CC949,6063,False,none
INV00000127,475412126,Alves S.A.R.L. SARL,FR6327768962706614982824674,956.81,EUR,2025-05-13,2025-05-13,PO624344,U004,CC294,6135,False,none
INV00003394,121277561,Gonzalez SASU,FR0687339785598217661912841,1553.01,EUR,2025-03-29,2025-04-03,PO752862,U025,CC734,6061,False,none
INV00003327,229612018,Lacombe et Fils SARL,FR0309818063565126944869594,1813.09,EUR,2025-05-08,2025-05-11,PO207507,U023,CC639,6181,False,none
INV00005137,576615654,Baron EURL,FR2352577754781291428341108,37903.41,EUR,2025-05-04,2025-05-08,PO570046,U020,CC306,6132,True,amount_outlier
INV00002975,737530011,Martineau Paris SA SASU,FR5433337320430977688936289,913.73,EUR,2024-04-10,2024-04-13,PO385326,U023,CC699,6061,False,none
INV00000980,058651850,Bernard Boulay SA SASU,FR7178686337524310690331190,6695.67,EUR,2025-10-11,2025-10-11,PO176561,U004,CC627,6181,False,none
INV00002300,144914766,Pascal SASU,FR2671296180332426050801849,587.55,EUR,2024-04-28,2024-04-29,PO589778,U019,CC555,6181,False,none
INV00000190,317127484,Bonnin SARL,FR6871918261990623445655743,728.15,EUR,2024-05-09,2024-05-15,PO774588,U003,CC552,6132,False,none
INV00001139,375899757,Blanchard SARL,FR2718749603358268627036924,1413.06,EUR,2024-12-28,2025-01-02,PO267003,U007,CC573,6063,False,none
INV00000699,911914856,Delattre SASU,FR1875409150863218122764579,1911.39,EUR,2025-05-05,2025-05-11,PO149866,U005,CC141,6061,False,none
INV00004929,274205493,Gomes Gallet S.A.R.L. SA,FR5328703203207427617075877,315.19,EUR,2025-07-07,2025-07-14,PO772850,U010,CC145,6065,False,none
INV00000606,202970213,Bonnet SCI,FR5879290490471281442944401,3000.24,EUR,2024-05-06,2024-05-13,PO205706,U000,CC162,6132,False,none
INV00004276,210470952,Cousin Pereira S.A.R.L. SCI,FR2248251353465549471709991,11756.24,EUR,2025-02-17,2025-02-21,,U000,CC839,6181,False,none
INV00000301,074466609,Germain SAS,FR0483398741132579706734996,2758.78,EUR,2024-05-28,2024-05-30,,U006,CC446,6068,False,none
INV00003420,809402445,Ollivier Bonneau S.A.S. SCI,FR6188117298068650863765991,2008.99,EUR,2025-12-02,2025-12-03,PO466632,U002,CC402,6135,False,none
INV00004969,257905072,Gonzalez Bernard S.A. SAS,FR1739087884434481230834024,97.21,EUR,2024-04-09,2024-04-09,PO170316,U004,CC817,6181,False,none
INV00001060,093204899,Berger Dos Santos SA EURL,FR6524968549822749545089203,1095.74,EUR,2024-06-20,2024-06-21,,U000,CC727,6065,False,none
INV00002565,347955276,Ledoux SA,FR7929384401348087354378826,425.9,EUR,2024-01-12,2024-01-12,PO892966,U029,CC432,6132,False,none
INV00005146,662462873,Moreau Royer S.A.S. SA,FR6513824967183258238687007,68345.35,EUR,2025-04-14,2025-04-19,PO453854,U021,CC403,6061,True,amount_outlier
INV00001069,215064890,Dubois SASU,FR5318481973741897215406417,849.66,EUR,2025-10-02,2025-10-04,PO328092,U020,CC483,6228,False,none
INV00002524,526965827,Lebreton S.A. SA,FR0284964985601256253135525,1340.64,EUR,2024-07-11,2024-07-11,PO339739,U001,CC250,6063,False,none
INV00002205,099861622,Marie EURL,FR6426861205943897607401775,3626.55,EUR,2024-05-24,2024-05-28,PO930165,U028,CC412,6063,False,none
INV00001243,079911838,Diallo SARL,FR4339533942104709521456232,2969.54,EUR,2025-04-13,2025-04-19,PO604293,U026,CC264,6068,False,none
INV00000016,020539502,Diallo Pages S.A. SARL,FR2272122816064842294057202,1344.05,EUR,2024-07-12,2024-07-15,PO426711,U025,CC918,6228,False,none
INV00003120,317127484,Bonnin SARL,FR6871918261990623445655743,279.58,EUR,2024-02-26,2024-02-29,PO173014,U020,CC479,6061,False,none
INV00004642,462265676,Rodrigues SARL,FR2408115562606029084668455,189.82,EUR,2024-01-22,2024-01-29,PO640723,U022,CC900,6228,False,none
INV00004754,727875588,Gérard SASU,FR9599934768701462638380657,2253.08,EUR,2024-08-09,2024-08-10,PO454955,U011,CC591,6135,False,none
INV00000815,121277561,Gonzalez SASU,FR0687339785598217661912841,98.01,EUR,2025-01-31,2025-02-01,PO724840,U003,CC209,6065,False,none
INV00003067,816934060,Carre SASU,FR2865905151864492519254629,7890.06,EUR,2025-02-13,2025-02-14,PO259616,U019,CC419,6068,False,none
INV00004933,199488375,Jacques S.A.R.L. SARL,FR9383625366677767555628333,4658.28,EUR,2024-07-03,2024-07-04,PO381222,U011,CC592,6135,False,none
INV00000959,737826398,Regnier SARL EURL,FR2937474112490352135680442,3608.04,EUR,2024-05-20,2024-05-24,PO389558,U008,CC989,6228,False,none
INV00000225,588153714,Simon S.A. SAS,FR7785695579887749242437540,863.97,EUR,2025-08-19,2025-08-21,PO303586,U020,CC467,6132,False,none
INV00003354,104332181,Laurent et Fils SCI,FR1533218196001338908386379,1229.89,EUR,2025-03-07,2025-03-12,PO842510,U015,CC570,6135,False,none
INV00002485,268117758,Gonzalez Dijoux SA SARL,FR7582688615335554398780157,386.97,EUR,2025-01-18,2025-01-23,PO951123,U006,CC414,6061,False,none
INV00000562,218515691,Collet SCI,FR5331467536127515627796304,1312.36,EUR,2024-06-20,2024-06-22,PO286583,U006,CC831,6061,False,none
INV00003436,468862392,Perret Pires S.A. EURL,FR0992518812520566474231220,206.05,EUR,2025-01-26,2025-01-31,PO871140,U013,CC585,6068,False,none
INV00001693,785969691,Gay S.A.R.L. SCI,FR4547163928234143637189239,607.76,EUR,2024-02-18,2024-02-25,PO361111,U016,CC298,6181,False,none
INV00001045,337543303,Garnier EURL,FR0859696641605297516136968,290.55,EUR,2024-12-15,2024-12-17,PO326955,U008,CC282,6132,False,none
INV00003446,294019655,Garnier SA,FR9019986798079359782071518,3434.01,EUR,2024-06-28,2024-07-03,PO843565,U010,CC714,6065,False,none
INV00004565,231665876,Leroux Millet S.A.S. EURL,FR2753278774701687339500479,328.32,EUR,2024-11-17,2024-11-24,PO615670,U017,CC809,6061,False,none
INV00000954,517016608,Ledoux Techer SA EURL,FR7981079649673794577278532,691.73,EUR,2024-01-28,2024-01-31,PO410194,U010,CC684,6181,False,none
INV00005136,578759856,Garnier S.A. SCI,FR2889868180978875439435353,48568.94,EUR,2024-07-02,2024-07-09,PO835381,U018,CC362,6061,True,amount_outlier
INV00002735,341036971,Georges SA,FR1814586833901981794695489,1171.42,EUR,2024-11-07,2024-11-11,PO389712,U000,CC879,6068,False,none
INV00005054,669849027,Martins S.A.R.L. SARL,FR9481187233351040961497315,49896.69,EUR,2024-06-15,2024-06-22,PO383542,U014,CC102,6132,True,under_threshold
INV00004735,160648422,Brunet Dos Santos S.A.S. SASU,FR1956608470681039033970519,10323.95,EUR,2025-05-19,2025-05-25,PO856699,U021,CC433,6063,False,none
INV00004972,051531952,Ramos Da Silva S.A.R.L. SCI,FR4181040915701840943533448,4234.25,EUR,2025-08-24,2025-08-31,PO381277,U018,CC191,6068,False,none
INV00001218,518023806,Vincent S.A.R.L. SASU,FR0506500425488214236914307,380.95,EUR,2024-02-05,2024-02-10,,U015,CC135,6065,False,none
INV00001527,359782071,Allard SASU,FR4570862095935186387829456,1729.06,EUR,2025-03-27,2025-04-03,PO276083,U007,CC117,6068,False,none
INV00003987,146303161,Barbe S.A.S. SCI,FR2997745731441583311703037,489.81,EUR,2025-03-20,2025-03-24,,U025,CC771,6068,False,none
INV00001300,909275326,Guillou Jacquet SARL SASU,FR2644630600025895529638639,55.39,EUR,2025-07-28,2025-08-04,PO262794,U019,CC445,6228,False,none
INV00005042,669849027,Martins S.A.R.L. SARL,FR9481187233351040961497315,4970.52,EUR,2024-06-15,2024-06-22,PO383542,U014,CC102,6132,True,under_threshold
INV00000160,383028439,Ollivier EURL,FR9092287772519966365807412,186.57,EUR,2024-06-04,2024-06-11,PO336706,U005,CC534,6061,False,none
INV00004067,053021465,Philippe Payet SARL SAS,FR8407392013546212760250826,2046.52,EUR,2025-04-16,2025-04-17,PO887443,U020,CC844,6061,False,none
INV00000956,663193149,Ramos SCI,FR4364039106518017046226567,533.6,EUR,2024-05-05,2024-05-09,PO565367,U014,CC117,6228,False,none
INV00003791,267658617,Brun S.A. EURL,FR3210672872866041644859592,1904.66,EUR,2024-10-04,2024-10-06,PO770821,U008,CC302,6228,False,none
INV00003234,952111790,Pages SAS,FR0979050404333353849516321,528.47,EUR,2025-12-25,2025-12-27,PO920258,U010,CC928,6063,False,none
INV00002869,737826398,Regnier SARL EURL,FR2937474112490352135680442,1299.04,EUR,2024-10-21,2024-10-22,PO924549,U021,CC717,6061,False,none
INV00003777,477752047,Mallet SASU,FR7165193982807374167243426,4293.33,EUR,2025-02-04,2025-02-09,PO784653,U014,CC983,6181,False,none
INV00004433,699013983,Robert Pierre et Fils SA,FR1614987283999219212493843,158.99,EUR,2025-05-25,2025-06-01,PO923021,U001,CC186,6132,False,none
INV00002961,254629148,Rey Boucher SARL SCI,FR8996931572791940961055661,382.63,EUR,2025-09-01,2025-09-08,PO347845,U019,CC723,6063,False,none
INV00002200,944064090,Jourdan Jean et Fils SA,FR3946800722903494466574374,3956.96,EUR,2025-03-20,2025-03-27,PO287953,U011,CC458,6063,False,none
INV00000098,444713247,Adam SA,FR5709178513854457702992959,1028.37,EUR,2024-09-24,2024-10-01,PO189450,U016,CC824,6181,False,none
INV00002557,363745458,Charrier Blondel et Fils EURL,FR7985725459606339912971024,1654.67,EUR,2024-02-14,2024-02-17,,U005,CC206,6181,False,none
INV00003183,808412411,De Sousa SCI,FR4086926179640537735158506,2247.72,EUR,2024-01-18,2024-01-24,PO137883,U015,CC381,6065,False,none
INV00000253,146584044,Bonnet S.A. SAS,FR4336519941013721510702966,3757.91,EUR,2025-01-02,2025-01-04,PO826515,U028,CC782,6065,False,none
INV00003923,115542622,Weber SARL,FR2664911110961798178904633,8781.57,EUR,2024-04-20,2024-04-27,PO446704,U009,CC385,6135,False,none
INV00004199,186999386,Duval SAS,FR1461125457387571775140105,1293.65,EUR,2025-06-05,2025-06-09,PO528238,U011,CC574,6181,False,none
INV00001445,379660334,Marty et Fils SASU,FR9565016731882617024376545,768.9,EUR,2025-07-13,2025-07-15,PO489307,U023,CC664,6065,False,none
INV00001648,466574374,Schmitt SCI,FR0894841312840333997718051,480.64,EUR,2025-06-11,2025-06-15,PO385151,U018,CC304,6181,False,none
INV00004682,688937346,Seguin Buisson S.A. EURL,FR8795269495888794705516940,938.04,EUR,2024-07-08,2024-07-14,PO411113,U010,CC527,6068,False,none
INV00004723,313237058,Clément SASU,FR6173203093761847870050506,395.28,EUR,2025-05-14,2025-05-19,PO517162,U002,CC548,6065,False,none
INV00003991,872050614,Chauvin SASU,FR7044090797727810509222161,135.55,EUR,2025-11-30,2025-12-02,PO548286,U017,CC525,6063,False,none
INV00001696,584419866,Gay EURL,FR4351364424936312303477866,1007.91,EUR,2025-04-12,2025-04-18,PO236850,U011,CC839,6181,False,none
INV00003191,474687234,Vincent EURL,FR3185977034824771093248086,4050.13,EUR,2024-04-03,2024-04-09,PO616892,U025,CC313,6135,False,none
INV00004499,853615305,Breton EURL,FR4102793714521117518689268,3801.65,EUR,2025-11-09,2025-11-12,PO894372,U028,CC359,6065,False,none
INV00001154,646519398,Chevallier Briand SARL SA,FR8552899316087524377294209,152.22,EUR,2024-04-21,2024-04-28,PO650750,U015,CC279,6228,False,none
INV00002255,671902294,Alves et Fils SARL,FR0589113529096561014388899,2943.32,EUR,2025-03-16,2025-03-18,PO284704,U012,CC795,6135,False,none
INV00001682,526965827,Lebreton S.A. SA,FR0284964985601256253135525,464.84,EUR,2024-05-06,2024-05-10,PO905292,U002,CC254,6065,False,none
INV00003170,544948126,Lacroix Hubert SA SAS,FR3221260650191792025213109,821.46,EUR,2024-12-24,2024-12-30,,U012,CC936,6135,False,none
INV00002056,895798687,Bigot SASU,FR0482911467866912517785289,100747.08,EUR,2025-12-25,2026-01-01,PO506742,U003,CC715,6061,False,none
INV00004090,526965827,Lebreton S.A. SA,FR0284964985601256253135525,2524.96,EUR,2025-12-29,2026-01-05,PO327645,U008,CC232,6065,False,none
INV00003108,688937346,Seguin Buisson S.A. EURL,FR8795269495888794705516940,84.27,EUR,2024-07-27,2024-07-31,,U029,CC722,6061,False,none
INV00004548,165726284,Gaudin Charpentier S.A. EURL,FR6595995342836440892687056,1760.87,EUR,2025-11-06,2025-11-07,PO701631,U007,CC729,6228,False,none
INV00003723,863794026,Leconte Da Costa et Fils SCI,FR7019283276483503056413953,346.28,EUR,2025-07-31,2025-08-01,PO902390,U027,CC327,6228,False,none
INV00002049,779082723,Perret SA,FR6634392529596111102867120,2735.26,EUR,2024-08-30,2024-09-03,PO627832,U006,CC660,6132,False,none
INV00003643,539621851,Leclercq Rémy SARL SASU,FR0977027278576084958803955,615.42,EUR,2025-08-15,2025-08-16,PO231610,U007,CC941,6065,False,none
INV00005078,669849027,Martins S.A.R.L. SARL,FR9481187233351040961497315,4972.7,EUR,2024-06-15,2024-06-22,PO383542,U014,CC102,6132,True,under_threshold
INV00000623,999347687,Poirier SARL,FR4172322903102879508304405,254.77,EUR,2025-09-27,2025-10-03,PO334410,U008,CC218,6132,False,none
INV00000262,100225579,Menard Brunel S.A. SARL,FR8520715116966672521452647,3098.75,EUR,2024-08-26,2024-08-26,,U027,CC556,6063,False,none
INV00003369,972965902,Voisin et Fils EURL,FR9691815899886834527346666,4637.84,EUR,2024-10-15,2024-10-15,PO148770,U018,CC971,6132,False,none
INV00004061,025634216,Masson EURL,FR1097840369003432445107622,283.3,EUR,2025-01-11,2025-01-15,PO370317,U008,CC490,6063,False,none
INV00001802,167014508,Pires EURL,FR6708031499825080046358068,123.99,EUR,2024-07-06,2024-07-09,PO700408,U029,CC205,6135,False,none
INV00004736,731781080,Lamy Noël S.A.S. SA,FR8424210249947174648877190,3378.21,EUR,2024-09-27,2024-10-01,PO363387,U028,CC320,6181,False,none
INV00005144,908740640,Andre SARL EURL,FR8719318374550842891077119,55508.05,EUR,2024-09-13,2024-09-16,PO902719,U011,CC144,6061,True,amount_outlier
INV00002385,782911467,Georges S.A.S. SA,FR7432020417929111799313656,8349.04,EUR,2024-07-07,2024-07-12,PO221309,U003,CC488,6132,False,none
INV00001959,643815614,Baron EURL,FR2693769042681818451848947,222.9,EUR,2025-07-06,2025-07-08,,U025,CC418,6135,False,none
INV00002976,421689421,Adam Leblanc S.A.R.L. SA,FR8087158415608213711842547,1124.6,EUR,2025-04-01,2025-04-04,PO385104,U006,CC587,6181,False,none
INV00000488,961586578,Rousseau S.A.R.L. SA,FR3662676586179327104054115,1305.54,EUR,2025-03-04,2025-03-08,PO575976,U000,CC537,6061,False,none
INV00001843,669849027,Martins S.A.R.L. SARL,FR9481187233351040961497315,1210.42,EUR,2024-06-17,2024-06-19,PO130688,U010,CC286,6065,False,none
INV00001734,688444310,Pascal S.A.R.L. SAS,FR5152057563983652037583094,567.58,EUR,2025-04-06,2025-04-06,PO691881,U018,CC824,6063,False,none
INV00002911,691251778,Allain S.A. EURL,FR2311426258273902196207100,623.37,EUR,2025-12-08,2025-12-08,,U027,CC563,6063,False,none
INV00003219,725217525,Gay et Fils SASU,FR6831670450232902822700934,1899.02,EUR,2025-07-10,2025-07-16,,U008,CC638,6063,False,none
INV00000146,233095849,Jacob Humbert S.A.S. SASU,FR3488788361968931350305872,1649.16,EUR,2024-10-14,2024-10-17,PO802131,U002,CC857,6228,False,none
INV00001986,432445107,Meyer SAS,FR2011179080759579472846392,534.52,EUR,2024-04-24,2024-04-27,PO112389,U001,CC978,6063,False,none
INV00001369,896118367,Imbert EURL,FR9114141397552314913577594,379.82,EUR,2024-06-13,2024-06-14,PO168114,U004,CC685,6068,False,none
INV00002811,115542622,Weber SARL,FR2664911110961798178904633,1050.88,EUR,2025-01-03,2025-01-08,PO114896,U027,CC388,6068,False,none
INV00000659,799702462,Weber S.A.S. EURL,FR5915466024161394498830597,214.78,EUR,2024-05-14,2024-05-19,PO779237,U026,CC623,6065,False,none
INV00001794,890250392,Pinto SA SA,FR2776563600412577711837274,313.09,EUR,2025-09-06,2025-09-08,PO702504,U029,CC546,6228,False,none
INV00002511,308488725,Brun Rousseau S.A.R.L. SASU,FR1123959473721329016204787,1459.88,EUR,2024-05-25,2024-05-31,PO211193,U028,CC107,6065,False,none
INV00003397,210469632,Renard Gomez SA SAS,FR6859274523805525782841067,1043.19,EUR,2025-12-16,2025-12-23,PO750991,U005,CC320,6068,False,none
INV00004282,978403690,Couturier SCI,FR8833565880434165182755394,4621.99,EUR,2024-05-08,2024-05-08,PO894721,U018,CC390,6063,False,none
INV00001147,725217525,Gay et Fils SASU,FR6831670450232902822700934,1236.2,EUR,2024-09-20,2024-09-23,PO459077,U009,CC805,6228,False,none
INV00003272,339845461,Pascal SAS,FR2652924075536668459090225,302.13,EUR,2024-09-28,2024-10-01,PO338040,U022,CC963,6063,False,none
INV00000608,646519398,Chevallier Briand SARL SA,FR8552899316087524377294209,1560.4,EUR,2024-01-15,2024-01-19,PO596219,U024,CC445,6181,False,none
INV00003582,288095701,Costa SA,FR8632016328708317278895798,918.13,EUR,2024-01-11,2024-01-13,PO361207,U028,CC176,6228,False,none
INV00001930,146584044,Bonnet S.A. SAS,FR4336519941013721510702966,979.24,EUR,2024-03-26,2024-04-01,PO396788,U026,CC724,6181,False,none
INV00000197,109324808,Thibault EURL,FR0449375973832060385050641,508.0,EUR,2024-06-11,2024-06-11,PO792829,U006,CC406,6181,False,none
INV00002931,274205493,Gomes Gallet S.A.R.L. SA,FR5328703203207427617075877,645.5,EUR,2024-09-21,2024-09-25,PO897951,U014,CC959,6061,False,none
INV00002327,267736026,Verdier SAS,FR1827874296717565512567468,819.21,EUR,2024-08-25,2024-08-28,PO409986,U009,CC358,6065,False,none
INV00004389,685160481,Pruvost S.A.S. SCI,FR0715064890901001676184723,1217.81,EUR,2024-07-01,2024-07-06,PO628272,U026,CC298,6061,False,none
INV00000766,186999386,Duval SAS,FR1461125457387571775140105,868.04,EUR,2025-05-22,2025-05-23,PO342818,U028,CC320,6065,False,none
INV00004496,774348734,Perrot Paul SARL SCI,FR4914384249818299229959001,206.89,EUR,2025-06-10,2025-06-12,PO347277,U009,CC287,6132,False,none
INV00004218,466574374,Schmitt SCI,FR0894841312840333997718051,214.17,EUR,2024-02-17,2024-02-24,PO156295,U022,CC928,6065,False,none
INV00003255,229612018,Lacombe et Fils SARL,FR0309818063565126944869594,1261.65,EUR,2025-12-10,2025-12-11,PO596908,U029,CC109,6228,False,none
INV00000202,348434437,Gilles SARL SAS,FR3446853664987820829737489,7123.42,EUR,2025-05-24,2025-05-31,PO662625,U004,CC858,6068,False,none
INV00003510,000257872,David et Fils SASU,FR4990714014011939325012495,2338.23,EUR,2024-01-21,2024-01-26,PO801904,U013,CC342,6228,False,none
INV00004931,800439735,Breton Durand SA SA,FR5358752568065625904599080,1088.62,EUR,2024-05-23,2024-05-30,PO835107,U027,CC533,6061,False,none
INV00001733,481491778,Da Silva S.A.S. EURL,FR1131814396661347323549401,17709.77,EUR,2025-01-02,2025-01-03,,U021,CC479,6228,False,none
INV00002777,210470952,Cousin Pereira S.A.R.L. SCI,FR2248251353465549471709991,3778.16,EUR,2025-04-16,2025-04-19,PO422532,U014,CC680,6132,False,none
INV00001707,726149331,Guilbert Courtois et Fils SAS,FR4543127102676720957992707,423.29,EUR,2024-12-04,2024-12-06,PO194432,U003,CC828,6228,False,none
INV00003474,944064090,Jourdan Jean et Fils SA,FR3946800722903494466574374,546.43,EUR,2025-07-09,2025-07-13,PO286481,U016,CC877,6068,False,none
INV00000854,701204556,Andre Normand SARL SA,FR2049409762637484539862895,715.13,EUR,2024-09-20,2024-09-26,PO422066,U027,CC691,6063,False,none
INV00004737,432445107,Meyer SAS,FR2011179080759579472846392,1126.94,EUR,2024-05-31,2024-06-04,PO963724,U005,CC866,6181,False,none
INV00004097,165726284,Gaudin Charpentier S.A. EURL,FR6595995342836440892687056,132.18,EUR,2025-10-04,2025-10-09,PO674016,U020,CC112,6132,False,none
INV00002160,359782071,Allard SASU,FR4570862095935186387829456,388.23,EUR,2024-11-17,2024-11-20,PO336455,U004,CC332,6181,False,none
INV00000698,728080100,Olivier Rossi S.A.R.L. SASU,FR3655963099384253042897317,4312.25,EUR,2024-04-30,2024-04-30,PO382324,U011,CC387,6135,False,none
INV00005098,263880324,Hamon SCI,FR7310424624561851744600452,6120.7,EUR,2025-09-11,2025-09-16,PO686316,U010,CC884,6065,True,shell_company
INV00002999,527177449,De Oliveira SCI,FR1475705120461872346013673,3208.02,EUR,2025-10-06,2025-10-13,PO168162,U029,CC824,6228,False,none
INV00003696,884252410,Lemaire SA,FR3515632686850745106634362,500.33,EUR,2025-01-15,2025-01-19,PO262836,U000,CC248,6065,False,none
INV00001636,462265676,Rodrigues SARL,FR2408115562606029084668455,261.0,EUR,2025-03-04,2025-03-06,PO470334,U006,CC990,6068,False,none
INV00003457,974801624,François EURL,FR9661064628792326487049478,765.29,EUR,2024-07-27,2024-08-02,PO695303,U020,CC632,6132,False,none
INV00003581,728080100,Olivier Rossi S.A.R.L. SASU,FR3655963099384253042897317,4998.44,EUR,2024-04-17,2024-04-23,PO768510,U014,CC657,6181,False,none
INV00001291,043581128,Lemonnier Chrétien S.A. EURL,FR4008172143643813000413211,6615.82,EUR,2024-05-15,2024-05-20,PO426312,U011,CC281,6181,False,none
INV00004659,666676008,Langlois S.A.R.L. SASU,FR7942585917793238223116491,1006.51,EUR,2025-08-17,2025-08-17,PO911026,U024,CC325,6065,False,none
INV00001853,363495788,Da Costa SA,FR8561567933410166687002176,830.99,EUR,2024-01-11,2024-01-14,PO129442,U025,CC791,6063,False,none
INV00003763,727875588,Gérard SASU,FR9599934768701462638380657,423.08,EUR,2025-11-01,2025-11-07,PO370677,U009,CC800,6132,False,none
INV00003304,225358414,Leconte Bertrand SA SA,FR1454364597010822078113799,4264.84,EUR,2025-01-05,2025-01-12,PO391048,U029,CC846,6061,False,none
INV00005063,669849027,Martins S.A.R.L. SARL,FR9481187233351040961497315,996.07,EUR,2024-06-15,2024-06-22,PO383542,U014,CC102,6132,True,under_threshold
INV00003743,376137918,Leduc SARL,FR9415847768634234619942376,2206.26,EUR,2025-05-12,2025-05-15,PO238747,U015,CC812,6063,False,none
INV00003445,933472122,Hamon SASU,FR8116517680866281372143308,5352.56,EUR,2024-01-17,2024-01-24,PO183203,U007,CC465,6068,False,none
INV00001998,121003236,Klein Dumont S.A.S. EURL,FR6871114837537458438458810,451.56,EUR,2025-07-05,2025-07-11,PO264748,U028,CC680,6068,False,none
INV00000663,532787747,Faivre SASU,FR2129751702814069375150939,295.49,EUR,2025-01-04,2025-01-07,PO210103,U025,CC226,6065,False,none
INV00004779,641605297,Bouchet SA SCI,FR7593998245587716947225699,910.0,EUR,2024-11-17,2024-11-17,PO666474,U007,CC812,6068,False,none
INV00003748,788191485,Royer S.A. SASU,FR9390018513279724572308481,1039.89,EUR,2025-05-17,2025-05-18,PO191981,U027,CC336,6061,False,none
INV00004413,232719374,Jacob SASU,FR1774549904530174268414593,127.62,EUR,2025-01-31,2025-02-06,PO376348,U007,CC561,6228,False,none
INV00004744,814770054,Lombard Petitjean SA SA,FR4488147435031365024916300,257.11,EUR,2025-04-10,2025-04-11,PO679589,U021,CC416,6228,False,none
INV00000709,731781080,Lamy Noël S.A.S. SA,FR8424210249947174648877190,5317.56,EUR,2025-12-09,2025-12-09,PO827505,U006,CC858,6181,False,none
INV00001282,142939685,Labbé SARL EURL,FR9575230837081647090063353,713.12,EUR,2025-03-16,2025-03-18,,U014,CC672,6061,False,none
INV00002675,965756924,Gilbert SA,FR7316493289802714872717833,4686.71,EUR,2024-12-03,2024-12-04,PO521644,U004,CC641,6065,False,none
INV00004029,944869594,Lebon Maury S.A.R.L. EURL,FR7144391649701693429291320,1576.08,EUR,2025-01-07,2025-01-07,PO493270,U002,CC191,6065,False,none
INV00001306,554665905,Paul Pereira SA SAS,FR0938633839288619576122868,4386.4,EUR,2025-04-15,2025-04-21,PO614290,U000,CC603,6063,False,none
INV00002237,414586850,Marty SA,FR6823124329212779979955271,413.36,EUR,2024-07-06,2024-07-08,PO870405,U018,CC669,6132,False,none
INV00003302,910430068,Collin SARL SARL,FR3438318491966553307704611,1264.62,EUR,2025-10-27,2025-11-03,PO646639,U021,CC854,6135,False,none
INV00002038,081219136,Bertrand SAS,FR8076627028951718702621745,1519.34,EUR,2025-01-22,2025-01-22,,U002,CC929,6181,False,none
INV00001529,721811437,Lebrun Boutin S.A. SCI,FR8889218785193583749079779,659.51,EUR,2024-04-08,2024-04-15,PO486851,U023,CC283,6065,False,none
INV00001663,229959001,Fernandez Bouchet S.A.S. SASU,FR3939774063356939290600780,1768.88,EUR,2025-05-28,2025-06-01,PO552798,U004,CC804,6063,False,none
INV00005085,669849027,Martins S.A.R.L. SARL,FR9481187233351040961497315,989.1,EUR,2024-06-15,2024-06-22,PO383542,U014,CC102,6132,True,under_threshold
INV00005104,189258831,Fontaine Menard S.A. SA,FR4259570861993145843456631,38759.48,EUR,2024-08-06,2024-08-08,PO247754,U022,CC546,6065,True,shared_iban_ring
INV00003627,792524191,Blanchard SARL,FR0476502412095790737100943,4712.99,EUR,2025-09-02,2025-09-08,PO827228,U015,CC906,6228,False,none
INV00004891,142939685,Labbé SARL EURL,FR9575230837081647090063353,9011.17,EUR,2025-07-14,2025-07-18,PO713208,U029,CC677,6061,False,none
INV00002693,988516560,Laroche S.A. SARL,FR6656770051844989266591846,3939.19,EUR,2024-07-03,2024-07-08,PO846900,U012,CC520,6065,False,none
INV00003060,059304078,Texier SAS,FR2176392836929445511668297,58.49,EUR,2024-11-27,2024-12-03,,U000,CC902,6065,False,none
INV00001597,109324808,Thibault EURL,FR0449375973832060385050641,412.25,EUR,2024-01-28,2024-01-31,,U013,CC181,6135,False,none
INV00002729,239431290,Diaz SAS,FR7139527536749785249141686,1171.86,EUR,2025-07-27,2025-08-01,,U011,CC492,6068,False,none
INV00002625,662462873,Moreau Royer S.A.S. SA,FR6513824967183258238687007,2015.25,EUR,2025-08-28,2025-08-30,PO790479,U028,CC497,6135,False,none
INV00003157,261990623,Georges SASU,FR9029884259959961002311775,184.72,EUR,2025-03-05,2025-03-12,PO192820,U007,CC888,6181,False,none
INV00003314,235116155,Guillon SA,FR5453287101226916697848018,744.42,EUR,2025-05-25,2025-05-31,PO195275,U003,CC784,6181,False,none
INV00001722,955439376,Vaillant S.A.R.L. SASU,FR2592082832308981388158814,10479.65,EUR,2025-09-29,2025-10-03,PO662146,U013,CC865,6061,False,none
INV00001059,881435368,Lombard EURL,FR3344983553935435864496392,1974.79,EUR,2024-09-28,2024-10-05,PO762951,U014,CC602,6065,False,none
INV00004636,651827553,Alexandre SARL SARL,FR4121269428946420362586314,1134.5,EUR,2024-01-25,2024-01-29,PO357227,U019,CC758,6135,False,none
INV00003242,737530011,Martineau Paris SA SASU,FR5433337320430977688936289,270.57,EUR,2025-06-24,2025-06-27,PO681908,U019,CC135,6068,False,none
INV00001678,934835642,Durand SAS,FR3839488488269131196425856,936.39,EUR,2024-12-04,2024-12-04,,U005,CC875,6063,False,none
INV00001757,728326842,Chevallier Lenoir et Fils SARL,FR3381228217819236534606056,694.24,EUR,2025-03-10,2025-03-15,,U013,CC892,6065,False,none
INV00004191,773592555,Lacombe EURL,FR6784795137116241124127238,403.43,EUR,2025-12-22,2025-12-28,,U019,CC949,6068,False,none
INV00000563,432225913,Ruiz Rémy SA SASU,FR8391090326714949819421794,134.53,EUR,2024-01-15,2024-01-18,PO150075,U026,CC750,6063,False,none
INV00002790,869261796,Bodin Lelièvre S.A.R.L. SCI,FR7421753540838663177971775,657.71,EUR,2025-05-15,2025-05-17,,U007,CC802,6065,False,none
INV00000863,890250392,Pinto SA SA,FR2776563600412577711837274,239.25,EUR,2024-02-01,2024-02-04,PO313464,U011,CC752,6132,False,none
INV00001484,547772522,Lefort Mary SARL SCI,FR3903342342583230241026153,17.73,EUR,2025-01-04,2025-01-06,PO890011,U013,CC959,6135,False,none
INV00000206,057202590,Gros SA,FR3823945354614707986321061,124.94,EUR,2025-02-21,2025-02-22,PO723879,U025,CC730,6068,False,none
INV00004488,814770054,Lombard Petitjean SA SA,FR4488147435031365024916300,2650.64,EUR,2025-03-21,2025-03-23,,U003,CC948,6065,False,none
INV00000870,074329271,Goncalves SA SARL,FR8234654950050702608698221,1597.46,EUR,2024-10-19,2024-10-23,PO451983,U014,CC602,6135,False,none
INV00004493,759579472,Allain Robin et Fils SARL,FR9137326530601198756178688,11077.37,EUR,2024-05-09,2024-05-10,PO427335,U008,CC810,6063,False,none
INV00000502,774348734,Perrot Paul SARL SCI,FR4914384249818299229959001,9960.64,EUR,2025-06-13,2025-06-16,PO232101,U020,CC621,6132,False,none
INV00001028,825128682,Diallo SARL,FR2041085628843188485200894,319.92,EUR,2024-04-20,2024-04-24,PO949011,U020,CC185,6063,False,none
INV00003840,525534192,Pereira et Fils EURL,FR4956670106513338726247317,1185.54,EUR,2024-07-21,2024-07-26,PO681252,U010,CC798,6061,False,none
INV00002690,165667010,Diaz Chrétien S.A.R.L. SARL,FR6109477752047116719022941,605.93,EUR,2025-07-10,2025-07-16,PO890520,U002,CC816,6228,False,none
INV00001570,895798687,Bigot SASU,FR0482911467866912517785289,6608.99,EUR,2024-07-30,2024-07-30,PO961331,U029,CC296,6065,False,none
INV00002773,977236929,Moreau EURL,FR7191767993593744039464083,2228.41,EUR,2025-12-07,2025-12-13,,U006,CC461,6063,False,none
INV00002731,928565431,Pereira S.A.S. SARL,FR1856945441496739385258001,7383.25,EUR,2025-03-24,2025-03-25,PO946998,U003,CC428,6228,False,none
INV00000804,468862392,Perret Pires S.A. EURL,FR0992518812520566474231220,4087.49,EUR,2024-08-23,2024-08-29,PO104359,U028,CC524,6061,False,none
INV00003645,081219136,Bertrand SAS,FR8076627028951718702621745,1326.29,EUR,2025-06-30,2025-07-04,PO832183,U001,CC379,6065,False,none
INV00002454,474687234,Vincent EURL,FR3185977034824771093248086,7093.99,EUR,2025-04-17,2025-04-21,PO361138,U013,CC221,6063,False,none
INV00004598,803397401,Michaud SARL,FR7526329676291603248413768,377.33,EUR,2024-10-23,2024-10-27,PO377393,U025,CC701,6068,False,none
INV00003104,249985698,Dufour Letellier S.A.R.L. SARL,FR0684245088210099688143536,4083.37,EUR,2025-09-16,2025-09-21,,U006,CC953,6135,False,none
INV00004875,691373678,Pereira S.A.R.L. SA,FR9831942268653694551588863,1805.87,EUR,2024-08-16,2024-08-17,,U018,CC323,6132,False,none
INV00000200,000257872,David et Fils SASU,FR4990714014011939325012495,5492.1,EUR,2024-02-09,2024-02-13,PO974774,U025,CC560,6061,False,none
INV00003099,233095849,Jacob Humbert S.A.S. SASU,FR3488788361968931350305872,3789.07,EUR,2025-12-04,2025-12-04,PO296919,U004,CC367,6135,False,none
INV00002278,237333433,Boulay SA,FR6802635582430176464489880,5408.02,EUR,2025-08-17,2025-08-18,PO859400,U004,CC322,6132,False,none
INV00003561,977008860,Bigot SCI,FR5865754602734151488814311,267.23,EUR,2025-11-26,2025-12-03,PO571413,U011,CC396,6135,False,none
INV00004474,684602235,Alexandre SARL,FR6536911289812317955633185,155.86,EUR,2024-04-30,2024-05-03,PO501630,U029,CC163,6135,False,none
INV00004514,267658617,Brun S.A. EURL,FR3210672872866041644859592,496.0,EUR,2025-06-03,2025-06-04,PO434232,U007,CC419,6228,False,none
INV00000391,357332214,Berger Guérin SARL SAS,FR0665911665535590425979270,1162.1,EUR,2024-12-28,2024-12-30,PO817555,U028,CC407,6068,False,none
INV00001495,961586578,Rousseau S.A.R.L. SA,FR3662676586179327104054115,989.38,EUR,2024-08-25,2024-08-30,PO531530,U008,CC370,6181,False,none
INV00002695,814770054,Lombard Petitjean SA SA,FR4488147435031365024916300,856.0,EUR,2024-01-12,2024-01-13,PO709722,U009,CC680,6228,False,none
INV00002027,341036971,Georges SA,FR1814586833901981794695489,787.13,EUR,2025-05-28,2025-06-03,PO232559,U000,CC965,6065,False,none
INV00002568,349361832,Henry SCI,FR7934074517133959629233095,1907.44,EUR,2025-07-01,2025-07-07,PO783899,U001,CC405,6181,False,none
INV00000064,187026217,Hoareau Le Gall et Fils EURL,FR7442209690295939172513552,488.77,EUR,2025-08-31,2025-08-31,PO277477,U011,CC731,6228,False,none
INV00003884,942788165,Hamel SAS,FR4686287203195419666450573,3252.4,EUR,2025-03-28,2025-04-01,PO817972,U011,CC343,6135,False,none
INV00002062,414586850,Marty SA,FR6823124329212779979955271,640.9,EUR,2025-09-12,2025-09-14,PO463881,U025,CC770,6132,False,none
INV00000492,417154544,Costa SA,FR5121641758231334845871493,1520.25,EUR,2025-11-10,2025-11-11,PO306440,U005,CC437,6132,False,none
INV00000379,887947055,Torres SASU,FR7873864631752071678112669,662.07,EUR,2024-08-07,2024-08-12,PO211222,U026,CC431,6065,False,none
INV00004859,896118367,Imbert EURL,FR9114141397552314913577594,170.11,EUR,2024-09-10,2024-09-17,PO736628,U003,CC931,6065,False,none
INV00003993,086353654,Rémy SAS,FR9096443098591679541072728,1149.22,EUR,2025-07-23,2025-07-24,PO842129,U006,CC614,6063,False,none
INV00004887,798552414,Boulay Bertin SARL SAS,FR9375749490228403595442947,236.62,EUR,2024-08-24,2024-08-26,PO278743,U005,CC438,6132,False,none
INV00001076,928565431,Pereira S.A.S. SARL,FR1856945441496739385258001,302.39,EUR,2025-09-11,2025-09-15,PO833640,U016,CC664,6132,False,none
INV00000878,057202590,Gros SA,FR3823945354614707986321061,352.25,EUR,2024-06-05,2024-06-12,PO931023,U025,CC455,6132,False,none
INV00000337,097289623,Loiseau SCI,FR9611877347784858800616756,525.47,EUR,2025-03-19,2025-03-21,PO698708,U023,CC612,6063,False,none
INV00001016,462638380,Bazin SARL,FR7716420595565749025042901,2743.01,EUR,2024-02-21,2024-02-24,PO978862,U017,CC505,6068,False,none
INV00001275,240084271,De Oliveira SASU,FR8171543799371240659657569,9228.25,EUR,2024-06-19,2024-06-19,PO121783,U027,CC726,6228,False,none
INV00003798,412528669,Daniel SAS,FR5611082555989534396112910,3761.17,EUR,2024-12-30,2024-12-31,PO413863,U004,CC694,6181,False,none
INV00004551,121003236,Klein Dumont S.A.S. EURL,FR6871114837537458438458810,2185.46,EUR,2025-09-01,2025-09-08,PO334195,U008,CC216,6061,False,none
INV00003342,673622660,Roux SASU,FR5376251538144744309634807,895.72,EUR,2024-02-04,2024-02-04,PO503030,U015,CC778,6132,False,none
INV00004911,571775140,Martel EURL,FR6524082226940539672757844,703.02,EUR,2024-07-29,2024-07-31,PO361608,U006,CC768,6063,False,none
INV00000995,803397401,Michaud SARL,FR7526329676291603248413768,3284.12,EUR,2024-05-02,2024-05-06,,U004,CC385,6063,False,none
INV00001981,896118367,Imbert EURL,FR9114141397552314913577594,474.88,EUR,2025-06-06,2025-06-10,PO811477,U023,CC270,6228,False,none
INV00004297,270866882,Mary Gros SARL SA,FR2428914161284639855474355,885.51,EUR,2024-04-13,2024-04-16,PO444523,U021,CC391,6061,False,none
INV00000161,363745458,Charrier Blondel et Fils EURL,FR7985725459606339912971024,987.43,EUR,2024-01-31,2024-02-07,PO348250,U022,CC613,6132,False,none
INV00004798,018451462,Godard S.A.R.L. SASU,FR2956981693406088356159514,287.78,EUR,2024-07-28,2024-07-31,PO831794,U002,CC659,6068,False,none
INV00001500,693801184,Delannoy EURL,FR2388995729893762974549303,225.6,EUR,2024-03-28,2024-03-30,PO175550,U008,CC227,6181,False,none
INV00003843,814770054,Lombard Petitjean SA SA,FR4488147435031365024916300,4727.16,EUR,2025-03-06,2025-03-13,PO723101,U022,CC154,6068,False,none
INV00002613,863840666,Peron SCI,FR9838843660443240061572768,754.44,EUR,2025-05-22,2025-05-22,PO478857,U013,CC298,6065,False,none
INV00003461,130756263,Lucas SASU,FR3367197889778280647969545,116.3,EUR,2024-06-01,2024-06-08,PO462723,U010,CC367,6132,False,none
INV00001021,881435368,Lombard EURL,FR3344983553935435864496392,2235.31,EUR,2025-06-17,2025-06-18,,U016,CC839,6181,False,none
INV00003073,870831727,Becker SCI,FR2373947312172715518844225,1721.55,EUR,2024-09-08,2024-09-12,PO131807,U026,CC497,6135,False,none
INV00003943,669346547,Neveu Costa S.A.S. SASU,FR8327490728012342893113253,475.69,EUR,2025-08-06,2025-08-13,,U023,CC872,6065,False,none
INV00001585,031051834,Germain SCI,FR0473545494808313678377701,1340.7,EUR,2025-04-17,2025-04-17,PO845920,U010,CC919,6135,False,none
INV00001955,895798687,Bigot SASU,FR0482911467866912517785289,242.08,EUR,2025-05-04,2025-05-08,PO728614,U001,CC488,6228,False,none
INV00003152,974801624,François EURL,FR9661064628792326487049478,158.24,EUR,2025-11-01,2025-11-04,PO193752,U029,CC159,6061,False,none
INV00000034,187026217,Hoareau Le Gall et Fils EURL,FR7442209690295939172513552,216.2,EUR,2025-10-24,2025-10-26,PO438270,U013,CC756,6135,False,none
INV00004014,528168505,Brunet Girard et Fils SCI,FR3367998136462251790864168,1182.17,EUR,2024-03-12,2024-03-18,PO660481,U024,CC602,6132,False,none
INV00000775,262244472,Royer Bouvet S.A. SASU,FR6364027011686462252237281,2618.54,EUR,2024-09-19,2024-09-24,PO815339,U013,CC618,6228,False,none
INV00002556,594013990,Toussaint EURL,FR2536110371293870051627136,3277.14,EUR,2024-04-14,2024-04-19,PO381233,U026,CC665,6181,False,none
INV00001478,825128682,Diallo SARL,FR2041085628843188485200894,426.7,EUR,2025-01-27,2025-01-31,PO928373,U021,CC289,6181,False,none
INV00001363,382997376,Benard EURL,FR4374443135182337498941343,849.59,EUR,2024-02-03,2024-02-07,PO896671,U021,CC569,6063,False,none
INV00002612,933472122,Hamon SASU,FR8116517680866281372143308,954.97,EUR,2024-07-18,2024-07-24,PO375016,U029,CC950,6135,False,none
INV00002824,445187053,Potier EURL,FR9459234268344149782661287,818.01,EUR,2025-08-13,2025-08-19,PO811218,U017,CC347,6061,False,none
INV00002041,663177971,Daniel Descamps et Fils SCI,FR3107139848228501168809255,1028.15,EUR,2024-01-30,2024-02-06,PO682308,U018,CC318,6181,False,none
INV00000241,661771159,Pascal EURL,FR1993466766506180919015814,1540.32,EUR,2025-03-06,2025-03-07,PO873199,U024,CC694,6068,False,none
INV00002061,533645257,Fischer Garnier S.A.S. SARL,FR6862633556434369709317069,1595.13,EUR,2024-08-10,2024-08-10,,U027,CC527,6061,False,none
INV00002363,157399305,Delmas SARL,FR4088255629657542786561942,220.28,EUR,2024-07-27,2024-07-27,PO174928,U014,CC863,6228,False,none
INV00000600,527047743,Aubry EURL,FR3775955872096289365435884,251.31,EUR,2025-09-14,2025-09-21,,U002,CC892,6181,False,none
INV00002435,656272980,Bazin Berger SA SARL,FR4113075626368970283857865,955.7,EUR,2025-05-06,2025-05-12,,U003,CC208,6063,False,none
INV00002888,262244472,Royer Bouvet S.A. SASU,FR6364027011686462252237281,753.2,EUR,2024-04-18,2024-04-25,PO407698,U000,CC879,6068,False,none
INV00000646,528168505,Brunet Girard et Fils SCI,FR3367998136462251790864168,615.65,EUR,2025-05-09,2025-05-10,PO933853,U017,CC289,6181,False,none
INV00003890,537735158,Leblanc SARL,FR5203758997571130554885102,228.11,EUR,2024-02-26,2024-03-02,PO726107,U012,CC563,6065,False,none
INV00003556,034505415,Berthelot SA,FR5814876963938276153966958,33598.05,EUR,2025-10-26,2025-10-30,PO456815,U003,CC898,6061,False,none
INV00003202,980500978,Guillet SARL,FR4837826398214658404499727,366.45,EUR,2025-12-01,2025-12-04,PO830797,U014,CC557,6068,False,none
INV00001528,910430068,Collin SARL SARL,FR3438318491966553307704611,970.7,EUR,2025-12-19,2025-12-20,PO921185,U005,CC646,6063,False,none
INV00001267,666676008,Langlois S.A.R.L. SASU,FR7942585917793238223116491,620.44,EUR,2024-02-26,2024-03-03,PO997555,U022,CC597,6135,False,none
INV00001899,142939685,Labbé SARL EURL,FR9575230837081647090063353,781.01,EUR,2025-01-10,2025-01-10,PO688521,U000,CC441,6068,False,none
INV00004658,199488375,Jacques S.A.R.L. SARL,FR9383625366677767555628333,239.47,EUR,2024-07-18,2024-07-24,PO287101,U013,CC813,6065,False,none
INV00003005,423536937,Delorme EURL,FR0759465217073033793375636,3582.2,EUR,2025-03-28,2025-03-28,PO187035,U009,CC979,6132,False,none
INV00002734,001338908,Henry EURL,FR6461559407816184959310341,1340.19,EUR,2024-05-13,2024-05-16,PO940076,U000,CC834,6132,False,none
INV00000189,317127484,Bonnin SARL,FR6871918261990623445655743,1749.53,EUR,2025-10-28,2025-11-04,,U029,CC305,6181,False,none
INV00001806,774348734,Perrot Paul SARL SCI,FR4914384249818299229959001,2240.46,EUR,2024-12-14,2024-12-15,PO510223,U011,CC474,6061,False,none
INV00000975,866618892,Payet SCI,FR0660880501716445561857906,751.07,EUR,2025-08-03,2025-08-06,PO539196,U007,CC683,6065,False,none
INV00002747,202970213,Bonnet SCI,FR5879290490471281442944401,1653.81,EUR,2025-12-08,2025-12-10,PO352674,U005,CC773,6063,False,none
INV00002047,616928451,Lemaître S.A.S. SCI,FR6208514036965666683272386,701.6,EUR,2025-09-28,2025-09-30,PO163413,U012,CC982,6132,False,none
INV00002558,369155942,Paul et Fils SCI,FR9212600308356691062715312,473.25,EUR,2025-10-05,2025-10-07,PO288935,U023,CC523,6061,False,none
INV00001082,731121965,Blondel SCI,FR6563128196482531106092098,290.4,EUR,2024-01-28,2024-02-03,PO355421,U008,CC840,6135,False,none
INV00000474,786103579,Delattre SARL SA,FR1881980770460568761124912,378.85,EUR,2025-09-30,2025-10-06,PO629342,U025,CC425,6135,False,none
INV00002904,909275326,Guillou Jacquet SARL SASU,FR2644630600025895529638639,3062.02,EUR,2024-02-18,2024-02-24,PO767861,U007,CC306,6061,False,none
INV00004843,225358414,Leconte Bertrand SA SA,FR1454364597010822078113799,600.97,EUR,2024-05-29,2024-05-30,PO784096,U009,CC308,6132,False,none
INV00004117,564139537,Parent S.A. SARL,FR0619399091699854353462475,1364.75,EUR,2024-07-15,2024-07-17,PO590463,U006,CC489,6181,False,none
INV00003385,313237058,Clément SASU,FR6173203093761847870050506,1240.1,EUR,2024-02-26,2024-02-27,PO192525,U017,CC497,6181,False,none
INV00004555,225358414,Leconte Bertrand SA SA,FR1454364597010822078113799,5998.82,EUR,2024-09-18,2024-09-22,PO730142,U006,CC885,6068,False,none
INV00001184,535218188,Ruiz SA,FR9334722820055778487282997,254.46,EUR,2025-07-22,2025-07-26,PO240807,U028,CC867,6063,False,none
INV00005051,669849027,Martins S.A.R.L. SARL,FR9481187233351040961497315,994.22,EUR,2024-06-15,2024-06-22,PO383542,U014,CC102,6132,True,under_threshold
INV00002433,404157473,Mace S.A.R.L. SAS,FR9500159416516231981898471,6825.72,EUR,2025-01-14,2025-01-15,PO731953,U026,CC407,6061,False,none
INV00002391,611254573,Étienne SARL SA,FR2742340163611284971859484,1265.96,EUR,2025-12-26,2025-12-30,PO378502,U001,CC482,6063,False,none
INV00000769,661771159,Pascal EURL,FR1993466766506180919015814,316.5,EUR,2025-03-15,2025-03-18,PO736356,U002,CC256,6228,False,none
INV00001685,038567700,Rémy SAS,FR1374223196463004023693626,1596.15,EUR,2025-08-17,2025-08-20,PO767594,U010,CC190,6135,False,none
INV00000130,863794026,Leconte Da Costa et Fils SCI,FR7019283276483503056413953,937.23,EUR,2024-03-16,2024-03-17,PO148381,U003,CC633,6132,False,none
INV00002919,001338908,Henry EURL,FR6461559407816184959310341,192.0,EUR,2025-10-14,2025-10-16,PO450772,U010,CC165,6068,False,none
INV00003171,717565512,Collet SCI,FR8703761379180552696582710,457.19,EUR,2025-05-06,2025-05-08,PO771952,U019,CC792,6061,False,none
INV00003444,523124329,Meyer SA,FR2200825478077406493085368,495.41,EUR,2024-09-21,2024-09-28,PO869724,U008,CC688,6135,False,none
INV00004426,235116155,Guillon SA,FR5453287101226916697848018,317.96,EUR,2024-01-21,2024-01-21,PO779511,U010,CC535,6065,False,none
INV00000466,759579472,Allain Robin et Fils SARL,FR9137326530601198756178688,1589.64,EUR,2024-11-18,2024-11-25,PO168637,U015,CC129,6181,False,none
INV00003092,379237474,Richard SCI,FR8299861622999119148564679,1849.49,EUR,2025-04-29,2025-05-01,PO965537,U004,CC127,6061,False,none
INV00003772,315869232,Arnaud S.A. SAS,FR4661201836675254599102290,935.85,EUR,2024-02-12,2024-02-17,PO749308,U018,CC681,6228,False,none
INV00000860,965756924,Gilbert SA,FR7316493289802714872717833,158.37,EUR,2024-07-17,2024-07-20,PO330246,U003,CC154,6061,False,none
